CommonName,TaxonomicGroup,MaxStatus,State,RegionCentroidLatitude,RegionCentroidLongitude,ManagementCategory,TimeSeriesID
"Eastern Quoll, Luaner",Mammals,Endangered,Tasmania,-41.42075532,145.788359,Actively managed,962_267_1864_354655_m_101
"Eastern Quoll, Luaner",Mammals,Endangered,Tasmania,-42.65599782,147.7519754,Actively managed,962_267_1864_354656_m_101
Dugong,Mammals,Vulnerable,Western Australia,-25.01534752,114.4114369,Unknown,947_2_10_251833_m_108
Dugong,Mammals,Vulnerable,Western Australia,-22.40506269,114.4195664,Unknown,947_2_10_251834_m_108
Dugong,Mammals,Vulnerable,Western Australia,-22.40506269,114.4195664,Unknown,947_2_10_251835_m_108
Southern Right Whale,Mammals,Endangered,Victoria,-38.51214642,142.5392623,Actively managed,1038_113_2004_269080_m_111
"Eastern False Pipistrelle, Eastern Falsistrelle",Mammals,Vulnerable,South Australia,-36.95318691,140.406113,Unknown,1372_406_2419_896923_m_113
"Eastern False Pipistrelle, Eastern Falsistrelle",Mammals,Vulnerable,South Australia,-37.60960905,140.826159,Unknown,1372_406_2419_896959_m_113
"Eastern False Pipistrelle, Eastern Falsistrelle",Mammals,Vulnerable,South Australia,-37.60960905,140.826159,Unknown,1372_406_2419_896971_m_113
"Eastern False Pipistrelle, Eastern Falsistrelle",Mammals,Vulnerable,Victoria,-37.74514328,141.2276395,Unknown,1372_406_2419_896983_m_113
"Eastern False Pipistrelle, Eastern Falsistrelle",Mammals,Vulnerable,Victoria,-37.74514328,141.2276395,Unknown,1372_406_2419_896995_m_113
"Eastern False Pipistrelle, Eastern Falsistrelle",Mammals,Vulnerable,Victoria,-37.74514328,141.2276395,Unknown,1372_406_2419_897031_m_113
"Eastern False Pipistrelle, Eastern Falsistrelle",Mammals,Vulnerable,Victoria,-37.46378375,141.8875845,Unknown,1372_406_2419_897043_m_113
"Eastern False Pipistrelle, Eastern Falsistrelle",Mammals,Vulnerable,Victoria,-37.74514328,141.2276395,Unknown,1372_406_2419_897055_m_113
"Eastern False Pipistrelle, Eastern Falsistrelle",Mammals,Vulnerable,Victoria,-37.46378375,141.8875845,Unknown,1372_406_2419_897067_m_113
"Eastern False Pipistrelle, Eastern Falsistrelle",Mammals,Vulnerable,Victoria,-37.46378375,141.8875845,Unknown,1372_406_2419_897079_m_113
"Eastern False Pipistrelle, Eastern Falsistrelle",Mammals,Vulnerable,Victoria,-37.74514328,141.2276395,Unknown,1372_406_2419_897115_m_113
"Eastern False Pipistrelle, Eastern Falsistrelle",Mammals,Vulnerable,Victoria,-37.74514328,141.2276395,Unknown,1372_406_2419_897127_m_113
"Eastern False Pipistrelle, Eastern Falsistrelle",Mammals,Vulnerable,Victoria,-37.74514328,141.2276395,Unknown,1372_406_2419_897151_m_113
"Eastern False Pipistrelle, Eastern Falsistrelle",Mammals,Vulnerable,Victoria,-37.74514328,141.2276395,Unknown,1372_406_2419_897187_m_113
"Eastern False Pipistrelle, Eastern Falsistrelle",Mammals,Vulnerable,Victoria,-37.74514328,141.2276395,Unknown,1372_406_2419_897223_m_113
"Eastern False Pipistrelle, Eastern Falsistrelle",Mammals,Vulnerable,Victoria,-37.74514328,141.2276395,Unknown,1372_406_2419_897235_m_113
"Eastern False Pipistrelle, Eastern Falsistrelle",Mammals,Vulnerable,Victoria,-37.74514328,141.2276395,Unknown,1372_406_2419_897247_m_113
"Eastern False Pipistrelle, Eastern Falsistrelle",Mammals,Vulnerable,Victoria,-37.74514328,141.2276395,Unknown,1372_406_2419_897259_m_113
"Eastern False Pipistrelle, Eastern Falsistrelle",Mammals,Vulnerable,Victoria,-37.74514328,141.2276395,Unknown,1372_406_2419_897295_m_113
"Eastern False Pipistrelle, Eastern Falsistrelle",Mammals,Vulnerable,Victoria,-37.74514328,141.2276395,Unknown,1372_406_2419_897307_m_113
"Eastern False Pipistrelle, Eastern Falsistrelle",Mammals,Vulnerable,Victoria,-37.74514328,141.2276395,Unknown,1372_406_2419_897319_m_113
"Eastern False Pipistrelle, Eastern Falsistrelle",Mammals,Vulnerable,Victoria,-37.74514328,141.2276395,Unknown,1372_406_2419_897331_m_113
"Eastern False Pipistrelle, Eastern Falsistrelle",Mammals,Vulnerable,Victoria,-37.74514328,141.2276395,Unknown,1372_406_2419_897367_m_113
"Eastern False Pipistrelle, Eastern Falsistrelle",Mammals,Vulnerable,Victoria,-37.74514328,141.2276395,Unknown,1372_406_2419_897379_m_113
"Eastern False Pipistrelle, Eastern Falsistrelle",Mammals,Vulnerable,Victoria,-37.74514328,141.2276395,Unknown,1372_406_2419_897391_m_113
"Eastern False Pipistrelle, Eastern Falsistrelle",Mammals,Vulnerable,Victoria,-37.74514328,141.2276395,Unknown,1372_406_2419_897415_m_113
"Eastern False Pipistrelle, Eastern Falsistrelle",Mammals,Vulnerable,Victoria,-37.74514328,141.2276395,Unknown,1372_406_2419_897427_m_113
"Eastern False Pipistrelle, Eastern Falsistrelle",Mammals,Vulnerable,Victoria,-37.74514328,141.2276395,Unknown,1372_406_2419_897439_m_113
"Eastern False Pipistrelle, Eastern Falsistrelle",Mammals,Vulnerable,Victoria,-37.74514328,141.2276395,Unknown,1372_406_2419_897451_m_113
"Eastern False Pipistrelle, Eastern Falsistrelle",Mammals,Vulnerable,Victoria,-37.74514328,141.2276395,Unknown,1372_406_2419_897463_m_113
"Eastern False Pipistrelle, Eastern Falsistrelle",Mammals,Vulnerable,Victoria,-37.74514328,141.2276395,Unknown,1372_406_2419_897475_m_113
"Eastern False Pipistrelle, Eastern Falsistrelle",Mammals,Vulnerable,Victoria,-37.74514328,141.2276395,Unknown,1372_406_2419_897487_m_113
"Eastern False Pipistrelle, Eastern Falsistrelle",Mammals,Vulnerable,Victoria,-37.74514328,141.2276395,Unknown,1372_406_2419_897499_m_113
"Eastern False Pipistrelle, Eastern Falsistrelle",Mammals,Vulnerable,Victoria,-37.74514328,141.2276395,Unknown,1372_406_2419_897511_m_113
"Eastern False Pipistrelle, Eastern Falsistrelle",Mammals,Vulnerable,South Australia,-37.60960905,140.826159,Unknown,1372_406_2419_897523_m_113
"Eastern False Pipistrelle, Eastern Falsistrelle",Mammals,Vulnerable,South Australia,-37.60960905,140.826159,Unknown,1372_406_2419_897535_m_113
"Eastern False Pipistrelle, Eastern Falsistrelle",Mammals,Vulnerable,South Australia,-37.60960905,140.826159,Unknown,1372_406_2419_897547_m_113
"Eastern False Pipistrelle, Eastern Falsistrelle",Mammals,Vulnerable,South Australia,-37.60960905,140.826159,Unknown,1372_406_2419_897559_m_113
"Eastern False Pipistrelle, Eastern Falsistrelle",Mammals,Vulnerable,Victoria,-37.74514328,141.2276395,Unknown,1372_406_2419_897583_m_113
"Eastern False Pipistrelle, Eastern Falsistrelle",Mammals,Vulnerable,Victoria,-37.74514328,141.2276395,Unknown,1372_406_2419_897595_m_113
"Eastern False Pipistrelle, Eastern Falsistrelle",Mammals,Vulnerable,Victoria,-37.74514328,141.2276395,Unknown,1372_406_2419_897643_m_113
"Eastern False Pipistrelle, Eastern Falsistrelle",Mammals,Vulnerable,Victoria,-37.74514328,141.2276395,Unknown,1372_406_2419_897655_m_113
"Eastern False Pipistrelle, Eastern Falsistrelle",Mammals,Vulnerable,Victoria,-37.74514328,141.2276395,Unknown,1372_406_2419_897667_m_113
"Eastern False Pipistrelle, Eastern Falsistrelle",Mammals,Vulnerable,Victoria,-37.74514328,141.2276395,Unknown,1372_406_2419_897679_m_113
"Eastern False Pipistrelle, Eastern Falsistrelle",Mammals,Vulnerable,Victoria,-37.74514328,141.2276395,Unknown,1372_406_2419_897691_m_113
"Eastern False Pipistrelle, Eastern Falsistrelle",Mammals,Vulnerable,Victoria,-37.74514328,141.2276395,Unknown,1372_406_2419_897703_m_113
"Eastern False Pipistrelle, Eastern Falsistrelle",Mammals,Vulnerable,Victoria,-37.74514328,141.2276395,Unknown,1372_406_2419_897715_m_113
"Eastern False Pipistrelle, Eastern Falsistrelle",Mammals,Vulnerable,Victoria,-37.74514328,141.2276395,Unknown,1372_406_2419_897727_m_113
"Eastern False Pipistrelle, Eastern Falsistrelle",Mammals,Vulnerable,Victoria,-37.74514328,141.2276395,Unknown,1372_406_2419_897739_m_113
"Eastern False Pipistrelle, Eastern Falsistrelle",Mammals,Vulnerable,Victoria,-37.74514328,141.2276395,Unknown,1372_406_2419_897751_m_113
"Eastern False Pipistrelle, Eastern Falsistrelle",Mammals,Vulnerable,Victoria,-37.74514328,141.2276395,Unknown,1372_406_2419_897775_m_113
"Eastern False Pipistrelle, Eastern Falsistrelle",Mammals,Vulnerable,Victoria,-37.74514328,141.2276395,Unknown,1372_406_2419_897811_m_113
"Eastern False Pipistrelle, Eastern Falsistrelle",Mammals,Vulnerable,Victoria,-37.74514328,141.2276395,Unknown,1372_406_2419_897871_m_113
"Eastern False Pipistrelle, Eastern Falsistrelle",Mammals,Vulnerable,Victoria,-37.74514328,141.2276395,Unknown,1372_406_2419_897895_m_113
"Eastern False Pipistrelle, Eastern Falsistrelle",Mammals,Vulnerable,Victoria,-37.74514328,141.2276395,Unknown,1372_406_2419_897931_m_113
"Eastern False Pipistrelle, Eastern Falsistrelle",Mammals,Vulnerable,Victoria,-37.74514328,141.2276395,Unknown,1372_406_2419_897955_m_113
"Eastern False Pipistrelle, Eastern Falsistrelle",Mammals,Vulnerable,Victoria,-37.74514328,141.2276395,Unknown,1372_406_2419_897979_m_113
"Eastern False Pipistrelle, Eastern Falsistrelle",Mammals,Vulnerable,Victoria,-37.74514328,141.2276395,Unknown,1372_406_2419_897991_m_113
"Eastern False Pipistrelle, Eastern Falsistrelle",Mammals,Vulnerable,Victoria,-37.74514328,141.2276395,Unknown,1372_406_2419_898003_m_113
"Eastern False Pipistrelle, Eastern Falsistrelle",Mammals,Vulnerable,Victoria,-37.46378375,141.8875845,Unknown,1372_406_2419_898015_m_113
"Eastern False Pipistrelle, Eastern Falsistrelle",Mammals,Vulnerable,Victoria,-37.46378375,141.8875845,Unknown,1372_406_2419_898027_m_113
"Eastern False Pipistrelle, Eastern Falsistrelle",Mammals,Vulnerable,Victoria,-37.46378375,141.8875845,Unknown,1372_406_2419_898039_m_113
"Eastern False Pipistrelle, Eastern Falsistrelle",Mammals,Vulnerable,Victoria,-37.46378375,141.8875845,Unknown,1372_406_2419_898051_m_113
"Eastern False Pipistrelle, Eastern Falsistrelle",Mammals,Vulnerable,Victoria,-37.74514328,141.2276395,Unknown,1372_406_2419_898075_m_113
"Eastern False Pipistrelle, Eastern Falsistrelle",Mammals,Vulnerable,Victoria,-37.74514328,141.2276395,Unknown,1372_406_2419_898087_m_113
"Eastern False Pipistrelle, Eastern Falsistrelle",Mammals,Vulnerable,Victoria,-37.74514328,141.2276395,Unknown,1372_406_2419_898099_m_113
"Eastern False Pipistrelle, Eastern Falsistrelle",Mammals,Vulnerable,Victoria,-37.74514328,141.2276395,Unknown,1372_406_2419_898111_m_113
"Eastern False Pipistrelle, Eastern Falsistrelle",Mammals,Vulnerable,Victoria,-37.74514328,141.2276395,Unknown,1372_406_2419_898123_m_113
"Eastern False Pipistrelle, Eastern Falsistrelle",Mammals,Vulnerable,Victoria,-37.74514328,141.2276395,Unknown,1372_406_2419_898135_m_113
"Eastern False Pipistrelle, Eastern Falsistrelle",Mammals,Vulnerable,Victoria,-37.74514328,141.2276395,Unknown,1372_406_2419_898171_m_113
"Eastern False Pipistrelle, Eastern Falsistrelle",Mammals,Vulnerable,Victoria,-37.74514328,141.2276395,Unknown,1372_406_2419_898183_m_113
"Eastern False Pipistrelle, Eastern Falsistrelle",Mammals,Vulnerable,Victoria,-37.46378375,141.8875845,Unknown,1372_406_2419_898207_m_113
"Eastern False Pipistrelle, Eastern Falsistrelle",Mammals,Vulnerable,Victoria,-37.74514328,141.2276395,Unknown,1372_406_2419_898219_m_113
"Eastern False Pipistrelle, Eastern Falsistrelle",Mammals,Vulnerable,Victoria,-37.46378375,141.8875845,Unknown,1372_406_2419_898243_m_113
"Eastern False Pipistrelle, Eastern Falsistrelle",Mammals,Vulnerable,Victoria,-37.74514328,141.2276395,Unknown,1372_406_2419_898267_m_113
"Eastern False Pipistrelle, Eastern Falsistrelle",Mammals,Vulnerable,Victoria,-37.74514328,141.2276395,Unknown,1372_406_2419_898279_m_113
"Eastern False Pipistrelle, Eastern Falsistrelle",Mammals,Vulnerable,Victoria,-37.74514328,141.2276395,Unknown,1372_406_2419_898303_m_113
"Eastern False Pipistrelle, Eastern Falsistrelle",Mammals,Vulnerable,Victoria,-37.74514328,141.2276395,Unknown,1372_406_2419_898363_m_113
"Eastern False Pipistrelle, Eastern Falsistrelle",Mammals,Vulnerable,Victoria,-37.74514328,141.2276395,Unknown,1372_406_2419_898387_m_113
"Eastern False Pipistrelle, Eastern Falsistrelle",Mammals,Vulnerable,Victoria,-37.74514328,141.2276395,Unknown,1372_406_2419_898399_m_113
"Eastern False Pipistrelle, Eastern Falsistrelle",Mammals,Vulnerable,Victoria,-37.74514328,141.2276395,Unknown,1372_406_2419_898411_m_113
"Eastern False Pipistrelle, Eastern Falsistrelle",Mammals,Vulnerable,Victoria,-37.74514328,141.2276395,Unknown,1372_406_2419_898435_m_113
"Eastern False Pipistrelle, Eastern Falsistrelle",Mammals,Vulnerable,Victoria,-37.74514328,141.2276395,Unknown,1372_406_2419_898447_m_113
"Eastern False Pipistrelle, Eastern Falsistrelle",Mammals,Vulnerable,Victoria,-37.74514328,141.2276395,Unknown,1372_406_2419_898459_m_113
"Eastern False Pipistrelle, Eastern Falsistrelle",Mammals,Vulnerable,Victoria,-37.74514328,141.2276395,Unknown,1372_406_2419_898471_m_113
"Eastern False Pipistrelle, Eastern Falsistrelle",Mammals,Vulnerable,Victoria,-37.74514328,141.2276395,Unknown,1372_406_2419_898483_m_113
Leadbeater's Possum,Mammals,Critically Endangered,Victoria,-37.67163105,146.4117217,Actively managed,637_2_456_269263_m_119
Leadbeater's Possum,Mammals,Critically Endangered,Victoria,-37.67163105,146.4117217,Actively managed,637_2_456_269264_m_119
Leadbeater's Possum,Mammals,Critically Endangered,Victoria,-37.67163105,146.4117217,Actively managed,637_2_456_269265_m_119
Leadbeater's Possum,Mammals,Critically Endangered,Victoria,-37.67163105,146.4117217,Actively managed,637_2_456_269266_m_119
Leadbeater's Possum,Mammals,Critically Endangered,Victoria,-37.67163105,146.4117217,Actively managed,637_2_456_269267_m_119
Leadbeater's Possum,Mammals,Critically Endangered,Victoria,-37.67163105,146.4117217,Actively managed,637_2_456_269268_m_119
Leadbeater's Possum,Mammals,Critically Endangered,Victoria,-37.67163105,146.4117217,Actively managed,637_2_456_269269_m_119
Leadbeater's Possum,Mammals,Critically Endangered,Victoria,-37.67163105,146.4117217,Actively managed,637_2_456_269270_m_119
Leadbeater's Possum,Mammals,Critically Endangered,Victoria,-37.67163105,146.4117217,Actively managed,637_2_456_269271_m_119
Leadbeater's Possum,Mammals,Critically Endangered,Victoria,-37.67163105,146.4117217,Actively managed,637_2_456_269272_m_119
Leadbeater's Possum,Mammals,Critically Endangered,Victoria,-37.67163105,146.4117217,Actively managed,637_2_456_269273_m_119
Leadbeater's Possum,Mammals,Critically Endangered,Victoria,-37.67163105,146.4117217,Actively managed,637_2_456_269274_m_119
Leadbeater's Possum,Mammals,Critically Endangered,Victoria,-37.67163105,146.4117217,Actively managed,637_2_456_269275_m_119
Leadbeater's Possum,Mammals,Critically Endangered,Victoria,-37.67163105,146.4117217,Actively managed,637_2_456_269276_m_119
Leadbeater's Possum,Mammals,Critically Endangered,Victoria,-37.67163105,146.4117217,Actively managed,637_2_456_269277_m_119
Leadbeater's Possum,Mammals,Critically Endangered,Victoria,-37.67163105,146.4117217,Actively managed,637_2_456_269278_m_119
Leadbeater's Possum,Mammals,Critically Endangered,Victoria,-37.67163105,146.4117217,Actively managed,637_2_456_269279_m_119
Leadbeater's Possum,Mammals,Critically Endangered,Victoria,-37.67163105,146.4117217,Actively managed,637_2_456_269280_m_119
Leadbeater's Possum,Mammals,Critically Endangered,Victoria,-37.67163105,146.4117217,Actively managed,637_2_456_269281_m_119
Golden Bandicoot (mainland),Mammals,Vulnerable,Western Australia,-15.26774165,125.3795586,Actively managed,655_89_2495_943060_m_137
Golden Bandicoot (mainland),Mammals,Vulnerable,Western Australia,-15.26774165,125.3795586,Actively managed,655_89_2495_943063_m_137
Golden Bandicoot (mainland),Mammals,Vulnerable,Western Australia,-15.26774165,125.3795586,Actively managed,655_89_2495_943064_m_137
Golden Bandicoot (mainland),Mammals,Vulnerable,Western Australia,-15.26774165,125.3795586,Actively managed,655_89_2495_943065_m_137
Golden Bandicoot (mainland),Mammals,Vulnerable,Western Australia,-15.26774165,125.3795586,Actively managed,655_89_2495_943066_m_137
Golden Bandicoot (mainland),Mammals,Vulnerable,Western Australia,-15.26774165,125.3795586,Actively managed,655_89_2495_943067_m_137
Golden Bandicoot (mainland),Mammals,Vulnerable,Western Australia,-15.26774165,125.3795586,Actively managed,655_89_2495_943068_m_137
Golden Bandicoot (mainland),Mammals,Vulnerable,Western Australia,-15.26774165,125.3795586,Actively managed,655_89_2495_943069_m_137
Golden Bandicoot (mainland),Mammals,Vulnerable,Western Australia,-15.26774165,125.3795586,Actively managed,655_89_2495_943070_m_137
Golden Bandicoot (mainland),Mammals,Vulnerable,Western Australia,-15.26774165,125.3795586,Actively managed,655_89_2495_943071_m_137
Golden Bandicoot (mainland),Mammals,Vulnerable,Western Australia,-15.26774165,125.3795586,Actively managed,655_89_2495_943072_m_137
Golden Bandicoot (mainland),Mammals,Vulnerable,Western Australia,-15.26774165,125.3795586,Actively managed,655_89_2495_943073_m_137
Golden Bandicoot (mainland),Mammals,Vulnerable,Western Australia,-15.26774165,125.3795586,Actively managed,655_89_2495_943074_m_137
Golden Bandicoot (mainland),Mammals,Vulnerable,Western Australia,-15.26774165,125.3795586,Actively managed,655_89_2495_943075_m_137
Golden Bandicoot (mainland),Mammals,Vulnerable,Western Australia,-15.26774165,125.3795586,Actively managed,655_89_2495_943076_m_137
Golden Bandicoot (mainland),Mammals,Vulnerable,Western Australia,-15.26774165,125.3795586,Actively managed,655_89_2495_943077_m_137
Golden Bandicoot (mainland),Mammals,Vulnerable,Western Australia,-15.26774165,125.3795586,No management,655_89_2495_943078_m_137
Golden Bandicoot (mainland),Mammals,Vulnerable,Western Australia,-15.26774165,125.3795586,No management,655_89_2495_943079_m_137
Golden Bandicoot (mainland),Mammals,Vulnerable,Western Australia,-15.26774165,125.3795586,No management,655_89_2495_943080_m_137
Golden Bandicoot (mainland),Mammals,Vulnerable,Western Australia,-15.26774165,125.3795586,No management,655_89_2495_943081_m_137
Golden Bandicoot (Barrow Island),Mammals,Vulnerable,Western Australia,-20.66052834,117.0795967,Actively managed,612_97_2261_455513_m_138
"Southern Brown Bandicoot (eastern), Southern Brown Bandicoot (south-eastern)",Mammals,Endangered,New South Wales,-36.53324171,149.7389788,Actively managed,950_3_486_257572_m_145
"Southern Brown Bandicoot (eastern), Southern Brown Bandicoot (south-eastern)",Mammals,Endangered,New South Wales,-36.53324171,149.7389788,No management,950_3_486_257573_m_145
"Southern Brown Bandicoot (eastern), Southern Brown Bandicoot (south-eastern)",Mammals,Endangered,Victoria,-37.25678172,142.3822528,Actively managed,1456_539_2677_951337_m_145
"Southern Brown Bandicoot (eastern), Southern Brown Bandicoot (south-eastern)",Mammals,Endangered,Victoria,-37.25678172,142.3822528,Actively managed,1456_539_2677_951339_m_145
"Southern Brown Bandicoot (eastern), Southern Brown Bandicoot (south-eastern)",Mammals,Endangered,Victoria,-37.25678172,142.3822528,Actively managed,1456_539_2677_951342_m_145
"Southern Brown Bandicoot (eastern), Southern Brown Bandicoot (south-eastern)",Mammals,Endangered,Victoria,-37.25678172,142.3822528,Actively managed,1456_539_2677_951348_m_145
"Southern Brown Bandicoot (eastern), Southern Brown Bandicoot (south-eastern)",Mammals,Endangered,Victoria,-37.25678172,142.3822528,Actively managed,1456_539_2677_951350_m_145
"Southern Brown Bandicoot (eastern), Southern Brown Bandicoot (south-eastern)",Mammals,Endangered,Victoria,-37.25678172,142.3822528,Actively managed,1456_539_2677_951354_m_145
"Southern Brown Bandicoot (eastern), Southern Brown Bandicoot (south-eastern)",Mammals,Endangered,Victoria,-37.25678172,142.3822528,Actively managed,1456_539_2677_951358_m_145
"Southern Brown Bandicoot (eastern), Southern Brown Bandicoot (south-eastern)",Mammals,Endangered,Victoria,-37.25678172,142.3822528,Actively managed,1456_539_2677_951360_m_145
"Southern Brown Bandicoot (eastern), Southern Brown Bandicoot (south-eastern)",Mammals,Endangered,Victoria,-37.25678172,142.3822528,Actively managed,1456_539_2677_951361_m_145
"Southern Brown Bandicoot (eastern), Southern Brown Bandicoot (south-eastern)",Mammals,Endangered,Victoria,-37.25678172,142.3822528,Actively managed,1456_539_2677_951363_m_145
"Southern Brown Bandicoot (eastern), Southern Brown Bandicoot (south-eastern)",Mammals,Endangered,Victoria,-37.25678172,142.3822528,Actively managed,1456_539_2677_951370_m_145
"Southern Brown Bandicoot (eastern), Southern Brown Bandicoot (south-eastern)",Mammals,Endangered,Victoria,-37.25678172,142.3822528,Actively managed,1456_539_2677_951371_m_145
"Southern Brown Bandicoot (eastern), Southern Brown Bandicoot (south-eastern)",Mammals,Endangered,South Australia,-35.92920857,137.2437819,Unknown,1502_2_392_955916_m_145
"Southern Brown Bandicoot (eastern), Southern Brown Bandicoot (south-eastern)",Mammals,Endangered,South Australia,-35.92920857,137.2437819,Unknown,1502_2_392_955917_m_145
"Southern Brown Bandicoot (eastern), Southern Brown Bandicoot (south-eastern)",Mammals,Endangered,South Australia,-35.92920857,137.2437819,Unknown,1502_2_392_955921_m_145
"Southern Brown Bandicoot (eastern), Southern Brown Bandicoot (south-eastern)",Mammals,Endangered,South Australia,-35.92920857,137.2437819,Unknown,1502_2_392_955922_m_145
"Southern Brown Bandicoot (eastern), Southern Brown Bandicoot (south-eastern)",Mammals,Endangered,South Australia,-35.92920857,137.2437819,Unknown,1502_2_392_955924_m_145
"Southern Brown Bandicoot (eastern), Southern Brown Bandicoot (south-eastern)",Mammals,Endangered,South Australia,-35.92920857,137.2437819,Unknown,1502_2_392_955926_m_145
"Southern Brown Bandicoot (eastern), Southern Brown Bandicoot (south-eastern)",Mammals,Endangered,South Australia,-35.92920857,137.2437819,Unknown,1502_2_392_955928_m_145
"Southern Brown Bandicoot (eastern), Southern Brown Bandicoot (south-eastern)",Mammals,Endangered,South Australia,-35.92920857,137.2437819,Unknown,1502_2_392_955933_m_145
"Southern Brown Bandicoot (eastern), Southern Brown Bandicoot (south-eastern)",Mammals,Endangered,South Australia,-35.92920857,137.2437819,Unknown,1502_2_392_955934_m_145
"Southern Brown Bandicoot (eastern), Southern Brown Bandicoot (south-eastern)",Mammals,Endangered,South Australia,-35.92920857,137.2437819,Unknown,1502_2_392_955936_m_145
"Southern Brown Bandicoot (eastern), Southern Brown Bandicoot (south-eastern)",Mammals,Endangered,South Australia,-35.92920857,137.2437819,Unknown,1502_2_392_955938_m_145
"Southern Brown Bandicoot (eastern), Southern Brown Bandicoot (south-eastern)",Mammals,Endangered,South Australia,-35.92920857,137.2437819,Unknown,1502_2_392_955942_m_145
"Southern Brown Bandicoot (eastern), Southern Brown Bandicoot (south-eastern)",Mammals,Endangered,South Australia,-35.92920857,137.2437819,Unknown,1502_2_392_955944_m_145
"Southern Brown Bandicoot (eastern), Southern Brown Bandicoot (south-eastern)",Mammals,Endangered,South Australia,-35.92920857,137.2437819,Unknown,1502_2_392_955946_m_145
"Southern Brown Bandicoot (eastern), Southern Brown Bandicoot (south-eastern)",Mammals,Endangered,South Australia,-35.92920857,137.2437819,Unknown,1502_2_392_955948_m_145
"Southern Brown Bandicoot (eastern), Southern Brown Bandicoot (south-eastern)",Mammals,Endangered,South Australia,-35.92920857,137.2437819,Unknown,1502_2_392_955949_m_145
"Southern Brown Bandicoot (eastern), Southern Brown Bandicoot (south-eastern)",Mammals,Endangered,South Australia,-35.92920857,137.2437819,Unknown,1502_2_392_955950_m_145
"Southern Brown Bandicoot (eastern), Southern Brown Bandicoot (south-eastern)",Mammals,Endangered,South Australia,-35.92920857,137.2437819,Unknown,1502_2_392_955951_m_145
"Southern Brown Bandicoot (eastern), Southern Brown Bandicoot (south-eastern)",Mammals,Endangered,South Australia,-35.92920857,137.2437819,Unknown,1502_2_392_955952_m_145
"Southern Brown Bandicoot (eastern), Southern Brown Bandicoot (south-eastern)",Mammals,Endangered,South Australia,-35.92920857,137.2437819,Unknown,1502_2_392_955953_m_145
"Southern Brown Bandicoot (eastern), Southern Brown Bandicoot (south-eastern)",Mammals,Endangered,South Australia,-35.92920857,137.2437819,Unknown,1502_2_392_955955_m_145
"Southern Brown Bandicoot (eastern), Southern Brown Bandicoot (south-eastern)",Mammals,Endangered,South Australia,-35.92920857,137.2437819,Unknown,1502_2_392_955956_m_145
"Southern Brown Bandicoot (eastern), Southern Brown Bandicoot (south-eastern)",Mammals,Endangered,South Australia,-35.92920857,137.2437819,Unknown,1502_2_392_955957_m_145
"Southern Brown Bandicoot (eastern), Southern Brown Bandicoot (south-eastern)",Mammals,Endangered,South Australia,-35.92920857,137.2437819,Unknown,1502_2_392_955958_m_145
"Southern Brown Bandicoot (eastern), Southern Brown Bandicoot (south-eastern)",Mammals,Endangered,South Australia,-35.92920857,137.2437819,Unknown,1502_2_392_955962_m_145
"Southern Brown Bandicoot (eastern), Southern Brown Bandicoot (south-eastern)",Mammals,Endangered,South Australia,-35.92920857,137.2437819,Unknown,1502_2_392_955963_m_145
"Southern Brown Bandicoot (eastern), Southern Brown Bandicoot (south-eastern)",Mammals,Endangered,South Australia,-35.92920857,137.2437819,Unknown,1502_2_392_955964_m_145
"Southern Brown Bandicoot (eastern), Southern Brown Bandicoot (south-eastern)",Mammals,Endangered,South Australia,-35.92920857,137.2437819,Unknown,1502_2_392_955965_m_145
"Southern Brown Bandicoot (eastern), Southern Brown Bandicoot (south-eastern)",Mammals,Endangered,South Australia,-35.92920857,137.2437819,Unknown,1502_2_392_955975_m_145
"Southern Brown Bandicoot (eastern), Southern Brown Bandicoot (south-eastern)",Mammals,Endangered,South Australia,-35.92920857,137.2437819,Unknown,1502_2_392_955978_m_145
"Southern Brown Bandicoot (eastern), Southern Brown Bandicoot (south-eastern)",Mammals,Endangered,South Australia,-35.92920857,137.2437819,Unknown,1502_2_392_955979_m_145
"Southern Brown Bandicoot (eastern), Southern Brown Bandicoot (south-eastern)",Mammals,Endangered,South Australia,-35.92920857,137.2437819,Unknown,1502_2_392_955981_m_145
"Southern Brown Bandicoot (eastern), Southern Brown Bandicoot (south-eastern)",Mammals,Endangered,South Australia,-35.92920857,137.2437819,Unknown,1502_2_392_955982_m_145
"Southern Brown Bandicoot (eastern), Southern Brown Bandicoot (south-eastern)",Mammals,Endangered,South Australia,-35.92920857,137.2437819,Unknown,1502_2_392_955988_m_145
"Southern Brown Bandicoot (eastern), Southern Brown Bandicoot (south-eastern)",Mammals,Endangered,South Australia,-35.92920857,137.2437819,Unknown,1502_2_392_955991_m_145
"Southern Brown Bandicoot (eastern), Southern Brown Bandicoot (south-eastern)",Mammals,Endangered,Victoria,-37.75060845,148.9293261,Unknown,1504_2_403_961214_m_145
"Southern Brown Bandicoot (eastern), Southern Brown Bandicoot (south-eastern)",Mammals,Endangered,Victoria,-38.38643205,146.2603928,Unknown,1504_2_403_961225_m_145
"Southern Brown Bandicoot (eastern), Southern Brown Bandicoot (south-eastern)",Mammals,Endangered,Victoria,-38.32100885,144.2402249,Unknown,1504_2_403_961226_m_145
"Southern Brown Bandicoot (eastern), Southern Brown Bandicoot (south-eastern)",Mammals,Endangered,Victoria,-38.38643205,146.2603928,Unknown,1504_2_403_961227_m_145
"Southern Brown Bandicoot (eastern), Southern Brown Bandicoot (south-eastern)",Mammals,Endangered,Victoria,-37.75060845,148.9293261,Unknown,1504_2_403_961230_m_145
"Southern Brown Bandicoot (eastern), Southern Brown Bandicoot (south-eastern)",Mammals,Endangered,Victoria,-37.75060845,148.9293261,Unknown,1504_2_403_961231_m_145
"Southern Brown Bandicoot (eastern), Southern Brown Bandicoot (south-eastern)",Mammals,Endangered,Victoria,-37.75060845,148.9293261,Unknown,1504_2_403_961232_m_145
"Southern Brown Bandicoot (eastern), Southern Brown Bandicoot (south-eastern)",Mammals,Endangered,Victoria,-37.75060845,148.9293261,Unknown,1504_2_403_961233_m_145
"Southern Brown Bandicoot (eastern), Southern Brown Bandicoot (south-eastern)",Mammals,Endangered,Victoria,-37.75060845,148.9293261,Unknown,1504_2_403_961234_m_145
"Southern Brown Bandicoot (eastern), Southern Brown Bandicoot (south-eastern)",Mammals,Endangered,Victoria,-37.75060845,148.9293261,Unknown,1504_2_403_961235_m_145
"Southern Brown Bandicoot (eastern), Southern Brown Bandicoot (south-eastern)",Mammals,Endangered,Victoria,-37.75060845,148.9293261,Unknown,1504_2_403_961236_m_145
"Southern Brown Bandicoot (eastern), Southern Brown Bandicoot (south-eastern)",Mammals,Endangered,Victoria,-37.75060845,148.9293261,Unknown,1504_2_403_961237_m_145
"Southern Brown Bandicoot (eastern), Southern Brown Bandicoot (south-eastern)",Mammals,Endangered,Victoria,-37.75060845,148.9293261,Unknown,1504_2_403_961239_m_145
"Southern Brown Bandicoot (eastern), Southern Brown Bandicoot (south-eastern)",Mammals,Endangered,Victoria,-37.75060845,148.9293261,Unknown,1504_2_403_961241_m_145
"Southern Brown Bandicoot (eastern), Southern Brown Bandicoot (south-eastern)",Mammals,Endangered,Victoria,-37.75060845,148.9293261,Unknown,1504_2_403_961245_m_145
"Southern Brown Bandicoot (eastern), Southern Brown Bandicoot (south-eastern)",Mammals,Endangered,Victoria,-37.75060845,148.9293261,Unknown,1504_2_403_961246_m_145
"Southern Brown Bandicoot (eastern), Southern Brown Bandicoot (south-eastern)",Mammals,Endangered,Victoria,-37.75060845,148.9293261,Unknown,1504_2_403_961247_m_145
"Southern Brown Bandicoot (eastern), Southern Brown Bandicoot (south-eastern)",Mammals,Endangered,Victoria,-37.75060845,148.9293261,Unknown,1504_2_403_961256_m_145
"Southern Brown Bandicoot (eastern), Southern Brown Bandicoot (south-eastern)",Mammals,Endangered,Victoria,-38.38643205,146.2603928,Unknown,1504_2_403_961268_m_145
"Southern Brown Bandicoot (eastern), Southern Brown Bandicoot (south-eastern)",Mammals,Endangered,Victoria,-37.74514328,141.2276395,Unknown,1504_2_403_961289_m_145
"Southern Brown Bandicoot (eastern), Southern Brown Bandicoot (south-eastern)",Mammals,Endangered,South Australia,-37.60960905,140.826159,Unknown,1504_2_403_961292_m_145
"Southern Brown Bandicoot (eastern), Southern Brown Bandicoot (south-eastern)",Mammals,Endangered,Victoria,-35.60727899,141.5734114,Unknown,1504_2_403_961298_m_145
"Southern Brown Bandicoot (eastern), Southern Brown Bandicoot (south-eastern)",Mammals,Endangered,Victoria,-36.5434572,142.1688746,Unknown,1504_2_403_961300_m_145
"Southern Brown Bandicoot (eastern), Southern Brown Bandicoot (south-eastern)",Mammals,Endangered,Victoria,-38.32100885,144.2402249,Unknown,1504_2_403_961301_m_145
"Southern Brown Bandicoot (eastern), Southern Brown Bandicoot (south-eastern)",Mammals,Endangered,Victoria,-37.21970708,144.8841341,Unknown,1504_2_403_961302_m_145
"Southern Brown Bandicoot (eastern), Southern Brown Bandicoot (south-eastern)",Mammals,Endangered,Victoria,-37.74514328,141.2276395,Unknown,1504_2_1143_961350_m_145
"Southern Brown Bandicoot (eastern), Southern Brown Bandicoot (south-eastern)",Mammals,Endangered,Victoria,-38.38643205,146.2603928,Unknown,1504_2_1143_961352_m_145
"Southern Brown Bandicoot (eastern), Southern Brown Bandicoot (south-eastern)",Mammals,Endangered,Victoria,-37.25678172,142.3822528,Unknown,1504_2_1143_961361_m_145
"Southern Brown Bandicoot (eastern), Southern Brown Bandicoot (south-eastern)",Mammals,Endangered,Victoria,-39.09489143,146.4985593,Unknown,1504_2_1143_961379_m_145
Rufous Hare-wallaby (Bernier Island),Mammals,Vulnerable,Western Australia,-24.98923633,113.1087818,Actively managed,622_104_441_371208_m_158
Mala,Mammals,Endangered,Western Australia,-20.66052834,117.0795967,Actively managed,617_2_1501_955754_m_159
Mala,Mammals,Endangered,Northern Territory,-23.48193384,130.47386,Actively managed,1315_88_2266_397213_m_159
Mala,Mammals,Endangered,Western Australia,-28.18385451,120.3884462,Actively managed,1460_2_2705_955054_m_159
Banded Hare-wallaby,Mammals,Vulnerable,Western Australia,-24.98923633,113.1087818,Actively managed,622_104_441_371208_m_163
Banded Hare-wallaby,Mammals,Vulnerable,Western Australia,-28.79385455,116.9420456,Actively managed,1311_370_1903_847443_m_163
"Banded Hare-wallaby, Merrnine, Marnine, Munning",Mammals,Vulnerable,Western Australia,-25.01534752,114.4114369,Actively managed,971_209_394_397183_m_166
Northern Hairy-nosed Wombat,Mammals,Critically Endangered,Queensland,-22.00954092,147.0762701,Actively managed,664_113_479_401297_m_167
Bilby,Mammals,Vulnerable,New South Wales,-33.55611994,142.5487265,Actively managed,576_3_2034_401244_m_189
Bilby,Mammals,Vulnerable,New South Wales,-33.55611994,142.5487265,Actively managed,576_3_2034_401245_m_189
Bilby,Mammals,Vulnerable,South Australia,-34.75516376,139.9321759,Actively managed,579_3_388_397174_m_189
Bilby,Mammals,Vulnerable,Western Australia,-20.66052834,117.0795967,Actively managed,602_3_406_400899_m_189
Bilby,Mammals,Vulnerable,Western Australia,-20.66052834,117.0795967,Actively managed,602_3_406_400900_m_189
Bilby,Mammals,Vulnerable,Western Australia,-21.49127026,119.3147524,Unknown,602_3_406_400902_m_189
Bilby,Mammals,Vulnerable,Queensland,-23.09589504,140.3993365,Actively managed,723_388_2346_400963_m_189
Bilby,Mammals,Vulnerable,Western Australia,-28.79385455,116.9420456,Actively managed,975_370_1903_397200_m_189
Bilby,Mammals,Vulnerable,Queensland,-28.57414066,144.7793841,Actively managed,1430_586_294_953734_m_189
Bilby,Mammals,Vulnerable,Western Australia,-28.18385451,120.3884462,Actively managed,1460_97_2705_955054_m_189
Broad-toothed Rat,Mammals,Near Threatened,New South Wales,-36.0760009,148.4682667,Actively managed,1269_95_2017_387430_m_191
Broad-toothed Rat,Mammals,Near Threatened,New South Wales,-36.0760009,148.4682667,Actively managed,1269_95_2017_387431_m_191
Broad-toothed Rat,Mammals,Near Threatened,New South Wales,-36.0760009,148.4682667,Actively managed,1269_95_2017_387432_m_191
Broad-toothed Rat,Mammals,Near Threatened,New South Wales,-36.0760009,148.4682667,Actively managed,1269_95_2017_387433_m_191
Broad-toothed Rat,Mammals,Near Threatened,New South Wales,-36.0760009,148.4682667,Actively managed,1269_95_2017_387434_m_191
,Mammals,Near Threatened,Tasmania,-43.13301306,146.7428967,Unknown,963_228_500_251096_m_192
,Mammals,Near Threatened,Tasmania,-43.13301306,146.7428967,Unknown,963_228_500_251097_m_192
,Mammals,Near Threatened,Tasmania,-43.13301306,146.7428967,Unknown,963_228_500_251098_m_192
"Black-footed Tree-rat (Kimberley and mainland Northern Territory), Djintamoonga, Manbul",Mammals,Endangered,Northern Territory,-12.96289089,133.073796,Unknown,443_2_294_251530_m_200
"Black-footed Tree-rat (Kimberley and mainland Northern Territory), Djintamoonga, Manbul",Mammals,Endangered,Northern Territory,-13.42007809,132.0247895,Unknown,443_2_294_251539_m_200
"Black-footed Tree-rat (Kimberley and mainland Northern Territory), Djintamoonga, Manbul",Mammals,Endangered,Northern Territory,-13.42007809,132.0247895,Unknown,443_2_294_251552_m_200
"Black-footed Tree-rat (Kimberley and mainland Northern Territory), Djintamoonga, Manbul",Mammals,Endangered,Northern Territory,-12.96289089,133.073796,Unknown,443_2_294_251557_m_200
"Black-footed Tree-rat (Kimberley and mainland Northern Territory), Djintamoonga, Manbul",Mammals,Endangered,Northern Territory,-13.42007809,132.0247895,Unknown,443_2_294_251558_m_200
"Black-footed Tree-rat (Kimberley and mainland Northern Territory), Djintamoonga, Manbul",Mammals,Endangered,Northern Territory,-13.42007809,132.0247895,Unknown,443_2_294_251563_m_200
"Black-footed Tree-rat (Kimberley and mainland Northern Territory), Djintamoonga, Manbul",Mammals,Endangered,Northern Territory,-13.42007809,132.0247895,Unknown,443_2_294_251564_m_200
"Black-footed Tree-rat (Kimberley and mainland Northern Territory), Djintamoonga, Manbul",Mammals,Endangered,Northern Territory,-13.42007809,132.0247895,Unknown,443_2_294_251590_m_200
"Black-footed Tree-rat (Kimberley and mainland Northern Territory), Djintamoonga, Manbul",Mammals,Endangered,Northern Territory,-12.72421308,131.1774919,Unknown,443_2_294_251657_m_200
"Black-footed Tree-rat (Kimberley and mainland Northern Territory), Djintamoonga, Manbul",Mammals,Endangered,Northern Territory,-12.72421308,131.1774919,Unknown,443_2_294_251658_m_200
"Black-footed Tree-rat (Kimberley and mainland Northern Territory), Djintamoonga, Manbul",Mammals,Endangered,Northern Territory,-13.42007809,132.0247895,Unknown,443_2_294_251664_m_200
"Black-footed Tree-rat (Kimberley and mainland Northern Territory), Djintamoonga, Manbul",Mammals,Endangered,Northern Territory,-12.72421308,131.1774919,Unknown,443_2_294_251668_m_200
"Black-footed Tree-rat (Kimberley and mainland Northern Territory), Djintamoonga, Manbul",Mammals,Endangered,Northern Territory,-13.42007809,132.0247895,Unknown,443_2_294_251671_m_200
"Black-footed Tree-rat (Kimberley and mainland Northern Territory), Djintamoonga, Manbul",Mammals,Endangered,Northern Territory,-14.28789015,131.6463585,Unknown,443_2_294_251682_m_200
"Black-footed Tree-rat (Kimberley and mainland Northern Territory), Djintamoonga, Manbul",Mammals,Endangered,Northern Territory,-12.72421308,131.1774919,Unknown,443_2_294_251687_m_200
"Black-footed Tree-rat (Kimberley and mainland Northern Territory), Djintamoonga, Manbul",Mammals,Endangered,Northern Territory,-12.72421308,131.1774919,Unknown,443_2_294_251690_m_200
"Black-footed Tree-rat (Kimberley and mainland Northern Territory), Djintamoonga, Manbul",Mammals,Endangered,Northern Territory,-12.72421308,131.1774919,Unknown,443_2_294_251691_m_200
"Black-footed Tree-rat (Kimberley and mainland Northern Territory), Djintamoonga, Manbul",Mammals,Endangered,Northern Territory,-13.42007809,132.0247895,Unknown,443_2_294_251694_m_200
"Black-footed Tree-rat (Kimberley and mainland Northern Territory), Djintamoonga, Manbul",Mammals,Endangered,Northern Territory,-13.42007809,132.0247895,Unknown,443_2_294_251700_m_200
"Black-footed Tree-rat (Kimberley and mainland Northern Territory), Djintamoonga, Manbul",Mammals,Endangered,Northern Territory,-13.42007809,132.0247895,Unknown,443_2_294_251701_m_200
Black-footed Tree-rat (Melville Island),Mammals,Vulnerable,Northern Territory,-11.51846991,130.7476904,Actively managed,694_2_500_391526_m_201
Black-footed Tree-rat (Melville Island),Mammals,Vulnerable,Northern Territory,-11.51846991,130.7476904,Actively managed,694_2_500_391527_m_201
Black-footed Tree-rat (Melville Island),Mammals,Vulnerable,Northern Territory,-11.51846991,130.7476904,Actively managed,694_2_500_391528_m_201
Black-footed Tree-rat (Melville Island),Mammals,Vulnerable,Northern Territory,-11.51846991,130.7476904,Actively managed,694_2_500_391529_m_201
Black-footed Tree-rat (Melville Island),Mammals,Vulnerable,Northern Territory,-11.51846991,130.7476904,Actively managed,694_2_500_391530_m_201
Black-footed Tree-rat (Melville Island),Mammals,Vulnerable,Northern Territory,-11.51846991,130.7476904,Actively managed,694_2_500_391536_m_201
Black-footed Tree-rat (Melville Island),Mammals,Vulnerable,Northern Territory,-11.51846991,130.7476904,Actively managed,694_2_500_391537_m_201
Black-footed Tree-rat (Melville Island),Mammals,Vulnerable,Northern Territory,-11.51846991,130.7476904,Actively managed,694_2_500_391538_m_201
Black-footed Tree-rat (Melville Island),Mammals,Vulnerable,Northern Territory,-11.51846991,130.7476904,Actively managed,694_2_500_391539_m_201
Black-footed Tree-rat (Melville Island),Mammals,Vulnerable,Northern Territory,-11.51846991,130.7476904,Actively managed,694_2_500_391540_m_201
Black-footed Tree-rat (Melville Island),Mammals,Vulnerable,Northern Territory,-11.51846991,130.7476904,Actively managed,694_2_500_391541_m_201
Black-footed Tree-rat (Melville Island),Mammals,Vulnerable,Northern Territory,-11.51846991,130.7476904,Actively managed,694_2_500_391543_m_201
Black-footed Tree-rat (Melville Island),Mammals,Vulnerable,Northern Territory,-11.51846991,130.7476904,Actively managed,694_2_500_391546_m_201
Black-footed Tree-rat (Melville Island),Mammals,Vulnerable,Northern Territory,-11.51846991,130.7476904,Actively managed,694_2_500_391547_m_201
Black-footed Tree-rat (Melville Island),Mammals,Vulnerable,Northern Territory,-11.51846991,130.7476904,Actively managed,694_2_500_391548_m_201
Black-footed Tree-rat (Melville Island),Mammals,Vulnerable,Northern Territory,-11.51846991,130.7476904,Actively managed,694_2_500_391551_m_201
Black-footed Tree-rat (Melville Island),Mammals,Vulnerable,Northern Territory,-11.51846991,130.7476904,Actively managed,694_2_500_391552_m_201
Black-footed Tree-rat (Melville Island),Mammals,Vulnerable,Northern Territory,-11.51846991,130.7476904,Actively managed,694_2_500_391556_m_201
Black-footed Tree-rat (Melville Island),Mammals,Vulnerable,Northern Territory,-11.51846991,130.7476904,Actively managed,694_2_500_391559_m_201
Black-footed Tree-rat (Melville Island),Mammals,Vulnerable,Northern Territory,-11.51846991,130.7476904,Actively managed,694_2_500_391560_m_201
Black-footed Tree-rat (Melville Island),Mammals,Vulnerable,Northern Territory,-11.51846991,130.7476904,Actively managed,694_2_500_391561_m_201
Black-footed Tree-rat (Melville Island),Mammals,Vulnerable,Northern Territory,-11.51846991,130.7476904,Actively managed,694_2_500_391562_m_201
Black-footed Tree-rat (Melville Island),Mammals,Vulnerable,Northern Territory,-11.51846991,130.7476904,Actively managed,694_2_500_391563_m_201
Black-footed Tree-rat (Melville Island),Mammals,Vulnerable,Northern Territory,-11.51846991,130.7476904,Actively managed,694_2_500_391564_m_201
Black-footed Tree-rat (Melville Island),Mammals,Vulnerable,Northern Territory,-11.51846991,130.7476904,Actively managed,694_2_500_391565_m_201
Black-footed Tree-rat (Melville Island),Mammals,Vulnerable,Northern Territory,-11.51846991,130.7476904,Actively managed,694_2_500_391568_m_201
Black-footed Tree-rat (Melville Island),Mammals,Vulnerable,Northern Territory,-11.51846991,130.7476904,Actively managed,694_2_500_391570_m_201
Black-footed Tree-rat (Melville Island),Mammals,Vulnerable,Northern Territory,-11.51846991,130.7476904,Actively managed,694_2_500_391573_m_201
Black-footed Tree-rat (Melville Island),Mammals,Vulnerable,Northern Territory,-11.51846991,130.7476904,Actively managed,694_2_500_391577_m_201
Black-footed Tree-rat (Melville Island),Mammals,Vulnerable,Northern Territory,-11.51846991,130.7476904,Actively managed,694_2_500_391581_m_201
Black-footed Tree-rat (Melville Island),Mammals,Vulnerable,Northern Territory,-11.51846991,130.7476904,Actively managed,694_2_500_391583_m_201
Black-footed Tree-rat (Melville Island),Mammals,Vulnerable,Northern Territory,-11.51846991,130.7476904,Actively managed,694_2_500_391587_m_201
Black-footed Tree-rat (Melville Island),Mammals,Vulnerable,Northern Territory,-11.51846991,130.7476904,Actively managed,694_2_500_391588_m_201
Black-footed Tree-rat (Melville Island),Mammals,Vulnerable,Northern Territory,-11.51846991,130.7476904,Actively managed,694_2_500_391590_m_201
Black-footed Tree-rat (Melville Island),Mammals,Vulnerable,Northern Territory,-11.51846991,130.7476904,Actively managed,694_2_500_391591_m_201
Black-footed Tree-rat (Melville Island),Mammals,Vulnerable,Northern Territory,-11.51846991,130.7476904,Actively managed,694_2_500_391592_m_201
Black-footed Tree-rat (Melville Island),Mammals,Vulnerable,Northern Territory,-11.51846991,130.7476904,Actively managed,694_2_500_391593_m_201
Black-footed Tree-rat (Melville Island),Mammals,Vulnerable,Northern Territory,-11.51846991,130.7476904,Actively managed,694_2_500_391594_m_201
Black-footed Tree-rat (Melville Island),Mammals,Vulnerable,Northern Territory,-11.51846991,130.7476904,Actively managed,694_2_500_391595_m_201
Black-footed Tree-rat (Melville Island),Mammals,Vulnerable,Northern Territory,-11.51846991,130.7476904,Actively managed,694_2_500_391597_m_201
Black-footed Tree-rat (Melville Island),Mammals,Vulnerable,Northern Territory,-11.51846991,130.7476904,Actively managed,694_2_500_391598_m_201
Black-footed Tree-rat (Melville Island),Mammals,Vulnerable,Northern Territory,-11.51846991,130.7476904,Actively managed,694_2_500_391599_m_201
Black-footed Tree-rat (Melville Island),Mammals,Vulnerable,Northern Territory,-11.51846991,130.7476904,Actively managed,694_2_500_391601_m_201
Black-footed Tree-rat (Melville Island),Mammals,Vulnerable,Northern Territory,-11.51846991,130.7476904,Actively managed,694_2_500_391602_m_201
"Black-footed Tree-rat (north Queensland), Shaggy Rabbit-rat",Mammals,Vulnerable,Queensland,-12.86497078,141.9508253,Actively managed,583_168_391_387490_m_202
"Black-footed Tree-rat (north Queensland), Shaggy Rabbit-rat",Mammals,Vulnerable,Queensland,-12.86497078,141.9508253,Actively managed,584_168_392_387492_m_202
Golden-backed Tree-rat,Mammals,Near Threatened,Western Australia,-15.26774165,125.3795586,Actively managed,655_89_2495_943054_m_203
Golden-backed Tree-rat,Mammals,Near Threatened,Western Australia,-15.26774165,125.3795586,Actively managed,655_89_2495_943055_m_203
Golden-backed Tree-rat,Mammals,Near Threatened,Western Australia,-15.26774165,125.3795586,Actively managed,655_89_2495_943057_m_203
Golden-backed Tree-rat,Mammals,Near Threatened,Western Australia,-15.26774165,125.3795586,Actively managed,655_89_2495_943058_m_203
Golden-backed Tree-rat,Mammals,Near Threatened,Western Australia,-15.26774165,125.3795586,Actively managed,655_89_2495_943059_m_203
Golden-backed Tree-rat,Mammals,Near Threatened,Western Australia,-15.26774165,125.3795586,Actively managed,655_89_2495_943060_m_203
Golden-backed Tree-rat,Mammals,Near Threatened,Western Australia,-15.26774165,125.3795586,Actively managed,655_89_2495_943063_m_203
Golden-backed Tree-rat,Mammals,Near Threatened,Western Australia,-15.26774165,125.3795586,Actively managed,655_89_2495_943064_m_203
Golden-backed Tree-rat,Mammals,Near Threatened,Western Australia,-15.26774165,125.3795586,Actively managed,655_89_2495_943065_m_203
Golden-backed Tree-rat,Mammals,Near Threatened,Western Australia,-15.26774165,125.3795586,Actively managed,655_89_2495_943068_m_203
Golden-backed Tree-rat,Mammals,Near Threatened,Western Australia,-15.26774165,125.3795586,Actively managed,655_89_2495_943070_m_203
Golden-backed Tree-rat,Mammals,Near Threatened,Western Australia,-15.26774165,125.3795586,Actively managed,655_89_2495_943072_m_203
Golden-backed Tree-rat,Mammals,Near Threatened,Western Australia,-15.26774165,125.3795586,Actively managed,655_89_2495_943073_m_203
Golden-backed Tree-rat,Mammals,Near Threatened,Western Australia,-15.26774165,125.3795586,Actively managed,655_89_2495_943074_m_203
Golden-backed Tree-rat,Mammals,Near Threatened,Western Australia,-15.26774165,125.3795586,Actively managed,655_89_2495_943075_m_203
Golden-backed Tree-rat,Mammals,Near Threatened,Western Australia,-15.26774165,125.3795586,Actively managed,655_89_2495_943076_m_203
Golden-backed Tree-rat,Mammals,Near Threatened,Western Australia,-15.26774165,125.3795586,Actively managed,655_89_2495_943077_m_203
Golden-backed Tree-rat,Mammals,Near Threatened,Western Australia,-15.26774165,125.3795586,No management,655_89_2495_943078_m_203
Golden-backed Tree-rat,Mammals,Near Threatened,Western Australia,-15.26774165,125.3795586,No management,655_89_2495_943079_m_203
Golden-backed Tree-rat,Mammals,Near Threatened,Western Australia,-15.26774165,125.3795586,No management,655_89_2495_943080_m_203
Golden-backed Tree-rat,Mammals,Near Threatened,Western Australia,-15.26774165,125.3795586,No management,655_89_2495_943082_m_203
Golden-backed Tree-rat,Mammals,Near Threatened,Western Australia,-16.86243886,126.7464497,No management,655_89_2495_943083_m_203
Golden-backed Tree-rat,Mammals,Near Threatened,Western Australia,-16.86243886,126.7464497,No management,655_89_2495_943084_m_203
Golden-backed Tree-rat,Mammals,Near Threatened,Western Australia,-15.26774165,125.3795586,No management,655_89_2495_943085_m_203
Southern Bent-winged Bat,Mammals,Critically Endangered,South Australia,-36.95318691,140.406113,Unknown,1372_406_2419_896864_m_215
Southern Bent-winged Bat,Mammals,Critically Endangered,South Australia,-36.95318691,140.406113,Unknown,1372_406_2419_896888_m_215
Southern Bent-winged Bat,Mammals,Critically Endangered,South Australia,-36.95318691,140.406113,Unknown,1372_406_2419_896900_m_215
Southern Bent-winged Bat,Mammals,Critically Endangered,South Australia,-36.95318691,140.406113,Unknown,1372_406_2419_896912_m_215
Southern Bent-winged Bat,Mammals,Critically Endangered,South Australia,-36.95318691,140.406113,Unknown,1372_406_2419_896924_m_215
Southern Bent-winged Bat,Mammals,Critically Endangered,South Australia,-36.95318691,140.406113,Unknown,1372_406_2419_896936_m_215
Southern Bent-winged Bat,Mammals,Critically Endangered,South Australia,-37.60960905,140.826159,Unknown,1372_406_2419_896948_m_215
Southern Bent-winged Bat,Mammals,Critically Endangered,South Australia,-37.60960905,140.826159,Unknown,1372_406_2419_896960_m_215
Southern Bent-winged Bat,Mammals,Critically Endangered,South Australia,-37.60960905,140.826159,Unknown,1372_406_2419_896972_m_215
Southern Bent-winged Bat,Mammals,Critically Endangered,Victoria,-37.74514328,141.2276395,Unknown,1372_406_2419_896984_m_215
Southern Bent-winged Bat,Mammals,Critically Endangered,Victoria,-37.74514328,141.2276395,Unknown,1372_406_2419_896996_m_215
Southern Bent-winged Bat,Mammals,Critically Endangered,Victoria,-37.74514328,141.2276395,Unknown,1372_406_2419_897008_m_215
Southern Bent-winged Bat,Mammals,Critically Endangered,Victoria,-37.74514328,141.2276395,Unknown,1372_406_2419_897032_m_215
Southern Bent-winged Bat,Mammals,Critically Endangered,Victoria,-37.74514328,141.2276395,Unknown,1372_406_2419_897056_m_215
Southern Bent-winged Bat,Mammals,Critically Endangered,Victoria,-37.46378375,141.8875845,Unknown,1372_406_2419_897068_m_215
Southern Bent-winged Bat,Mammals,Critically Endangered,Victoria,-37.46378375,141.8875845,Unknown,1372_406_2419_897080_m_215
Southern Bent-winged Bat,Mammals,Critically Endangered,Victoria,-37.74514328,141.2276395,Unknown,1372_406_2419_897116_m_215
Southern Bent-winged Bat,Mammals,Critically Endangered,Victoria,-37.74514328,141.2276395,Unknown,1372_406_2419_897164_m_215
Southern Bent-winged Bat,Mammals,Critically Endangered,Victoria,-37.74514328,141.2276395,Unknown,1372_406_2419_897176_m_215
Southern Bent-winged Bat,Mammals,Critically Endangered,Victoria,-37.74514328,141.2276395,Unknown,1372_406_2419_897188_m_215
Southern Bent-winged Bat,Mammals,Critically Endangered,Victoria,-37.74514328,141.2276395,Unknown,1372_406_2419_897212_m_215
Southern Bent-winged Bat,Mammals,Critically Endangered,Victoria,-37.74514328,141.2276395,Unknown,1372_406_2419_897224_m_215
Southern Bent-winged Bat,Mammals,Critically Endangered,Victoria,-37.74514328,141.2276395,Unknown,1372_406_2419_897236_m_215
Southern Bent-winged Bat,Mammals,Critically Endangered,Victoria,-37.74514328,141.2276395,Unknown,1372_406_2419_897248_m_215
Southern Bent-winged Bat,Mammals,Critically Endangered,Victoria,-37.74514328,141.2276395,Unknown,1372_406_2419_897260_m_215
Southern Bent-winged Bat,Mammals,Critically Endangered,Victoria,-37.74514328,141.2276395,Unknown,1372_406_2419_897272_m_215
Southern Bent-winged Bat,Mammals,Critically Endangered,Victoria,-37.74514328,141.2276395,Unknown,1372_406_2419_897284_m_215
Southern Bent-winged Bat,Mammals,Critically Endangered,Victoria,-37.74514328,141.2276395,Unknown,1372_406_2419_897296_m_215
Southern Bent-winged Bat,Mammals,Critically Endangered,Victoria,-37.74514328,141.2276395,Unknown,1372_406_2419_897308_m_215
Southern Bent-winged Bat,Mammals,Critically Endangered,Victoria,-37.74514328,141.2276395,Unknown,1372_406_2419_897320_m_215
Southern Bent-winged Bat,Mammals,Critically Endangered,Victoria,-37.74514328,141.2276395,Unknown,1372_406_2419_897332_m_215
Southern Bent-winged Bat,Mammals,Critically Endangered,Victoria,-37.74514328,141.2276395,Unknown,1372_406_2419_897344_m_215
Southern Bent-winged Bat,Mammals,Critically Endangered,Victoria,-37.74514328,141.2276395,Unknown,1372_406_2419_897356_m_215
Southern Bent-winged Bat,Mammals,Critically Endangered,Victoria,-37.74514328,141.2276395,Unknown,1372_406_2419_897368_m_215
Southern Bent-winged Bat,Mammals,Critically Endangered,Victoria,-37.74514328,141.2276395,Unknown,1372_406_2419_897380_m_215
Southern Bent-winged Bat,Mammals,Critically Endangered,Victoria,-37.74514328,141.2276395,Unknown,1372_406_2419_897392_m_215
Southern Bent-winged Bat,Mammals,Critically Endangered,Victoria,-37.74514328,141.2276395,Unknown,1372_406_2419_897416_m_215
Southern Bent-winged Bat,Mammals,Critically Endangered,Victoria,-37.74514328,141.2276395,Unknown,1372_406_2419_897428_m_215
Southern Bent-winged Bat,Mammals,Critically Endangered,Victoria,-37.74514328,141.2276395,Unknown,1372_406_2419_897440_m_215
Southern Bent-winged Bat,Mammals,Critically Endangered,Victoria,-37.74514328,141.2276395,Unknown,1372_406_2419_897464_m_215
Southern Bent-winged Bat,Mammals,Critically Endangered,Victoria,-37.74514328,141.2276395,Unknown,1372_406_2419_897476_m_215
Southern Bent-winged Bat,Mammals,Critically Endangered,Victoria,-37.74514328,141.2276395,Unknown,1372_406_2419_897488_m_215
Southern Bent-winged Bat,Mammals,Critically Endangered,Victoria,-37.74514328,141.2276395,Unknown,1372_406_2419_897500_m_215
Southern Bent-winged Bat,Mammals,Critically Endangered,South Australia,-37.60960905,140.826159,Unknown,1372_406_2419_897536_m_215
Southern Bent-winged Bat,Mammals,Critically Endangered,South Australia,-37.60960905,140.826159,Unknown,1372_406_2419_897548_m_215
Southern Bent-winged Bat,Mammals,Critically Endangered,South Australia,-37.60960905,140.826159,Unknown,1372_406_2419_897560_m_215
Southern Bent-winged Bat,Mammals,Critically Endangered,South Australia,-37.60960905,140.826159,Unknown,1372_406_2419_897572_m_215
Southern Bent-winged Bat,Mammals,Critically Endangered,Victoria,-37.74514328,141.2276395,Unknown,1372_406_2419_897584_m_215
Southern Bent-winged Bat,Mammals,Critically Endangered,Victoria,-37.74514328,141.2276395,Unknown,1372_406_2419_897596_m_215
Southern Bent-winged Bat,Mammals,Critically Endangered,Victoria,-37.74514328,141.2276395,Unknown,1372_406_2419_897608_m_215
Southern Bent-winged Bat,Mammals,Critically Endangered,Victoria,-37.74514328,141.2276395,Unknown,1372_406_2419_897620_m_215
Southern Bent-winged Bat,Mammals,Critically Endangered,Victoria,-37.74514328,141.2276395,Unknown,1372_406_2419_897632_m_215
Southern Bent-winged Bat,Mammals,Critically Endangered,Victoria,-37.74514328,141.2276395,Unknown,1372_406_2419_897644_m_215
Southern Bent-winged Bat,Mammals,Critically Endangered,Victoria,-37.74514328,141.2276395,Unknown,1372_406_2419_897656_m_215
Southern Bent-winged Bat,Mammals,Critically Endangered,Victoria,-37.74514328,141.2276395,Unknown,1372_406_2419_897668_m_215
Southern Bent-winged Bat,Mammals,Critically Endangered,Victoria,-37.74514328,141.2276395,Unknown,1372_406_2419_897680_m_215
Southern Bent-winged Bat,Mammals,Critically Endangered,Victoria,-37.74514328,141.2276395,Unknown,1372_406_2419_897692_m_215
Southern Bent-winged Bat,Mammals,Critically Endangered,Victoria,-37.74514328,141.2276395,Unknown,1372_406_2419_897704_m_215
Southern Bent-winged Bat,Mammals,Critically Endangered,Victoria,-37.74514328,141.2276395,Unknown,1372_406_2419_897716_m_215
Southern Bent-winged Bat,Mammals,Critically Endangered,Victoria,-37.74514328,141.2276395,Unknown,1372_406_2419_897728_m_215
Southern Bent-winged Bat,Mammals,Critically Endangered,Victoria,-37.74514328,141.2276395,Unknown,1372_406_2419_897740_m_215
Southern Bent-winged Bat,Mammals,Critically Endangered,Victoria,-37.74514328,141.2276395,Unknown,1372_406_2419_897752_m_215
Southern Bent-winged Bat,Mammals,Critically Endangered,Victoria,-37.74514328,141.2276395,Unknown,1372_406_2419_897764_m_215
Southern Bent-winged Bat,Mammals,Critically Endangered,Victoria,-37.74514328,141.2276395,Unknown,1372_406_2419_897776_m_215
Southern Bent-winged Bat,Mammals,Critically Endangered,Victoria,-37.74514328,141.2276395,Unknown,1372_406_2419_897788_m_215
Southern Bent-winged Bat,Mammals,Critically Endangered,Victoria,-37.74514328,141.2276395,Unknown,1372_406_2419_897800_m_215
Southern Bent-winged Bat,Mammals,Critically Endangered,Victoria,-37.74514328,141.2276395,Unknown,1372_406_2419_897812_m_215
Southern Bent-winged Bat,Mammals,Critically Endangered,Victoria,-37.74514328,141.2276395,Unknown,1372_406_2419_897824_m_215
Southern Bent-winged Bat,Mammals,Critically Endangered,Victoria,-37.74514328,141.2276395,Unknown,1372_406_2419_897836_m_215
Southern Bent-winged Bat,Mammals,Critically Endangered,Victoria,-37.74514328,141.2276395,Unknown,1372_406_2419_897848_m_215
Southern Bent-winged Bat,Mammals,Critically Endangered,Victoria,-37.74514328,141.2276395,Unknown,1372_406_2419_897860_m_215
Southern Bent-winged Bat,Mammals,Critically Endangered,Victoria,-37.74514328,141.2276395,Unknown,1372_406_2419_897872_m_215
Southern Bent-winged Bat,Mammals,Critically Endangered,Victoria,-37.74514328,141.2276395,Unknown,1372_406_2419_897884_m_215
Southern Bent-winged Bat,Mammals,Critically Endangered,Victoria,-37.74514328,141.2276395,Unknown,1372_406_2419_897896_m_215
Southern Bent-winged Bat,Mammals,Critically Endangered,Victoria,-37.74514328,141.2276395,Unknown,1372_406_2419_897908_m_215
Southern Bent-winged Bat,Mammals,Critically Endangered,Victoria,-37.74514328,141.2276395,Unknown,1372_406_2419_897920_m_215
Southern Bent-winged Bat,Mammals,Critically Endangered,Victoria,-37.74514328,141.2276395,Unknown,1372_406_2419_897932_m_215
Southern Bent-winged Bat,Mammals,Critically Endangered,Victoria,-37.74514328,141.2276395,Unknown,1372_406_2419_897944_m_215
Southern Bent-winged Bat,Mammals,Critically Endangered,Victoria,-37.74514328,141.2276395,Unknown,1372_406_2419_897968_m_215
Southern Bent-winged Bat,Mammals,Critically Endangered,Victoria,-37.74514328,141.2276395,Unknown,1372_406_2419_897980_m_215
Southern Bent-winged Bat,Mammals,Critically Endangered,Victoria,-37.74514328,141.2276395,Unknown,1372_406_2419_897992_m_215
Southern Bent-winged Bat,Mammals,Critically Endangered,Victoria,-37.46378375,141.8875845,Unknown,1372_406_2419_898016_m_215
Southern Bent-winged Bat,Mammals,Critically Endangered,Victoria,-37.46378375,141.8875845,Unknown,1372_406_2419_898028_m_215
Southern Bent-winged Bat,Mammals,Critically Endangered,Victoria,-37.46378375,141.8875845,Unknown,1372_406_2419_898040_m_215
Southern Bent-winged Bat,Mammals,Critically Endangered,Victoria,-37.46378375,141.8875845,Unknown,1372_406_2419_898052_m_215
Southern Bent-winged Bat,Mammals,Critically Endangered,Victoria,-37.46378375,141.8875845,Unknown,1372_406_2419_898064_m_215
Southern Bent-winged Bat,Mammals,Critically Endangered,Victoria,-37.74514328,141.2276395,Unknown,1372_406_2419_898076_m_215
Southern Bent-winged Bat,Mammals,Critically Endangered,Victoria,-37.74514328,141.2276395,Unknown,1372_406_2419_898088_m_215
Southern Bent-winged Bat,Mammals,Critically Endangered,Victoria,-37.74514328,141.2276395,Unknown,1372_406_2419_898112_m_215
Southern Bent-winged Bat,Mammals,Critically Endangered,Victoria,-37.74514328,141.2276395,Unknown,1372_406_2419_898124_m_215
Southern Bent-winged Bat,Mammals,Critically Endangered,Victoria,-37.74514328,141.2276395,Unknown,1372_406_2419_898136_m_215
Southern Bent-winged Bat,Mammals,Critically Endangered,Victoria,-37.46378375,141.8875845,Unknown,1372_406_2419_898148_m_215
Southern Bent-winged Bat,Mammals,Critically Endangered,Victoria,-37.74514328,141.2276395,Unknown,1372_406_2419_898172_m_215
Southern Bent-winged Bat,Mammals,Critically Endangered,Victoria,-37.46378375,141.8875845,Unknown,1372_406_2419_898232_m_215
Southern Bent-winged Bat,Mammals,Critically Endangered,Victoria,-37.46378375,141.8875845,Unknown,1372_406_2419_898244_m_215
Southern Bent-winged Bat,Mammals,Critically Endangered,Victoria,-37.74514328,141.2276395,Unknown,1372_406_2419_898256_m_215
Southern Bent-winged Bat,Mammals,Critically Endangered,Victoria,-37.74514328,141.2276395,Unknown,1372_406_2419_898268_m_215
Southern Bent-winged Bat,Mammals,Critically Endangered,Victoria,-37.74514328,141.2276395,Unknown,1372_406_2419_898280_m_215
Southern Bent-winged Bat,Mammals,Critically Endangered,Victoria,-37.74514328,141.2276395,Unknown,1372_406_2419_898304_m_215
Southern Bent-winged Bat,Mammals,Critically Endangered,Victoria,-37.74514328,141.2276395,Unknown,1372_406_2419_898340_m_215
Southern Bent-winged Bat,Mammals,Critically Endangered,Victoria,-37.74514328,141.2276395,Unknown,1372_406_2419_898400_m_215
Southern Bent-winged Bat,Mammals,Critically Endangered,Victoria,-37.74514328,141.2276395,Unknown,1372_406_2419_898412_m_215
Southern Bent-winged Bat,Mammals,Critically Endangered,Victoria,-37.74514328,141.2276395,Unknown,1372_406_2419_898448_m_215
Southern Elephant Seal,Mammals,Vulnerable,Tasmania,-54.62990868,158.8809506,Unknown,697_2_503_398896_m_218
Numbat,Mammals,Endangered,New South Wales,-33.55611994,142.5487265,Actively managed,577_3_388_401240_m_222
Numbat,Mammals,Endangered,New South Wales,-33.55611994,142.5487265,Actively managed,577_3_388_401241_m_222
Numbat,Mammals,Endangered,South Australia,-34.75516376,139.9321759,Actively managed,580_3_388_397176_m_222
Numbat,Mammals,Endangered,Western Australia,-32.44076711,116.4003908,Actively managed,620_102_2490_942973_m_222
Numbat,Mammals,Endangered,Western Australia,-28.79385455,116.9420456,Actively managed,976_370_1903_397202_m_222
Australian Sea-lion,Mammals,Endangered,South Australia,-34.2573977,136.2511106,Unknown,452_28_315_942920_m_223
Australian Sea-lion,Mammals,Endangered,South Australia,-35.92920857,137.2437819,Unknown,452_28_315_942921_m_223
Australian Sea-lion,Mammals,Endangered,Western Australia,-31.91534834,115.4916095,Unknown,452_28_315_942922_m_223
Australian Sea-lion,Mammals,Endangered,Western Australia,-29.90694164,115.3829825,Unknown,452_28_315_942923_m_223
Australian Sea-lion,Mammals,Endangered,Western Australia,-33.89498572,122.5968524,Unknown,452_28_315_942924_m_223
Australian Sea-lion,Mammals,Endangered,Western Australia,-34.23074081,119.1504387,Unknown,452_28_315_942925_m_223
Australian Sea-lion,Mammals,Endangered,Western Australia,-34.23074081,119.1504387,Unknown,452_28_315_942926_m_223
Australian Sea-lion,Mammals,Endangered,Western Australia,-31.91534834,115.4916095,Unknown,452_28_315_942927_m_223
Australian Sea-lion,Mammals,Endangered,Western Australia,-33.89498572,122.5968524,Unknown,452_28_315_942928_m_223
Australian Sea-lion,Mammals,Endangered,South Australia,-35.33131139,138.668376,Unknown,452_28_315_942929_m_223
Australian Sea-lion,Mammals,Endangered,Western Australia,-33.89498572,122.5968524,Unknown,452_28_315_942930_m_223
Australian Sea-lion,Mammals,Endangered,Western Australia,-33.89498572,122.5968524,Unknown,452_28_315_942931_m_223
Australian Sea-lion,Mammals,Endangered,Western Australia,-33.89498572,122.5968524,Unknown,452_28_315_942933_m_223
Australian Sea-lion,Mammals,Endangered,Western Australia,-33.89498572,122.5968524,Unknown,452_28_315_942934_m_223
Australian Sea-lion,Mammals,Endangered,South Australia,-34.2573977,136.2511106,Unknown,452_28_315_942935_m_223
Australian Sea-lion,Mammals,Endangered,South Australia,-35.92920857,137.2437819,Unknown,452_28_315_942936_m_223
Australian Sea-lion,Mammals,Endangered,South Australia,-33.79845532,134.7934883,Unknown,452_28_315_942937_m_223
Australian Sea-lion,Mammals,Endangered,South Australia,-33.79845532,134.7934883,Unknown,452_28_315_942938_m_223
Australian Sea-lion,Mammals,Endangered,South Australia,-33.79845532,134.7934883,Unknown,452_28_315_942939_m_223
Australian Sea-lion,Mammals,Endangered,South Australia,-33.79845532,134.7934883,Unknown,452_28_315_942940_m_223
Australian Sea-lion,Mammals,Endangered,South Australia,-33.79845532,134.7934883,Unknown,452_28_315_942941_m_223
Australian Sea-lion,Mammals,Endangered,South Australia,-32.76422562,134.4945286,Unknown,452_28_315_942942_m_223
Australian Sea-lion,Mammals,Endangered,South Australia,-32.76422562,134.4945286,Unknown,452_28_315_942943_m_223
Australian Sea-lion,Mammals,Endangered,South Australia,-32.76422562,134.4945286,Unknown,452_28_315_942944_m_223
Australian Sea-lion,Mammals,Endangered,South Australia,-32.76422562,134.4945286,Unknown,452_28_315_942945_m_223
Australian Sea-lion,Mammals,Endangered,South Australia,-32.76422562,134.4945286,Unknown,452_28_315_942946_m_223
Australian Sea-lion,Mammals,Endangered,South Australia,-34.2573977,136.2511106,Unknown,452_28_315_942947_m_223
Australian Sea-lion,Mammals,Endangered,South Australia,-33.79845532,134.7934883,Unknown,452_28_315_942948_m_223
Australian Sea-lion,Mammals,Endangered,South Australia,-33.79845532,134.7934883,Unknown,452_28_315_942949_m_223
Australian Sea-lion,Mammals,Endangered,South Australia,-32.76422562,134.4945286,Unknown,452_28_315_942950_m_223
Australian Sea-lion,Mammals,Endangered,South Australia,-32.76422562,134.4945286,Unknown,452_28_315_942951_m_223
Australian Sea-lion,Mammals,Endangered,South Australia,-34.2573977,136.2511106,Unknown,452_28_315_942952_m_223
Australian Sea-lion,Mammals,Endangered,South Australia,-33.79845532,134.7934883,Unknown,452_28_315_942953_m_223
Australian Sea-lion,Mammals,Endangered,South Australia,-33.79845532,134.7934883,Unknown,452_28_315_942954_m_223
Australian Sea-lion,Mammals,Endangered,South Australia,-33.79845532,134.7934883,Unknown,452_28_315_942955_m_223
Australian Sea-lion,Mammals,Endangered,South Australia,-34.2573977,136.2511106,Unknown,452_28_315_942956_m_223
Australian Sea-lion,Mammals,Endangered,South Australia,-34.2573977,136.2511106,Unknown,452_28_315_942957_m_223
Australian Sea-lion,Mammals,Endangered,South Australia,-32.76422562,134.4945286,Unknown,452_28_315_942958_m_223
Australian Sea-lion,Mammals,Endangered,South Australia,-34.2573977,136.2511106,Unknown,452_28_315_942959_m_223
Australian Sea-lion,Mammals,Endangered,South Australia,-33.79845532,134.7934883,Unknown,452_28_315_942960_m_223
Australian Sea-lion,Mammals,Endangered,South Australia,-30.9096713,130.3391112,Unknown,452_28_2486_942932_m_223
Dusky Hopping-mouse,Mammals,Vulnerable,South Australia,-31.50136636,140.5628454,Actively managed,941_3_430_371318_m_239
Dusky Hopping-mouse,Mammals,Vulnerable,South Australia,-31.50136636,140.5628454,Actively managed,941_3_430_371319_m_239
Dusky Hopping-mouse,Mammals,Vulnerable,South Australia,-29.64617306,138.7296971,Actively managed,941_3_430_371356_m_239
Dusky Hopping-mouse,Mammals,Vulnerable,South Australia,-29.22362453,139.9980636,Actively managed,941_3_1685_371344_m_239
Dusky Hopping-mouse,Mammals,Vulnerable,South Australia,-29.64617306,138.7296971,Actively managed,941_3_1685_371360_m_239
Dusky Hopping-mouse,Mammals,Vulnerable,South Australia,-29.64617306,138.7296971,Actively managed,941_3_1685_371369_m_239
Dusky Hopping-mouse,Mammals,Vulnerable,South Australia,-32.14949735,140.7321296,Actively managed,941_1_1688_371312_m_239
Dusky Hopping-mouse,Mammals,Vulnerable,South Australia,-32.14949735,140.7321296,Actively managed,941_1_1688_371313_m_239
Dusky Hopping-mouse,Mammals,Vulnerable,South Australia,-31.5039367,139.6554571,Actively managed,941_1_1688_371316_m_239
Dusky Hopping-mouse,Mammals,Vulnerable,South Australia,-31.50136636,140.5628454,Actively managed,941_1_1688_371317_m_239
Dusky Hopping-mouse,Mammals,Vulnerable,South Australia,-31.5039367,139.6554571,Actively managed,941_1_1688_371320_m_239
Dusky Hopping-mouse,Mammals,Vulnerable,South Australia,-31.5039367,139.6554571,Actively managed,941_1_1688_371321_m_239
Dusky Hopping-mouse,Mammals,Vulnerable,South Australia,-31.50136636,140.5628454,Actively managed,941_1_1688_371324_m_239
Dusky Hopping-mouse,Mammals,Vulnerable,South Australia,-31.50136636,140.5628454,Actively managed,941_1_1688_371325_m_239
Dusky Hopping-mouse,Mammals,Vulnerable,South Australia,-31.50136636,140.5628454,Actively managed,941_1_1688_371327_m_239
Dusky Hopping-mouse,Mammals,Vulnerable,South Australia,-31.5039367,139.6554571,Actively managed,941_1_1688_371328_m_239
Dusky Hopping-mouse,Mammals,Vulnerable,South Australia,-31.5039367,139.6554571,Actively managed,941_1_1688_371329_m_239
Dusky Hopping-mouse,Mammals,Vulnerable,South Australia,-31.5039367,139.6554571,Actively managed,941_1_1688_371330_m_239
Dusky Hopping-mouse,Mammals,Vulnerable,South Australia,-31.5039367,139.6554571,Actively managed,941_1_1688_371331_m_239
Dusky Hopping-mouse,Mammals,Vulnerable,South Australia,-31.5039367,139.6554571,Actively managed,941_1_1688_371332_m_239
Dusky Hopping-mouse,Mammals,Vulnerable,South Australia,-31.5039367,139.6554571,Actively managed,941_1_1688_371333_m_239
Dusky Hopping-mouse,Mammals,Vulnerable,South Australia,-31.5039367,139.6554571,No management,941_1_1688_371334_m_239
Dusky Hopping-mouse,Mammals,Vulnerable,South Australia,-29.22362453,139.9980636,Actively managed,941_1_1688_371335_m_239
Dusky Hopping-mouse,Mammals,Vulnerable,South Australia,-31.50136636,140.5628454,Actively managed,941_1_1688_371336_m_239
Dusky Hopping-mouse,Mammals,Vulnerable,South Australia,-31.50136636,140.5628454,Actively managed,941_1_1688_371337_m_239
Dusky Hopping-mouse,Mammals,Vulnerable,South Australia,-31.50136636,140.5628454,Actively managed,941_1_1688_371338_m_239
Dusky Hopping-mouse,Mammals,Vulnerable,South Australia,-30.56704355,138.798038,Actively managed,941_1_1688_371339_m_239
Dusky Hopping-mouse,Mammals,Vulnerable,South Australia,-29.22362453,139.9980636,Actively managed,941_1_1688_371340_m_239
Dusky Hopping-mouse,Mammals,Vulnerable,South Australia,-29.22362453,139.9980636,Actively managed,941_1_1688_371341_m_239
Dusky Hopping-mouse,Mammals,Vulnerable,South Australia,-30.56704355,138.798038,Actively managed,941_1_1688_371342_m_239
Dusky Hopping-mouse,Mammals,Vulnerable,South Australia,-30.56704355,138.798038,Actively managed,941_1_1688_371343_m_239
Dusky Hopping-mouse,Mammals,Vulnerable,South Australia,-29.22362453,139.9980636,Actively managed,941_1_1688_371345_m_239
Dusky Hopping-mouse,Mammals,Vulnerable,South Australia,-29.22362453,139.9980636,Actively managed,941_1_1688_371346_m_239
Dusky Hopping-mouse,Mammals,Vulnerable,South Australia,-29.22362453,139.9980636,Actively managed,941_1_1688_371347_m_239
Dusky Hopping-mouse,Mammals,Vulnerable,South Australia,-29.22362453,139.9980636,Actively managed,941_1_1688_371348_m_239
Dusky Hopping-mouse,Mammals,Vulnerable,South Australia,-31.5039367,139.6554571,Actively managed,941_1_1688_371350_m_239
Dusky Hopping-mouse,Mammals,Vulnerable,South Australia,-31.5039367,139.6554571,Actively managed,941_1_1688_371351_m_239
Dusky Hopping-mouse,Mammals,Vulnerable,South Australia,-31.5039367,139.6554571,Actively managed,941_1_1688_371352_m_239
Dusky Hopping-mouse,Mammals,Vulnerable,South Australia,-30.56704355,138.798038,Actively managed,941_1_1688_371353_m_239
Dusky Hopping-mouse,Mammals,Vulnerable,South Australia,-29.64617306,138.7296971,Actively managed,941_1_1688_371354_m_239
Dusky Hopping-mouse,Mammals,Vulnerable,South Australia,-29.64617306,138.7296971,Actively managed,941_1_1688_371355_m_239
Dusky Hopping-mouse,Mammals,Vulnerable,South Australia,-29.64617306,138.7296971,Actively managed,941_1_1688_371357_m_239
Dusky Hopping-mouse,Mammals,Vulnerable,South Australia,-29.64617306,138.7296971,Actively managed,941_1_1688_371358_m_239
Dusky Hopping-mouse,Mammals,Vulnerable,South Australia,-29.64617306,138.7296971,Actively managed,941_1_1688_371359_m_239
Dusky Hopping-mouse,Mammals,Vulnerable,South Australia,-29.64617306,138.7296971,Actively managed,941_1_1688_371361_m_239
Dusky Hopping-mouse,Mammals,Vulnerable,South Australia,-29.64617306,138.7296971,Actively managed,941_1_1688_371362_m_239
Dusky Hopping-mouse,Mammals,Vulnerable,South Australia,-29.64617306,138.7296971,Actively managed,941_1_1688_371365_m_239
Dusky Hopping-mouse,Mammals,Vulnerable,South Australia,-29.64617306,138.7296971,Actively managed,941_1_1688_371366_m_239
Dusky Hopping-mouse,Mammals,Vulnerable,South Australia,-29.64617306,138.7296971,Actively managed,941_1_1688_371370_m_239
Dusky Hopping-mouse,Mammals,Vulnerable,South Australia,-29.64617306,138.7296971,Actively managed,941_1_1688_371371_m_239
Dusky Hopping-mouse,Mammals,Vulnerable,South Australia,-29.64617306,138.7296971,Actively managed,941_1_1688_371372_m_239
Dusky Hopping-mouse,Mammals,Vulnerable,South Australia,-29.64617306,138.7296971,Actively managed,941_1_1688_371373_m_239
Dusky Hopping-mouse,Mammals,Vulnerable,South Australia,-29.64617306,138.7296971,Actively managed,941_1_1688_371375_m_239
Bridled Nailtail Wallaby,Mammals,Endangered,New South Wales,-33.55611994,142.5487265,Actively managed,575_2_389_401252_m_261
Bridled Nailtail Wallaby,Mammals,Endangered,New South Wales,-33.55611994,142.5487265,Actively managed,575_3_2034_401253_m_261
Bridled Nailtail Wallaby,Mammals,Endangered,New South Wales,-33.55611994,142.5487265,Actively managed,575_3_2034_401254_m_261
Bridled Nailtail Wallaby,Mammals,Endangered,Queensland,-25.15373562,144.1607806,Actively managed,705_3_509_250607_m_261
Bridled Nailtail Wallaby,Mammals,Endangered,Queensland,-25.15373562,144.1607806,Actively managed,728_124_533_268864_m_261
Bridled Nailtail Wallaby,Mammals,Endangered,Queensland,-23.15696621,148.745537,No management,1052_283_2045_368679_m_261
Australian Snubfin Dolphin,Mammals,Vulnerable,Western Australia,-18.31114598,122.3163212,Actively managed,1286_363_2234_391437_m_264
Australian Snubfin Dolphin,Mammals,Vulnerable,Western Australia,-15.26774165,125.3795586,Actively managed,1286_363_2234_391438_m_264
Platypus,Mammals,Near Threatened,Queensland,-27.75995263,152.6081037,Unknown,942_212_1691_373933_m_266
Platypus,Mammals,Near Threatened,Queensland,-27.75995263,152.6081037,Unknown,942_212_1691_373934_m_266
Platypus,Mammals,Near Threatened,Queensland,-27.1534329,152.8243086,Unknown,942_212_1691_373935_m_266
Platypus,Mammals,Near Threatened,Queensland,-27.75995263,152.6081037,Unknown,942_212_1691_373940_m_266
Platypus,Mammals,Near Threatened,Queensland,-27.75995263,152.6081037,Unknown,942_212_1691_373946_m_266
Platypus,Mammals,Near Threatened,Queensland,-27.75995263,152.6081037,Unknown,942_212_1691_373947_m_266
Platypus,Mammals,Near Threatened,Queensland,-27.75995263,152.6081037,Unknown,942_212_1691_373948_m_266
Platypus,Mammals,Near Threatened,Queensland,-27.75995263,152.6081037,Unknown,942_212_1691_373951_m_266
Platypus,Mammals,Near Threatened,Queensland,-27.75995263,152.6081037,Unknown,942_212_1691_373952_m_266
Platypus,Mammals,Near Threatened,Queensland,-27.75995263,152.6081037,Unknown,942_212_1691_373954_m_266
Platypus,Mammals,Near Threatened,Queensland,-27.75995263,152.6081037,Unknown,942_212_1691_373956_m_266
Platypus,Mammals,Near Threatened,Queensland,-27.75995263,152.6081037,Unknown,942_212_1691_373958_m_266
Platypus,Mammals,Near Threatened,Queensland,-27.1534329,152.8243086,Unknown,942_212_1691_373959_m_266
Platypus,Mammals,Near Threatened,Queensland,-27.1534329,152.8243086,Unknown,942_212_1691_373960_m_266
Platypus,Mammals,Near Threatened,Queensland,-27.1534329,152.8243086,Unknown,942_212_1691_373961_m_266
Platypus,Mammals,Near Threatened,Queensland,-27.20516781,153.3374921,Unknown,942_212_1691_373968_m_266
Platypus,Mammals,Near Threatened,Queensland,-27.20516781,153.3374921,Unknown,942_212_1691_373969_m_266
Platypus,Mammals,Near Threatened,Queensland,-27.20516781,153.3374921,Unknown,942_212_1691_373970_m_266
Platypus,Mammals,Near Threatened,Queensland,-27.1534329,152.8243086,Unknown,942_212_1691_373972_m_266
Platypus,Mammals,Near Threatened,Queensland,-27.1534329,152.8243086,Unknown,942_212_1691_373973_m_266
Platypus,Mammals,Near Threatened,Queensland,-27.1534329,152.8243086,Unknown,942_212_1691_373974_m_266
Platypus,Mammals,Near Threatened,Queensland,-27.20516781,153.3374921,Unknown,942_212_1691_373975_m_266
Platypus,Mammals,Near Threatened,Queensland,-27.1534329,152.8243086,Unknown,942_212_1691_373976_m_266
Platypus,Mammals,Near Threatened,Queensland,-27.1534329,152.8243086,Unknown,942_212_1691_373977_m_266
Platypus,Mammals,Near Threatened,Queensland,-27.20516781,153.3374921,Unknown,942_212_1691_373978_m_266
Platypus,Mammals,Near Threatened,Queensland,-27.20516781,153.3374921,Unknown,942_212_1691_373979_m_266
Platypus,Mammals,Near Threatened,Queensland,-27.20516781,153.3374921,Unknown,942_212_1691_373980_m_266
Platypus,Mammals,Near Threatened,Queensland,-27.1534329,152.8243086,Unknown,942_212_1691_373981_m_266
Dibbler,Mammals,Endangered,Western Australia,-31.91534834,115.4916095,Actively managed,604_95_408_254024_m_279
Dibbler,Mammals,Endangered,Western Australia,-31.91534834,115.4916095,Actively managed,604_95_408_254025_m_279
Western Barred Bandicoot,Mammals,Endangered,Western Australia,-24.98923633,113.1087818,Actively managed,609_97_2261_955757_m_281
Western Barred Bandicoot,Mammals,Endangered,Western Australia,-24.98923633,113.1087818,Actively managed,609_97_2261_955758_m_281
Western Barred Bandicoot,Mammals,Endangered,Western Australia,-24.98923633,113.1087818,Actively managed,622_104_441_371208_m_281
Western Barred Bandicoot,Mammals,Endangered,Western Australia,-28.79385455,116.9420456,Actively managed,977_370_1903_397204_m_281
Eastern Barred Bandicoot,Mammals,Vulnerable,Tasmania,-42.65599782,147.7519754,Actively managed,962_122_500_354652_m_286
Eastern Barred Bandicoot,Mammals,Vulnerable,Tasmania,-42.65599782,147.7519754,Actively managed,962_122_500_354653_m_286
Eastern Barred Bandicoot,Mammals,Vulnerable,Tasmania,-42.65599782,147.7519754,Actively managed,962_122_500_354654_m_286
Eastern Barred Bandicoot,Mammals,Vulnerable,Tasmania,-41.42075532,145.788359,Actively managed,962_267_1864_354655_m_286
Eastern Barred Bandicoot,Mammals,Vulnerable,Tasmania,-42.65599782,147.7519754,Actively managed,962_267_1864_354656_m_286
Eastern Barred Bandicoot,Mammals,Vulnerable,Tasmania,-42.65599782,147.7519754,Actively managed,962_267_1864_354657_m_286
Eastern Barred Bandicoot,Mammals,Vulnerable,Tasmania,-42.65599782,147.7519754,Actively managed,962_267_1864_354658_m_286
Eastern Barred Bandicoot,Mammals,Vulnerable,Victoria,-37.84704817,143.2517563,Unknown,1504_2_403_961303_m_286
Eastern Barred Bandicoot,Mammals,Vulnerable,Victoria,-37.21970708,144.8841341,Unknown,1504_2_1144_965172_m_286
Eastern Barred Bandicoot,Mammals,Vulnerable,Victoria,-37.84704817,143.2517563,Unknown,1504_2_1144_965174_m_286
Eastern Barred Bandicoot,Mammals,Vulnerable,Victoria,-37.84704817,143.2517563,Unknown,1504_2_1144_965176_m_286
Eastern Barred Bandicoot,Mammals,Vulnerable,Victoria,-37.84704817,143.2517563,Unknown,1504_2_1144_965177_m_286
Eastern Barred Bandicoot,Mammals,Vulnerable,Victoria,-37.84704817,143.2517563,Unknown,1504_2_1144_965183_m_286
Eastern Barred Bandicoot,Mammals,Vulnerable,Victoria,-37.84704817,143.2517563,Unknown,1504_2_1144_965184_m_286
Eastern Barred Bandicoot,Mammals,Vulnerable,Victoria,-37.84704817,143.2517563,Unknown,1504_2_1144_965185_m_286
Eastern Barred Bandicoot,Mammals,Vulnerable,Victoria,-37.84704817,143.2517563,Unknown,1504_2_1144_965186_m_286
Eastern Barred Bandicoot,Mammals,Vulnerable,Victoria,-37.84704817,143.2517563,Unknown,1504_2_1144_965187_m_286
Eastern Barred Bandicoot,Mammals,Vulnerable,Victoria,-37.84704817,143.2517563,Unknown,1504_2_1144_965188_m_286
Eastern Barred Bandicoot,Mammals,Vulnerable,Victoria,-37.84704817,143.2517563,Unknown,1504_2_1144_965191_m_286
Eastern Barred Bandicoot,Mammals,Vulnerable,Victoria,-37.84704817,143.2517563,Unknown,1504_2_1144_965192_m_286
Eastern Barred Bandicoot,Mammals,Vulnerable,Victoria,-37.84704817,143.2517563,Unknown,1504_2_1144_965198_m_286
Eastern Barred Bandicoot,Mammals,Vulnerable,Victoria,-37.84704817,143.2517563,Unknown,1504_2_1144_965203_m_286
Southern Greater Glider,Mammals,Endangered,Australian Capital Territory,-35.43876199,148.8460307,Unknown,1487_2_430_953760_m_296
Southern Greater Glider,Mammals,Endangered,Australian Capital Territory,-35.43876199,148.8460307,Unknown,1487_2_430_953761_m_296
Southern Greater Glider,Mammals,Endangered,Australian Capital Territory,-35.43876199,148.8460307,Unknown,1487_2_430_953762_m_296
Southern Greater Glider,Mammals,Endangered,Australian Capital Territory,-35.43876199,148.8460307,Unknown,1487_2_430_953763_m_296
Southern Greater Glider,Mammals,Endangered,Australian Capital Territory,-35.43876199,148.8460307,Unknown,1487_2_430_953769_m_296
Southern Greater Glider,Mammals,Endangered,Victoria,-37.34715227,148.3701071,Unknown,1504_2_430_962357_m_296
Southern Greater Glider,Mammals,Endangered,Victoria,-36.26694844,146.8284097,Unknown,1504_2_430_962363_m_296
Southern Greater Glider,Mammals,Endangered,Victoria,-36.88372003,146.7575184,Unknown,1504_2_430_962364_m_296
Southern Greater Glider,Mammals,Endangered,Victoria,-36.88372003,146.7575184,Unknown,1504_2_430_962372_m_296
Southern Greater Glider,Mammals,Endangered,Victoria,-37.67163105,146.4117217,Unknown,1504_2_430_962379_m_296
Southern Greater Glider,Mammals,Endangered,Victoria,-37.67163105,146.4117217,Unknown,1504_2_430_962384_m_296
Southern Greater Glider,Mammals,Endangered,Victoria,-36.88372003,146.7575184,Unknown,1504_2_430_962388_m_296
Southern Greater Glider,Mammals,Endangered,Victoria,-37.67163105,146.4117217,Unknown,1504_2_430_962389_m_296
Southern Greater Glider,Mammals,Endangered,Victoria,-37.67163105,146.4117217,Unknown,1504_2_430_962391_m_296
Southern Greater Glider,Mammals,Endangered,Victoria,-36.88372003,146.7575184,Unknown,1504_2_430_962392_m_296
Southern Greater Glider,Mammals,Endangered,Victoria,-37.67163105,146.4117217,Unknown,1504_2_430_962402_m_296
Southern Greater Glider,Mammals,Endangered,Victoria,-37.67163105,146.4117217,Unknown,1504_2_430_962403_m_296
Southern Greater Glider,Mammals,Endangered,Victoria,-37.21970708,144.8841341,Unknown,1504_2_430_962408_m_296
Southern Greater Glider,Mammals,Endangered,Victoria,-37.11906715,148.6075466,Unknown,1504_2_430_962426_m_296
Southern Greater Glider,Mammals,Endangered,Victoria,-37.32771421,148.9046701,Unknown,1504_2_430_962469_m_296
Southern Greater Glider,Mammals,Endangered,Victoria,-37.32771421,148.9046701,Unknown,1504_2_430_962471_m_296
Southern Greater Glider,Mammals,Endangered,Victoria,-37.32771421,148.9046701,Unknown,1504_2_430_962472_m_296
Southern Greater Glider,Mammals,Endangered,Victoria,-37.32771421,148.9046701,Unknown,1504_2_430_962473_m_296
Southern Greater Glider,Mammals,Endangered,Victoria,-37.32771421,148.9046701,Unknown,1504_2_430_962475_m_296
Southern Greater Glider,Mammals,Endangered,Victoria,-37.67163105,146.4117217,Unknown,1504_2_430_962498_m_296
Southern Greater Glider,Mammals,Endangered,Victoria,-37.67163105,146.4117217,Unknown,1504_2_430_962501_m_296
Southern Greater Glider,Mammals,Endangered,Victoria,-36.88372003,146.7575184,Unknown,1504_2_430_962507_m_296
Southern Greater Glider,Mammals,Endangered,Victoria,-36.88372003,146.7575184,Unknown,1504_2_430_962508_m_296
Southern Greater Glider,Mammals,Endangered,Victoria,-37.67163105,146.4117217,Unknown,1504_2_430_962512_m_296
Southern Greater Glider,Mammals,Endangered,Victoria,-36.88372003,146.7575184,Unknown,1504_2_430_962513_m_296
Southern Greater Glider,Mammals,Endangered,Victoria,-37.67163105,146.4117217,Unknown,1504_2_430_962521_m_296
Southern Greater Glider,Mammals,Endangered,Victoria,-37.21970708,144.8841341,Unknown,1504_2_430_962525_m_296
Southern Greater Glider,Mammals,Endangered,Victoria,-36.88372003,146.7575184,Unknown,1504_2_430_962534_m_296
Southern Greater Glider,Mammals,Endangered,Victoria,-37.20899415,146.8452524,Unknown,1504_2_430_962544_m_296
Southern Greater Glider,Mammals,Endangered,Victoria,-36.88372003,146.7575184,Unknown,1504_2_430_962547_m_296
Southern Greater Glider,Mammals,Endangered,Victoria,-37.20899415,146.8452524,Unknown,1504_2_430_962548_m_296
Southern Greater Glider,Mammals,Endangered,Victoria,-38.38643205,146.2603928,Unknown,1504_2_430_962549_m_296
Southern Greater Glider,Mammals,Endangered,Victoria,-37.21970708,144.8841341,Unknown,1504_2_430_962550_m_296
Southern Greater Glider,Mammals,Endangered,Victoria,-36.88372003,146.7575184,Unknown,1504_2_430_962560_m_296
Southern Greater Glider,Mammals,Endangered,Victoria,-37.67163105,146.4117217,Unknown,1504_2_430_962564_m_296
Southern Greater Glider,Mammals,Endangered,Victoria,-37.34715227,148.3701071,Unknown,1504_2_430_962566_m_296
Southern Greater Glider,Mammals,Endangered,Victoria,-37.67163105,146.4117217,Unknown,1504_2_430_962572_m_296
Southern Greater Glider,Mammals,Endangered,Victoria,-37.67163105,146.4117217,Unknown,1504_2_430_962585_m_296
Southern Greater Glider,Mammals,Endangered,Victoria,-38.42609551,146.1559245,Unknown,1504_2_430_962591_m_296
Southern Greater Glider,Mammals,Endangered,Victoria,-36.88372003,146.7575184,Unknown,1504_2_430_962595_m_296
Southern Greater Glider,Mammals,Endangered,Victoria,-36.88372003,146.7575184,Unknown,1504_2_430_962599_m_296
Southern Greater Glider,Mammals,Endangered,Victoria,-38.42609551,146.1559245,Unknown,1504_2_430_962621_m_296
Southern Greater Glider,Mammals,Endangered,Victoria,-38.42609551,146.1559245,Unknown,1504_2_430_962624_m_296
Southern Greater Glider,Mammals,Endangered,Victoria,-37.67163105,146.4117217,Unknown,1504_2_430_962627_m_296
Southern Greater Glider,Mammals,Endangered,Victoria,-37.32771421,148.9046701,Unknown,1504_2_430_962633_m_296
Southern Greater Glider,Mammals,Endangered,Victoria,-37.11906715,148.6075466,Unknown,1504_2_430_962638_m_296
Southern Greater Glider,Mammals,Endangered,Victoria,-37.21970708,144.8841341,Unknown,1504_2_430_962653_m_296
Southern Greater Glider,Mammals,Endangered,Victoria,-37.21970708,144.8841341,Unknown,1504_2_430_962662_m_296
Southern Greater Glider,Mammals,Endangered,Victoria,-37.67163105,146.4117217,Unknown,1504_2_430_962669_m_296
Southern Greater Glider,Mammals,Endangered,Victoria,-37.67163105,146.4117217,Unknown,1504_2_430_962682_m_296
Southern Greater Glider,Mammals,Endangered,Victoria,-37.67163105,146.4117217,Unknown,1504_2_430_962692_m_296
Southern Greater Glider,Mammals,Endangered,Victoria,-37.67163105,146.4117217,Unknown,1504_2_430_962697_m_296
Southern Greater Glider,Mammals,Endangered,Victoria,-37.67163105,146.4117217,Unknown,1504_2_430_962698_m_296
Southern Greater Glider,Mammals,Endangered,Victoria,-36.88372003,146.7575184,Unknown,1504_2_430_962706_m_296
Southern Greater Glider,Mammals,Endangered,Victoria,-36.88372003,146.7575184,Unknown,1504_2_430_962709_m_296
Southern Greater Glider,Mammals,Endangered,Victoria,-37.67163105,146.4117217,Unknown,1504_2_430_962716_m_296
Southern Greater Glider,Mammals,Endangered,Victoria,-37.21970708,144.8841341,Unknown,1504_2_430_962720_m_296
Southern Greater Glider,Mammals,Endangered,Victoria,-37.67163105,146.4117217,Unknown,1504_2_430_962730_m_296
Southern Greater Glider,Mammals,Endangered,Victoria,-37.21970708,144.8841341,Unknown,1504_2_430_962746_m_296
Southern Greater Glider,Mammals,Endangered,Victoria,-37.67163105,146.4117217,Unknown,1504_2_531_961515_m_296
Southern Greater Glider,Mammals,Endangered,Victoria,-37.20899415,146.8452524,Unknown,1504_2_531_961517_m_296
Southern Greater Glider,Mammals,Endangered,Victoria,-37.67163105,146.4117217,Unknown,1504_2_531_961529_m_296
Southern Greater Glider,Mammals,Endangered,Victoria,-38.42609551,146.1559245,Unknown,1504_2_531_961591_m_296
Southern Greater Glider,Mammals,Endangered,Victoria,-38.42609551,146.1559245,Unknown,1504_2_531_961595_m_296
Southern Greater Glider,Mammals,Endangered,Victoria,-38.38643205,146.2603928,Unknown,1504_2_531_961597_m_296
Southern Greater Glider,Mammals,Endangered,Victoria,-37.67163105,146.4117217,Unknown,1504_2_531_961601_m_296
Southern Greater Glider,Mammals,Endangered,Victoria,-37.67163105,146.4117217,Unknown,1504_2_1144_965212_m_296
Southern Greater Glider,Mammals,Endangered,Victoria,-36.88372003,146.7575184,Unknown,1504_2_1144_965218_m_296
Southern Greater Glider,Mammals,Endangered,Victoria,-37.67163105,146.4117217,Unknown,1504_2_1144_965225_m_296
Southern Greater Glider,Mammals,Endangered,Victoria,-36.88372003,146.7575184,Unknown,1504_2_1144_965228_m_296
Southern Greater Glider,Mammals,Endangered,Victoria,-37.67163105,146.4117217,Unknown,1504_2_1144_965231_m_296
Southern Greater Glider,Mammals,Endangered,Victoria,-36.88372003,146.7575184,Unknown,1504_2_1144_965244_m_296
Southern Greater Glider,Mammals,Endangered,Victoria,-37.20899415,146.8452524,Unknown,1504_2_1144_965261_m_296
Southern Greater Glider,Mammals,Endangered,Victoria,-37.67163105,146.4117217,Unknown,1504_2_1144_965268_m_296
Southern Greater Glider,Mammals,Endangered,Victoria,-36.88372003,146.7575184,Unknown,1504_2_1144_965272_m_296
Southern Greater Glider,Mammals,Endangered,Victoria,-36.26694844,146.8284097,Unknown,1504_2_1144_965273_m_296
Southern Greater Glider,Mammals,Endangered,Victoria,-37.34715227,148.3701071,Unknown,1504_2_1144_965274_m_296
Southern Greater Glider,Mammals,Endangered,Victoria,-37.75060845,148.9293261,Unknown,1504_2_1144_965281_m_296
Southern Greater Glider,Mammals,Endangered,Victoria,-36.88372003,146.7575184,Unknown,1504_2_1144_965283_m_296
Southern Greater Glider,Mammals,Endangered,Victoria,-37.67163105,146.4117217,Unknown,1504_2_1144_965295_m_296
Southern Greater Glider,Mammals,Endangered,Victoria,-36.88372003,146.7575184,Unknown,1504_2_1144_965297_m_296
Southern Greater Glider,Mammals,Endangered,Victoria,-37.21970708,144.8841341,Unknown,1504_2_1144_965304_m_296
Southern Greater Glider,Mammals,Endangered,Victoria,-37.21970708,144.8841341,Unknown,1504_2_1144_965309_m_296
Southern Greater Glider,Mammals,Endangered,Victoria,-37.32771421,148.9046701,Unknown,1504_2_1144_965325_m_296
Southern Greater Glider,Mammals,Endangered,Victoria,-37.75060845,148.9293261,Unknown,1504_2_1144_965326_m_296
Southern Greater Glider,Mammals,Endangered,Victoria,-38.42609551,146.1559245,Unknown,1504_2_1144_965416_m_296
Southern Greater Glider,Mammals,Endangered,Victoria,-37.20899415,146.8452524,Unknown,1504_2_1155_963196_m_296
Southern Greater Glider,Mammals,Endangered,Victoria,-36.88372003,146.7575184,Unknown,1504_2_1155_963197_m_296
Southern Greater Glider,Mammals,Endangered,Victoria,-36.88372003,146.7575184,Unknown,1504_2_1155_963198_m_296
Southern Greater Glider,Mammals,Endangered,Victoria,-36.88372003,146.7575184,Unknown,1504_2_1155_963201_m_296
Southern Greater Glider,Mammals,Endangered,Victoria,-36.88372003,146.7575184,Unknown,1504_2_1155_963202_m_296
Southern Greater Glider,Mammals,Endangered,Victoria,-37.67163105,146.4117217,Unknown,1504_2_1155_963203_m_296
Southern Greater Glider,Mammals,Endangered,Victoria,-36.88372003,146.7575184,Unknown,1504_2_1155_963204_m_296
Southern Greater Glider,Mammals,Endangered,Victoria,-37.67163105,146.4117217,Unknown,1504_2_1155_963205_m_296
Southern Greater Glider,Mammals,Endangered,Victoria,-37.67163105,146.4117217,Unknown,1504_2_1155_963206_m_296
Southern Greater Glider,Mammals,Endangered,Victoria,-37.67163105,146.4117217,Unknown,1504_2_1155_963208_m_296
Southern Greater Glider,Mammals,Endangered,Victoria,-37.67163105,146.4117217,Unknown,1504_2_1155_963209_m_296
Southern Greater Glider,Mammals,Endangered,Victoria,-37.20899415,146.8452524,Unknown,1504_2_1155_963210_m_296
Southern Greater Glider,Mammals,Endangered,Victoria,-37.20899415,146.8452524,Unknown,1504_2_1155_963211_m_296
Southern Greater Glider,Mammals,Endangered,Victoria,-37.67163105,146.4117217,Unknown,1504_2_1155_963212_m_296
Southern Greater Glider,Mammals,Endangered,Victoria,-37.67163105,146.4117217,Unknown,1504_2_1155_963214_m_296
Southern Greater Glider,Mammals,Endangered,Victoria,-37.20899415,146.8452524,Unknown,1504_2_1155_963215_m_296
Southern Greater Glider,Mammals,Endangered,Victoria,-37.67163105,146.4117217,Unknown,1504_2_1155_963216_m_296
Southern Greater Glider,Mammals,Endangered,Victoria,-37.67163105,146.4117217,Unknown,1504_2_1155_963217_m_296
Southern Greater Glider,Mammals,Endangered,Victoria,-37.67163105,146.4117217,Unknown,1504_2_1155_963218_m_296
Southern Greater Glider,Mammals,Endangered,Victoria,-37.67163105,146.4117217,Unknown,1504_2_1155_963220_m_296
Southern Greater Glider,Mammals,Endangered,Victoria,-37.20899415,146.8452524,Unknown,1504_2_1155_963221_m_296
Southern Greater Glider,Mammals,Endangered,Victoria,-37.67163105,146.4117217,Unknown,1504_2_1155_963224_m_296
Southern Greater Glider,Mammals,Endangered,Victoria,-37.67163105,146.4117217,Unknown,1504_2_1155_963226_m_296
Southern Greater Glider,Mammals,Endangered,Victoria,-37.20899415,146.8452524,Unknown,1504_2_1155_963227_m_296
Southern Greater Glider,Mammals,Endangered,Victoria,-37.67163105,146.4117217,Unknown,1504_2_1155_963230_m_296
Southern Greater Glider,Mammals,Endangered,Victoria,-37.67163105,146.4117217,Unknown,1504_2_1155_963240_m_296
Southern Greater Glider,Mammals,Endangered,Victoria,-37.67163105,146.4117217,Unknown,1504_2_1155_963241_m_296
Southern Greater Glider,Mammals,Endangered,Victoria,-37.11906715,148.6075466,Unknown,1504_2_1155_963251_m_296
Southern Greater Glider,Mammals,Endangered,Victoria,-37.32771421,148.9046701,Unknown,1504_2_1155_963255_m_296
Southern Greater Glider,Mammals,Endangered,Victoria,-37.32771421,148.9046701,Unknown,1504_2_1155_963256_m_296
Southern Greater Glider,Mammals,Endangered,Victoria,-37.67163105,146.4117217,Unknown,1504_2_1155_963262_m_296
Southern Greater Glider,Mammals,Endangered,Victoria,-36.88372003,146.7575184,Unknown,1504_2_1155_963267_m_296
Southern Greater Glider,Mammals,Endangered,Victoria,-36.88372003,146.7575184,Unknown,1504_2_1155_963279_m_296
Southern Greater Glider,Mammals,Endangered,Victoria,-37.67163105,146.4117217,Unknown,1504_2_1155_963280_m_296
Southern Greater Glider,Mammals,Endangered,Victoria,-37.67163105,146.4117217,Unknown,1504_2_1155_963289_m_296
Southern Greater Glider,Mammals,Endangered,Victoria,-36.88372003,146.7575184,Unknown,1504_2_1155_963290_m_296
Southern Greater Glider,Mammals,Endangered,Victoria,-37.67163105,146.4117217,Unknown,1504_2_1155_963291_m_296
Southern Greater Glider,Mammals,Endangered,Victoria,-37.67163105,146.4117217,Unknown,1504_2_1155_963292_m_296
Southern Greater Glider,Mammals,Endangered,Victoria,-36.88372003,146.7575184,Unknown,1504_2_1155_963297_m_296
Southern Greater Glider,Mammals,Endangered,Victoria,-37.75060845,148.9293261,Unknown,1504_2_1155_963298_m_296
Southern Greater Glider,Mammals,Endangered,Victoria,-36.88372003,146.7575184,Unknown,1504_2_1155_963299_m_296
Southern Greater Glider,Mammals,Endangered,Victoria,-36.88372003,146.7575184,Unknown,1504_2_1155_963300_m_296
Southern Greater Glider,Mammals,Endangered,Victoria,-36.88372003,146.7575184,Unknown,1504_2_1155_963301_m_296
Southern Greater Glider,Mammals,Endangered,Victoria,-36.88372003,146.7575184,Unknown,1504_2_1155_963302_m_296
Southern Greater Glider,Mammals,Endangered,Victoria,-37.67163105,146.4117217,Unknown,1504_2_1155_963305_m_296
Southern Greater Glider,Mammals,Endangered,Victoria,-36.88372003,146.7575184,Unknown,1504_2_1155_963307_m_296
Southern Greater Glider,Mammals,Endangered,Victoria,-37.67163105,146.4117217,Unknown,1504_2_1155_963311_m_296
Southern Greater Glider,Mammals,Endangered,Victoria,-36.88372003,146.7575184,Unknown,1504_2_1155_963326_m_296
Southern Greater Glider,Mammals,Endangered,Victoria,-36.88372003,146.7575184,Unknown,1504_2_1155_963350_m_296
Southern Greater Glider,Mammals,Endangered,Victoria,-36.88372003,146.7575184,Unknown,1504_2_1155_963352_m_296
Southern Greater Glider,Mammals,Endangered,Victoria,-37.34715227,148.3701071,Unknown,1504_2_1155_963355_m_296
Southern Greater Glider,Mammals,Endangered,Victoria,-37.34715227,148.3701071,Unknown,1504_2_1155_963356_m_296
Southern Greater Glider,Mammals,Endangered,Victoria,-37.34715227,148.3701071,Unknown,1504_2_1155_963367_m_296
Southern Greater Glider,Mammals,Endangered,Victoria,-36.88372003,146.7575184,Unknown,1504_2_1155_963371_m_296
Southern Greater Glider,Mammals,Endangered,Victoria,-36.88372003,146.7575184,Unknown,1504_2_1155_963375_m_296
Southern Greater Glider,Mammals,Endangered,Victoria,-36.88372003,146.7575184,Unknown,1504_2_1155_963379_m_296
Southern Greater Glider,Mammals,Endangered,Victoria,-37.34715227,148.3701071,Unknown,1504_2_1155_963408_m_296
Southern Greater Glider,Mammals,Endangered,Victoria,-37.34715227,148.3701071,Unknown,1504_2_1155_963415_m_296
Southern Greater Glider,Mammals,Endangered,Victoria,-37.34715227,148.3701071,Unknown,1504_2_1155_963465_m_296
Southern Greater Glider,Mammals,Endangered,Victoria,-37.67163105,146.4117217,Unknown,1504_2_1155_963486_m_296
Southern Greater Glider,Mammals,Endangered,Victoria,-36.88372003,146.7575184,Unknown,1504_2_1155_963496_m_296
Southern Greater Glider,Mammals,Endangered,Victoria,-37.21970708,144.8841341,Unknown,1504_2_1155_963497_m_296
Southern Greater Glider,Mammals,Endangered,Victoria,-37.67163105,146.4117217,Unknown,1504_2_1155_963504_m_296
Southern Greater Glider,Mammals,Endangered,Victoria,-37.67163105,146.4117217,Unknown,1504_2_1155_963512_m_296
Southern Greater Glider,Mammals,Endangered,Victoria,-36.88372003,146.7575184,Unknown,1504_2_1155_963516_m_296
Southern Greater Glider,Mammals,Endangered,Victoria,-36.88372003,146.7575184,Unknown,1504_2_1155_963517_m_296
Southern Greater Glider,Mammals,Endangered,Victoria,-36.88372003,146.7575184,Unknown,1504_2_1155_963522_m_296
Southern Greater Glider,Mammals,Endangered,Victoria,-36.88372003,146.7575184,Unknown,1504_2_1155_963523_m_296
Southern Greater Glider,Mammals,Endangered,Victoria,-37.20899415,146.8452524,Unknown,1504_2_1155_963525_m_296
Southern Greater Glider,Mammals,Endangered,Victoria,-36.88372003,146.7575184,Unknown,1504_2_1155_963526_m_296
Southern Greater Glider,Mammals,Endangered,Victoria,-36.88372003,146.7575184,Unknown,1504_2_1155_963540_m_296
Southern Greater Glider,Mammals,Endangered,Victoria,-36.88372003,146.7575184,Unknown,1504_2_1155_963541_m_296
Southern Greater Glider,Mammals,Endangered,Victoria,-36.88372003,146.7575184,Unknown,1504_2_1155_963553_m_296
Southern Greater Glider,Mammals,Endangered,Victoria,-37.67163105,146.4117217,Unknown,1504_2_1155_963561_m_296
Southern Greater Glider,Mammals,Endangered,Victoria,-37.67163105,146.4117217,Unknown,1504_2_1155_963567_m_296
Southern Greater Glider,Mammals,Endangered,Victoria,-37.67163105,146.4117217,Unknown,1504_2_1155_963580_m_296
Southern Greater Glider,Mammals,Endangered,Victoria,-37.67163105,146.4117217,Unknown,1504_2_1155_963581_m_296
Southern Greater Glider,Mammals,Endangered,Victoria,-37.67163105,146.4117217,Unknown,1504_2_1155_963664_m_296
Southern Greater Glider,Mammals,Endangered,Victoria,-37.34715227,148.3701071,Unknown,1504_2_1155_963668_m_296
Southern Greater Glider,Mammals,Endangered,Victoria,-37.34715227,148.3701071,Unknown,1504_2_1155_963674_m_296
Southern Greater Glider,Mammals,Endangered,Victoria,-37.21970708,144.8841341,Unknown,1504_2_1155_963694_m_296
Southern Greater Glider,Mammals,Endangered,Victoria,-37.75060845,148.9293261,Unknown,1504_2_1155_963727_m_296
Southern Greater Glider,Mammals,Endangered,Victoria,-37.34715227,148.3701071,Unknown,1504_2_1155_963728_m_296
Southern Greater Glider,Mammals,Endangered,Victoria,-38.42609551,146.1559245,Unknown,1504_2_1155_963729_m_296
Southern Greater Glider,Mammals,Endangered,Victoria,-37.75060845,148.9293261,Unknown,1504_2_1155_963731_m_296
Southern Greater Glider,Mammals,Endangered,Victoria,-37.67163105,146.4117217,Unknown,1504_2_1155_963757_m_296
Southern Greater Glider,Mammals,Endangered,Victoria,-37.75060845,148.9293261,Unknown,1504_2_1155_963761_m_296
Southern Greater Glider,Mammals,Endangered,Victoria,-37.67163105,146.4117217,Unknown,1504_2_1155_963762_m_296
Southern Greater Glider,Mammals,Endangered,Victoria,-37.34715227,148.3701071,Unknown,1504_2_1155_963768_m_296
Southern Greater Glider,Mammals,Endangered,Victoria,-37.67163105,146.4117217,Unknown,1504_2_1155_963769_m_296
Southern Greater Glider,Mammals,Endangered,Victoria,-37.67163105,146.4117217,Unknown,1504_2_1155_963770_m_296
Southern Greater Glider,Mammals,Endangered,Victoria,-37.67163105,146.4117217,Unknown,1504_2_1155_963771_m_296
Southern Greater Glider,Mammals,Endangered,Victoria,-37.67163105,146.4117217,Unknown,1504_2_1155_963772_m_296
Southern Greater Glider,Mammals,Endangered,Victoria,-37.67163105,146.4117217,Unknown,1504_2_1155_963773_m_296
Southern Greater Glider,Mammals,Endangered,Victoria,-37.67163105,146.4117217,Unknown,1504_2_1155_963774_m_296
Southern Greater Glider,Mammals,Endangered,Victoria,-37.67163105,146.4117217,Unknown,1504_2_1155_963775_m_296
Southern Greater Glider,Mammals,Endangered,Victoria,-37.67163105,146.4117217,Unknown,1504_2_1155_963777_m_296
Southern Greater Glider,Mammals,Endangered,Victoria,-37.67163105,146.4117217,Unknown,1504_2_1155_963778_m_296
Southern Greater Glider,Mammals,Endangered,Victoria,-37.67163105,146.4117217,Unknown,1504_2_1155_963779_m_296
Southern Greater Glider,Mammals,Endangered,Victoria,-37.67163105,146.4117217,Unknown,1504_2_1155_963781_m_296
Southern Greater Glider,Mammals,Endangered,Victoria,-37.67163105,146.4117217,Unknown,1504_2_1155_963782_m_296
Southern Greater Glider,Mammals,Endangered,Victoria,-37.67163105,146.4117217,Unknown,1504_2_1155_963787_m_296
Southern Greater Glider,Mammals,Endangered,Victoria,-37.67163105,146.4117217,Unknown,1504_2_1155_963788_m_296
Southern Greater Glider,Mammals,Endangered,Victoria,-37.67163105,146.4117217,Unknown,1504_2_1155_963790_m_296
Southern Greater Glider,Mammals,Endangered,Victoria,-37.67163105,146.4117217,Unknown,1504_2_1155_963791_m_296
Southern Greater Glider,Mammals,Endangered,Victoria,-37.67163105,146.4117217,Unknown,1504_2_1155_963797_m_296
Southern Greater Glider,Mammals,Endangered,Victoria,-37.67163105,146.4117217,Unknown,1504_2_1155_963800_m_296
Southern Greater Glider,Mammals,Endangered,Victoria,-37.67163105,146.4117217,Unknown,1504_2_1155_963803_m_296
Southern Greater Glider,Mammals,Endangered,Victoria,-37.67163105,146.4117217,Unknown,1504_2_1155_963804_m_296
Southern Greater Glider,Mammals,Endangered,Victoria,-37.67163105,146.4117217,Unknown,1504_2_1155_963805_m_296
Southern Greater Glider,Mammals,Endangered,Victoria,-37.20899415,146.8452524,Unknown,1504_2_1155_963816_m_296
Southern Greater Glider,Mammals,Endangered,Victoria,-37.20899415,146.8452524,Unknown,1504_2_1155_963817_m_296
Southern Greater Glider,Mammals,Endangered,Victoria,-37.67163105,146.4117217,Unknown,1504_2_1155_963823_m_296
Southern Greater Glider,Mammals,Endangered,Victoria,-37.67163105,146.4117217,Unknown,1504_2_1155_963834_m_296
Southern Greater Glider,Mammals,Endangered,Victoria,-37.11906715,148.6075466,Unknown,1504_2_1155_963836_m_296
Southern Greater Glider,Mammals,Endangered,Victoria,-37.32771421,148.9046701,Unknown,1504_2_1155_963840_m_296
Southern Greater Glider,Mammals,Endangered,Victoria,-37.32771421,148.9046701,Unknown,1504_2_1155_963841_m_296
Southern Greater Glider,Mammals,Endangered,Victoria,-37.34715227,148.3701071,Unknown,1504_2_1155_963860_m_296
Southern Greater Glider,Mammals,Endangered,Victoria,-37.34715227,148.3701071,Unknown,1504_2_1155_963861_m_296
Southern Greater Glider,Mammals,Endangered,Victoria,-37.34715227,148.3701071,Unknown,1504_2_1155_963863_m_296
Southern Greater Glider,Mammals,Endangered,Victoria,-37.34715227,148.3701071,Unknown,1504_2_1155_963864_m_296
Southern Greater Glider,Mammals,Endangered,Victoria,-37.34715227,148.3701071,Unknown,1504_2_1155_963865_m_296
Southern Greater Glider,Mammals,Endangered,Victoria,-37.34715227,148.3701071,Unknown,1504_2_1155_963866_m_296
Southern Greater Glider,Mammals,Endangered,Victoria,-37.20899415,146.8452524,Unknown,1504_2_1155_963876_m_296
Southern Greater Glider,Mammals,Endangered,Victoria,-37.67163105,146.4117217,Unknown,1504_2_1155_963882_m_296
Southern Greater Glider,Mammals,Endangered,Victoria,-37.20899415,146.8452524,Unknown,1504_2_1155_963885_m_296
Southern Greater Glider,Mammals,Endangered,Victoria,-37.20899415,146.8452524,Unknown,1504_2_1155_963887_m_296
Southern Greater Glider,Mammals,Endangered,Victoria,-37.32771421,148.9046701,Unknown,1504_2_1155_963918_m_296
Southern Greater Glider,Mammals,Endangered,Victoria,-37.32771421,148.9046701,Unknown,1504_2_1155_963919_m_296
Southern Greater Glider,Mammals,Endangered,Victoria,-37.32771421,148.9046701,Unknown,1504_2_1155_963920_m_296
Southern Greater Glider,Mammals,Endangered,Victoria,-37.11906715,148.6075466,Unknown,1504_2_1155_963921_m_296
Southern Greater Glider,Mammals,Endangered,Victoria,-37.32771421,148.9046701,Unknown,1504_2_1155_963922_m_296
Southern Greater Glider,Mammals,Endangered,Victoria,-37.34715227,148.3701071,Unknown,1504_2_1155_963923_m_296
Southern Greater Glider,Mammals,Endangered,Victoria,-37.34715227,148.3701071,Unknown,1504_2_1155_963924_m_296
Southern Greater Glider,Mammals,Endangered,Victoria,-37.75060845,148.9293261,Unknown,1504_2_1155_963925_m_296
Southern Greater Glider,Mammals,Endangered,Victoria,-37.75060845,148.9293261,Unknown,1504_2_1155_963926_m_296
Southern Greater Glider,Mammals,Endangered,Victoria,-36.88372003,146.7575184,Unknown,1504_2_1155_963930_m_296
Southern Greater Glider,Mammals,Endangered,Victoria,-37.67163105,146.4117217,Unknown,1504_2_1155_963932_m_296
Southern Greater Glider,Mammals,Endangered,Victoria,-37.20899415,146.8452524,Unknown,1504_2_1155_963936_m_296
Southern Greater Glider,Mammals,Endangered,Victoria,-38.42609551,146.1559245,Unknown,1504_2_1155_963938_m_296
Southern Greater Glider,Mammals,Endangered,Victoria,-36.88372003,146.7575184,Unknown,1504_2_1155_963948_m_296
Southern Greater Glider,Mammals,Endangered,Victoria,-36.88372003,146.7575184,Unknown,1504_2_1155_963949_m_296
Southern Greater Glider,Mammals,Endangered,Victoria,-37.20899415,146.8452524,Unknown,1504_2_1155_963950_m_296
Southern Greater Glider,Mammals,Endangered,Victoria,-37.34715227,148.3701071,Unknown,1504_2_1155_963951_m_296
Southern Greater Glider,Mammals,Endangered,Victoria,-37.32771421,148.9046701,Unknown,1504_2_1155_963952_m_296
Southern Greater Glider,Mammals,Endangered,Victoria,-37.67163105,146.4117217,Unknown,1504_2_1155_963955_m_296
Southern Greater Glider,Mammals,Endangered,Victoria,-36.88372003,146.7575184,Unknown,1504_2_1155_963958_m_296
Southern Greater Glider,Mammals,Endangered,Victoria,-37.11906715,148.6075466,Unknown,1504_2_1155_964023_m_296
Southern Greater Glider,Mammals,Endangered,Victoria,-37.75060845,148.9293261,Unknown,1504_2_1155_964044_m_296
Southern Greater Glider,Mammals,Endangered,Victoria,-37.11906715,148.6075466,Unknown,1504_2_1155_964051_m_296
Southern Greater Glider,Mammals,Endangered,Victoria,-37.11906715,148.6075466,Unknown,1504_2_1155_964094_m_296
Southern Greater Glider,Mammals,Endangered,Victoria,-37.11906715,148.6075466,Unknown,1504_2_1155_964096_m_296
Southern Greater Glider,Mammals,Endangered,Victoria,-37.11906715,148.6075466,Unknown,1504_2_1155_964097_m_296
Southern Greater Glider,Mammals,Endangered,Victoria,-36.88372003,146.7575184,Unknown,1504_2_1155_964103_m_296
Southern Greater Glider,Mammals,Endangered,Victoria,-36.88372003,146.7575184,Unknown,1504_2_1155_964104_m_296
Southern Greater Glider,Mammals,Endangered,Victoria,-36.88372003,146.7575184,Unknown,1504_2_1155_964105_m_296
Southern Greater Glider,Mammals,Endangered,Victoria,-36.88372003,146.7575184,Unknown,1504_2_1155_964106_m_296
Southern Greater Glider,Mammals,Endangered,Victoria,-36.88372003,146.7575184,Unknown,1504_2_1155_964107_m_296
Southern Greater Glider,Mammals,Endangered,Victoria,-36.88372003,146.7575184,Unknown,1504_2_1155_964108_m_296
Southern Greater Glider,Mammals,Endangered,Victoria,-36.88372003,146.7575184,Unknown,1504_2_1155_964109_m_296
Southern Greater Glider,Mammals,Endangered,Victoria,-36.88372003,146.7575184,Unknown,1504_2_1155_964115_m_296
Southern Greater Glider,Mammals,Endangered,Victoria,-36.88372003,146.7575184,Unknown,1504_2_1155_964116_m_296
Southern Greater Glider,Mammals,Endangered,Victoria,-36.88372003,146.7575184,Unknown,1504_2_1155_964117_m_296
Southern Greater Glider,Mammals,Endangered,Victoria,-36.88372003,146.7575184,Unknown,1504_2_1155_964118_m_296
Southern Greater Glider,Mammals,Endangered,Victoria,-37.21970708,144.8841341,Unknown,1504_2_1155_964119_m_296
Southern Greater Glider,Mammals,Endangered,Victoria,-36.88372003,146.7575184,Unknown,1504_2_1155_964120_m_296
Southern Greater Glider,Mammals,Endangered,Victoria,-37.21970708,144.8841341,Unknown,1504_2_1155_964121_m_296
Southern Greater Glider,Mammals,Endangered,Victoria,-37.21970708,144.8841341,Unknown,1504_2_1155_964124_m_296
Southern Greater Glider,Mammals,Endangered,Victoria,-37.34715227,148.3701071,Unknown,1504_2_1155_964198_m_296
Southern Greater Glider,Mammals,Endangered,Victoria,-37.21970708,144.8841341,Unknown,1504_2_1161_963005_m_296
Southern Greater Glider,Mammals,Endangered,Victoria,-37.21970708,144.8841341,Unknown,1504_2_1161_963007_m_296
Southern Greater Glider,Mammals,Endangered,Victoria,-37.21970708,144.8841341,Unknown,1504_2_1161_963008_m_296
Southern Greater Glider,Mammals,Endangered,Victoria,-37.75060845,148.9293261,Unknown,1504_2_1161_963017_m_296
Southern Greater Glider,Mammals,Endangered,Victoria,-37.75060845,148.9293261,Unknown,1504_2_1161_963019_m_296
Southern Greater Glider,Mammals,Endangered,Victoria,-37.21970708,144.8841341,Unknown,1504_2_1161_963032_m_296
Southern Greater Glider,Mammals,Endangered,Victoria,-37.21970708,144.8841341,Unknown,1504_2_1161_963033_m_296
Southern Greater Glider,Mammals,Endangered,Victoria,-37.21970708,144.8841341,Unknown,1504_2_1161_963035_m_296
Southern Greater Glider,Mammals,Endangered,Victoria,-37.21970708,144.8841341,Unknown,1504_2_1161_963036_m_296
Southern Greater Glider,Mammals,Endangered,Victoria,-37.67163105,146.4117217,Unknown,1504_2_1168_965015_m_296
Southern Greater Glider,Mammals,Endangered,Victoria,-37.67163105,146.4117217,Unknown,1504_2_1168_965022_m_296
Southern Greater Glider,Mammals,Endangered,Victoria,-37.67163105,146.4117217,Unknown,1504_2_1168_965029_m_296
Southern Greater Glider,Mammals,Endangered,Victoria,-37.67163105,146.4117217,Unknown,1504_2_1168_965031_m_296
Southern Greater Glider,Mammals,Endangered,Victoria,-37.67163105,146.4117217,Unknown,1504_2_1168_965032_m_296
Southern Greater Glider,Mammals,Endangered,Victoria,-37.67163105,146.4117217,Unknown,1504_2_1168_965039_m_296
Southern Greater Glider,Mammals,Endangered,Victoria,-37.67163105,146.4117217,Unknown,1504_2_1168_965045_m_296
Southern Greater Glider,Mammals,Endangered,Victoria,-37.67163105,146.4117217,Unknown,1504_2_1168_965046_m_296
Southern Greater Glider,Mammals,Endangered,Victoria,-37.20899415,146.8452524,Unknown,1504_2_1168_965054_m_296
Southern Greater Glider,Mammals,Endangered,Victoria,-37.67163105,146.4117217,Unknown,1504_2_1168_965062_m_296
Southern Greater Glider,Mammals,Endangered,Victoria,-37.67163105,146.4117217,Unknown,1504_2_1168_965066_m_296
Yellow-bellied Glider,Mammals,Near Threatened,New South Wales,-28.67190564,152.6169784,Unknown,641_345_2072_951966_m_299
Yellow-bellied Glider,Mammals,Near Threatened,New South Wales,-28.67190564,152.6169784,Unknown,641_345_2072_951968_m_299
Yellow-bellied Glider,Mammals,Near Threatened,New South Wales,-28.67190564,152.6169784,Unknown,641_345_2072_951970_m_299
Yellow-bellied Glider,Mammals,Near Threatened,New South Wales,-28.67190564,152.6169784,Unknown,641_345_2072_951972_m_299
Yellow-bellied Glider,Mammals,Near Threatened,New South Wales,-28.67190564,152.6169784,Unknown,641_345_2072_951974_m_299
Yellow-bellied Glider,Mammals,Near Threatened,New South Wales,-28.67190564,152.6169784,Unknown,641_345_2072_951976_m_299
Yellow-bellied Glider,Mammals,Near Threatened,New South Wales,-28.67190564,152.6169784,Unknown,641_345_2072_951978_m_299
Yellow-bellied Glider,Mammals,Near Threatened,New South Wales,-28.67190564,152.6169784,Unknown,641_345_2072_951980_m_299
Yellow-bellied Glider,Mammals,Near Threatened,New South Wales,-28.67190564,152.6169784,Unknown,641_345_2072_951982_m_299
Yellow-bellied Glider,Mammals,Near Threatened,New South Wales,-28.67190564,152.6169784,Unknown,641_345_2072_951984_m_299
Yellow-bellied Glider,Mammals,Near Threatened,New South Wales,-28.67190564,152.6169784,Unknown,641_345_2072_951986_m_299
Yellow-bellied Glider,Mammals,Near Threatened,New South Wales,-28.67190564,152.6169784,Unknown,641_345_2072_951988_m_299
Yellow-bellied Glider,Mammals,Near Threatened,New South Wales,-28.67190564,152.6169784,Unknown,641_345_2072_951990_m_299
Yellow-bellied Glider,Mammals,Near Threatened,New South Wales,-28.67190564,152.6169784,Unknown,641_345_2072_951992_m_299
Yellow-bellied Glider,Mammals,Near Threatened,New South Wales,-28.67190564,152.6169784,Unknown,641_345_2072_951994_m_299
Yellow-bellied Glider,Mammals,Near Threatened,New South Wales,-28.67190564,152.6169784,Unknown,641_345_2072_951996_m_299
Yellow-bellied Glider,Mammals,Near Threatened,New South Wales,-28.67190564,152.6169784,Unknown,641_345_2072_951998_m_299
Yellow-bellied Glider,Mammals,Near Threatened,New South Wales,-28.67190564,152.6169784,Unknown,641_345_2072_952000_m_299
Yellow-bellied Glider,Mammals,Near Threatened,New South Wales,-28.67190564,152.6169784,Unknown,641_345_2072_952002_m_299
Yellow-bellied Glider,Mammals,Near Threatened,New South Wales,-28.67190564,152.6169784,Unknown,641_345_2072_952004_m_299
Yellow-bellied Glider,Mammals,Near Threatened,New South Wales,-28.67190564,152.6169784,Unknown,641_345_2072_952006_m_299
Yellow-bellied Glider,Mammals,Near Threatened,New South Wales,-28.67190564,152.6169784,Unknown,641_345_2072_952008_m_299
Yellow-bellied Glider,Mammals,Near Threatened,New South Wales,-28.67190564,152.6169784,Unknown,641_345_2072_952010_m_299
Yellow-bellied Glider,Mammals,Near Threatened,New South Wales,-28.67190564,152.6169784,Unknown,641_345_2072_952012_m_299
Yellow-bellied Glider,Mammals,Near Threatened,New South Wales,-28.67190564,152.6169784,Unknown,641_345_2072_952014_m_299
Yellow-bellied Glider,Mammals,Near Threatened,New South Wales,-28.67190564,152.6169784,Unknown,641_345_2072_952016_m_299
Yellow-bellied Glider,Mammals,Near Threatened,New South Wales,-28.67190564,152.6169784,Unknown,641_345_2072_952018_m_299
Yellow-bellied Glider,Mammals,Near Threatened,New South Wales,-28.67190564,152.6169784,Unknown,641_345_2072_952020_m_299
Yellow-bellied Glider,Mammals,Near Threatened,New South Wales,-28.67190564,152.6169784,Unknown,641_345_2072_952022_m_299
Yellow-bellied Glider,Mammals,Near Threatened,New South Wales,-28.67190564,152.6169784,Unknown,641_345_2072_952024_m_299
Yellow-bellied Glider,Mammals,Near Threatened,New South Wales,-28.67190564,152.6169784,Unknown,641_345_2072_952026_m_299
Yellow-bellied Glider,Mammals,Near Threatened,New South Wales,-31.23160852,152.7979609,Unknown,641_345_2072_952039_m_299
Yellow-bellied Glider,Mammals,Near Threatened,New South Wales,-31.23160852,152.7979609,Unknown,641_345_2072_952042_m_299
Yellow-bellied Glider,Mammals,Near Threatened,New South Wales,-31.23160852,152.7979609,Unknown,641_345_2072_952043_m_299
Yellow-bellied Glider,Mammals,Near Threatened,New South Wales,-31.23160852,152.7979609,Unknown,641_345_2072_952048_m_299
Yellow-bellied Glider,Mammals,Near Threatened,New South Wales,-31.23160852,152.7979609,Unknown,641_345_2072_952055_m_299
Yellow-bellied Glider,Mammals,Near Threatened,New South Wales,-31.23160852,152.7979609,Unknown,641_345_2072_952056_m_299
Yellow-bellied Glider,Mammals,Near Threatened,New South Wales,-31.23160852,152.7979609,Unknown,641_345_2072_952059_m_299
Yellow-bellied Glider,Mammals,Near Threatened,New South Wales,-31.23160852,152.7979609,Unknown,641_345_2072_952060_m_299
Yellow-bellied Glider,Mammals,Near Threatened,New South Wales,-31.23160852,152.7979609,Unknown,641_345_2072_952076_m_299
Yellow-bellied Glider,Mammals,Near Threatened,New South Wales,-31.23160852,152.7979609,Unknown,641_345_2072_952078_m_299
Yellow-bellied Glider,Mammals,Near Threatened,New South Wales,-31.23160852,152.7979609,Unknown,641_345_2072_952080_m_299
Yellow-bellied Glider,Mammals,Near Threatened,New South Wales,-31.23160852,152.7979609,Unknown,641_345_2072_952081_m_299
Yellow-bellied Glider,Mammals,Near Threatened,New South Wales,-31.23160852,152.7979609,Unknown,641_345_2072_952082_m_299
Yellow-bellied Glider,Mammals,Near Threatened,New South Wales,-31.23160852,152.7979609,Unknown,641_345_2072_952093_m_299
Yellow-bellied Glider,Mammals,Near Threatened,New South Wales,-31.23160852,152.7979609,Unknown,641_345_2072_952094_m_299
Yellow-bellied Glider,Mammals,Near Threatened,New South Wales,-31.23160852,152.7979609,Unknown,641_345_2072_952096_m_299
Yellow-bellied Glider,Mammals,Near Threatened,New South Wales,-31.23160852,152.7979609,Unknown,641_345_2072_952097_m_299
Yellow-bellied Glider,Mammals,Near Threatened,New South Wales,-31.23160852,152.7979609,Unknown,641_345_2072_952098_m_299
Yellow-bellied Glider,Mammals,Near Threatened,New South Wales,-31.23160852,152.7979609,Unknown,641_345_2072_952100_m_299
Yellow-bellied Glider,Mammals,Near Threatened,New South Wales,-31.23160852,152.7979609,Unknown,641_345_2072_952102_m_299
Yellow-bellied Glider,Mammals,Near Threatened,New South Wales,-31.23160852,152.7979609,Unknown,641_345_2072_952103_m_299
Yellow-bellied Glider,Mammals,Near Threatened,New South Wales,-31.23160852,152.7979609,Unknown,641_345_2072_952106_m_299
Yellow-bellied Glider,Mammals,Near Threatened,New South Wales,-31.23160852,152.7979609,Unknown,641_345_2072_952107_m_299
Yellow-bellied Glider,Mammals,Near Threatened,New South Wales,-31.23160852,152.7979609,Unknown,641_345_2072_952110_m_299
Yellow-bellied Glider,Mammals,Near Threatened,New South Wales,-31.23160852,152.7979609,Unknown,641_345_2072_952111_m_299
Yellow-bellied Glider,Mammals,Near Threatened,New South Wales,-31.23160852,152.7979609,Unknown,641_345_2072_952112_m_299
Yellow-bellied Glider,Mammals,Near Threatened,New South Wales,-31.23160852,152.7979609,Unknown,641_345_2072_952113_m_299
Yellow-bellied Glider,Mammals,Near Threatened,New South Wales,-31.23160852,152.7979609,Unknown,641_345_2072_952114_m_299
Yellow-bellied Glider,Mammals,Near Threatened,New South Wales,-31.23160852,152.7979609,Unknown,641_345_2072_952115_m_299
Yellow-bellied Glider,Mammals,Near Threatened,New South Wales,-31.23160852,152.7979609,Unknown,641_345_2072_952119_m_299
Yellow-bellied Glider,Mammals,Near Threatened,New South Wales,-31.23160852,152.7979609,Unknown,641_345_2072_952120_m_299
Yellow-bellied Glider,Mammals,Near Threatened,New South Wales,-31.23160852,152.7979609,Unknown,641_345_2072_952123_m_299
Yellow-bellied Glider,Mammals,Near Threatened,New South Wales,-31.23160852,152.7979609,Unknown,641_345_2072_952124_m_299
Yellow-bellied Glider,Mammals,Near Threatened,New South Wales,-35.59385181,148.3174358,No management,681_1_2001_268895_m_299
Yellow-bellied Glider,Mammals,Near Threatened,Queensland,-17.42540421,145.5410436,Unknown,684_2_1650_250641_m_299
Yellow-bellied Glider,Mammals,Near Threatened,Queensland,-17.42540421,145.5410436,Unknown,684_2_1650_250642_m_299
Yellow-bellied Glider,Mammals,Near Threatened,Victoria,-37.34715227,148.3701071,Unknown,1504_2_430_962760_m_299
Yellow-bellied Glider,Mammals,Near Threatened,Victoria,-37.75060845,148.9293261,Unknown,1504_2_430_962762_m_299
Yellow-bellied Glider,Mammals,Near Threatened,Victoria,-37.67163105,146.4117217,Unknown,1504_2_430_962768_m_299
Yellow-bellied Glider,Mammals,Near Threatened,Victoria,-37.67163105,146.4117217,Unknown,1504_2_430_962773_m_299
Yellow-bellied Glider,Mammals,Near Threatened,Victoria,-37.67163105,146.4117217,Unknown,1504_2_430_962774_m_299
Yellow-bellied Glider,Mammals,Near Threatened,Victoria,-36.88372003,146.7575184,Unknown,1504_2_430_962775_m_299
Yellow-bellied Glider,Mammals,Near Threatened,Victoria,-37.32771421,148.9046701,Unknown,1504_2_430_962784_m_299
Yellow-bellied Glider,Mammals,Near Threatened,Victoria,-37.32771421,148.9046701,Unknown,1504_2_430_962786_m_299
Yellow-bellied Glider,Mammals,Near Threatened,Victoria,-37.32771421,148.9046701,Unknown,1504_2_430_962801_m_299
Yellow-bellied Glider,Mammals,Near Threatened,Victoria,-36.88372003,146.7575184,Unknown,1504_2_430_962877_m_299
Yellow-bellied Glider,Mammals,Near Threatened,Victoria,-37.67163105,146.4117217,Unknown,1504_2_430_962977_m_299
Yellow-bellied Glider,Mammals,Near Threatened,Victoria,-37.67163105,146.4117217,Unknown,1504_2_430_962996_m_299
Yellow-bellied Glider,Mammals,Near Threatened,Victoria,-37.67163105,146.4117217,Unknown,1504_2_531_961615_m_299
Yellow-bellied Glider,Mammals,Near Threatened,Victoria,-36.88372003,146.7575184,Unknown,1504_2_531_961616_m_299
Yellow-bellied Glider,Mammals,Near Threatened,Victoria,-37.67163105,146.4117217,Unknown,1504_2_531_961619_m_299
Yellow-bellied Glider,Mammals,Near Threatened,Victoria,-37.67163105,146.4117217,Unknown,1504_2_531_961620_m_299
Yellow-bellied Glider,Mammals,Near Threatened,Victoria,-37.67163105,146.4117217,Unknown,1504_2_531_961621_m_299
Yellow-bellied Glider,Mammals,Near Threatened,Victoria,-37.67163105,146.4117217,Unknown,1504_2_531_961622_m_299
Yellow-bellied Glider,Mammals,Near Threatened,Victoria,-37.67163105,146.4117217,Unknown,1504_2_531_961630_m_299
Yellow-bellied Glider,Mammals,Near Threatened,Victoria,-36.88372003,146.7575184,Unknown,1504_2_531_961645_m_299
Yellow-bellied Glider,Mammals,Near Threatened,Victoria,-37.34715227,148.3701071,Unknown,1504_2_531_961665_m_299
Yellow-bellied Glider,Mammals,Near Threatened,Victoria,-37.32771421,148.9046701,Unknown,1504_2_531_961667_m_299
Yellow-bellied Glider,Mammals,Near Threatened,Victoria,-37.34715227,148.3701071,Unknown,1504_2_531_961668_m_299
Yellow-bellied Glider,Mammals,Near Threatened,Victoria,-37.20899415,146.8452524,Unknown,1504_2_531_961683_m_299
Yellow-bellied Glider,Mammals,Near Threatened,Victoria,-37.67163105,146.4117217,Unknown,1504_2_531_961707_m_299
Yellow-bellied Glider,Mammals,Near Threatened,Victoria,-37.34715227,148.3701071,Unknown,1504_2_531_961715_m_299
Yellow-bellied Glider,Mammals,Near Threatened,Victoria,-37.67163105,146.4117217,Unknown,1504_2_531_961774_m_299
Yellow-bellied Glider,Mammals,Near Threatened,Victoria,-37.67163105,146.4117217,Unknown,1504_2_531_961783_m_299
Yellow-bellied Glider,Mammals,Near Threatened,Victoria,-36.88372003,146.7575184,Unknown,1504_2_531_961784_m_299
Yellow-bellied Glider,Mammals,Near Threatened,Victoria,-37.67163105,146.4117217,Unknown,1504_2_531_961805_m_299
Yellow-bellied Glider,Mammals,Near Threatened,Victoria,-37.67163105,146.4117217,Unknown,1504_2_531_961808_m_299
Yellow-bellied Glider,Mammals,Near Threatened,Victoria,-37.67163105,146.4117217,Unknown,1504_2_531_961813_m_299
Yellow-bellied Glider,Mammals,Near Threatened,Victoria,-37.20899415,146.8452524,Unknown,1504_2_531_961818_m_299
Yellow-bellied Glider,Mammals,Near Threatened,Victoria,-37.20899415,146.8452524,Unknown,1504_2_531_961828_m_299
Yellow-bellied Glider,Mammals,Near Threatened,Victoria,-37.67163105,146.4117217,Unknown,1504_2_531_961832_m_299
Yellow-bellied Glider,Mammals,Near Threatened,Victoria,-37.67163105,146.4117217,Unknown,1504_2_531_961852_m_299
Yellow-bellied Glider,Mammals,Near Threatened,Victoria,-37.67163105,146.4117217,Unknown,1504_2_531_961856_m_299
Yellow-bellied Glider,Mammals,Near Threatened,Victoria,-36.88372003,146.7575184,Unknown,1504_2_531_961886_m_299
Yellow-bellied Glider,Mammals,Near Threatened,Victoria,-37.67163105,146.4117217,Unknown,1504_2_531_961897_m_299
Yellow-bellied Glider,Mammals,Near Threatened,Victoria,-37.67163105,146.4117217,Unknown,1504_2_531_961898_m_299
Yellow-bellied Glider,Mammals,Near Threatened,Victoria,-37.67163105,146.4117217,Unknown,1504_2_531_961925_m_299
Yellow-bellied Glider,Mammals,Near Threatened,Victoria,-37.67163105,146.4117217,Unknown,1504_2_531_961926_m_299
Yellow-bellied Glider,Mammals,Near Threatened,Victoria,-37.67163105,146.4117217,Unknown,1504_2_531_961927_m_299
Yellow-bellied Glider,Mammals,Near Threatened,Victoria,-37.67163105,146.4117217,Unknown,1504_2_531_961928_m_299
Yellow-bellied Glider,Mammals,Near Threatened,Victoria,-37.67163105,146.4117217,Unknown,1504_2_531_961929_m_299
Yellow-bellied Glider,Mammals,Near Threatened,Victoria,-37.67163105,146.4117217,Unknown,1504_2_531_961930_m_299
Yellow-bellied Glider,Mammals,Near Threatened,Victoria,-37.67163105,146.4117217,Unknown,1504_2_531_961931_m_299
Yellow-bellied Glider,Mammals,Near Threatened,Victoria,-37.67163105,146.4117217,Unknown,1504_2_531_961932_m_299
Yellow-bellied Glider,Mammals,Near Threatened,Victoria,-37.67163105,146.4117217,Unknown,1504_2_531_961934_m_299
Yellow-bellied Glider,Mammals,Near Threatened,Victoria,-37.67163105,146.4117217,Unknown,1504_2_531_961935_m_299
Yellow-bellied Glider,Mammals,Near Threatened,Victoria,-37.67163105,146.4117217,Unknown,1504_2_531_961936_m_299
Yellow-bellied Glider,Mammals,Near Threatened,Victoria,-37.67163105,146.4117217,Unknown,1504_2_531_961942_m_299
Yellow-bellied Glider,Mammals,Near Threatened,Victoria,-37.67163105,146.4117217,Unknown,1504_2_531_961944_m_299
Yellow-bellied Glider,Mammals,Near Threatened,Victoria,-37.67163105,146.4117217,Unknown,1504_2_531_961946_m_299
Yellow-bellied Glider,Mammals,Near Threatened,Victoria,-37.67163105,146.4117217,Unknown,1504_2_531_961947_m_299
Yellow-bellied Glider,Mammals,Near Threatened,Victoria,-37.67163105,146.4117217,Unknown,1504_2_531_961948_m_299
Yellow-bellied Glider,Mammals,Near Threatened,Victoria,-37.67163105,146.4117217,Unknown,1504_2_531_961952_m_299
Yellow-bellied Glider,Mammals,Near Threatened,Victoria,-37.67163105,146.4117217,Unknown,1504_2_531_961953_m_299
Yellow-bellied Glider,Mammals,Near Threatened,Victoria,-37.67163105,146.4117217,Unknown,1504_2_531_961954_m_299
Yellow-bellied Glider,Mammals,Near Threatened,Victoria,-37.67163105,146.4117217,Unknown,1504_2_531_961960_m_299
Yellow-bellied Glider,Mammals,Near Threatened,Victoria,-37.67163105,146.4117217,Unknown,1504_2_531_961961_m_299
Yellow-bellied Glider,Mammals,Near Threatened,Victoria,-37.67163105,146.4117217,Unknown,1504_2_531_961962_m_299
Yellow-bellied Glider,Mammals,Near Threatened,Victoria,-37.67163105,146.4117217,Unknown,1504_2_531_961963_m_299
Yellow-bellied Glider,Mammals,Near Threatened,Victoria,-37.67163105,146.4117217,Unknown,1504_2_531_961967_m_299
Yellow-bellied Glider,Mammals,Near Threatened,Victoria,-37.20899415,146.8452524,Unknown,1504_2_531_961976_m_299
Yellow-bellied Glider,Mammals,Near Threatened,Victoria,-37.67163105,146.4117217,Unknown,1504_2_531_961992_m_299
Yellow-bellied Glider,Mammals,Near Threatened,Victoria,-37.34715227,148.3701071,Unknown,1504_2_531_962008_m_299
Yellow-bellied Glider,Mammals,Near Threatened,Victoria,-37.34715227,148.3701071,Unknown,1504_2_531_962019_m_299
Yellow-bellied Glider,Mammals,Near Threatened,Victoria,-37.75060845,148.9293261,Unknown,1504_2_531_962054_m_299
Yellow-bellied Glider,Mammals,Near Threatened,Victoria,-37.75060845,148.9293261,Unknown,1504_2_531_962057_m_299
Yellow-bellied Glider,Mammals,Near Threatened,Victoria,-37.75060845,148.9293261,Unknown,1504_2_531_962058_m_299
Yellow-bellied Glider,Mammals,Near Threatened,Victoria,-37.75060845,148.9293261,Unknown,1504_2_531_962090_m_299
Yellow-bellied Glider,Mammals,Near Threatened,Victoria,-37.75060845,148.9293261,Unknown,1504_2_531_962117_m_299
Yellow-bellied Glider,Mammals,Near Threatened,Victoria,-37.75060845,148.9293261,Unknown,1504_2_531_962119_m_299
Yellow-bellied Glider,Mammals,Near Threatened,Victoria,-37.75060845,148.9293261,Unknown,1504_2_531_962122_m_299
Yellow-bellied Glider,Mammals,Near Threatened,Victoria,-37.34715227,148.3701071,Unknown,1504_2_531_962124_m_299
Yellow-bellied Glider,Mammals,Near Threatened,Victoria,-37.34715227,148.3701071,Unknown,1504_2_531_962133_m_299
Yellow-bellied Glider,Mammals,Near Threatened,Victoria,-37.34715227,148.3701071,Unknown,1504_2_531_962152_m_299
Yellow-bellied Glider,Mammals,Near Threatened,Victoria,-37.34715227,148.3701071,Unknown,1504_2_531_962158_m_299
Yellow-bellied Glider,Mammals,Near Threatened,Victoria,-37.75060845,148.9293261,Unknown,1504_2_531_962162_m_299
Yellow-bellied Glider,Mammals,Near Threatened,Victoria,-37.34715227,148.3701071,Unknown,1504_2_531_962165_m_299
Yellow-bellied Glider,Mammals,Near Threatened,Victoria,-37.75060845,148.9293261,Unknown,1504_2_531_962214_m_299
Yellow-bellied Glider,Mammals,Near Threatened,Victoria,-37.67163105,146.4117217,Unknown,1504_2_531_962220_m_299
Yellow-bellied Glider,Mammals,Near Threatened,Victoria,-37.20899415,146.8452524,Unknown,1504_2_531_962233_m_299
Yellow-bellied Glider,Mammals,Near Threatened,Victoria,-36.88372003,146.7575184,Unknown,1504_2_531_962235_m_299
Yellow-bellied Glider,Mammals,Near Threatened,Victoria,-37.67163105,146.4117217,Unknown,1504_2_1144_965481_m_299
Yellow-bellied Glider,Mammals,Near Threatened,Victoria,-37.74514328,141.2276395,Unknown,1504_2_1144_965486_m_299
Yellow-bellied Glider,Mammals,Near Threatened,Victoria,-37.74514328,141.2276395,Unknown,1504_2_1144_965487_m_299
Yellow-bellied Glider,Mammals,Near Threatened,Victoria,-38.75598286,143.6921367,Unknown,1504_2_1144_965500_m_299
Yellow-bellied Glider,Mammals,Near Threatened,Victoria,-38.75598286,143.6921367,Unknown,1504_2_1144_965503_m_299
Yellow-bellied Glider,Mammals,Near Threatened,Victoria,-38.75598286,143.6921367,Unknown,1504_2_1144_965505_m_299
Yellow-bellied Glider,Mammals,Near Threatened,Victoria,-37.84704817,143.2517563,Unknown,1504_2_1144_965507_m_299
Yellow-bellied Glider,Mammals,Near Threatened,Victoria,-38.75598286,143.6921367,Unknown,1504_2_1144_965512_m_299
Yellow-bellied Glider,Mammals,Near Threatened,Victoria,-37.67163105,146.4117217,Unknown,1504_2_1144_965542_m_299
Yellow-bellied Glider,Mammals,Near Threatened,Victoria,-37.75060845,148.9293261,Unknown,1504_2_1155_964234_m_299
Yellow-bellied Glider,Mammals,Near Threatened,Victoria,-37.34715227,148.3701071,Unknown,1504_2_1155_964242_m_299
Yellow-bellied Glider,Mammals,Near Threatened,Victoria,-37.75060845,148.9293261,Unknown,1504_2_1155_964244_m_299
Yellow-bellied Glider,Mammals,Near Threatened,Victoria,-37.32771421,148.9046701,Unknown,1504_2_1155_964248_m_299
Yellow-bellied Glider,Mammals,Near Threatened,Victoria,-37.75060845,148.9293261,Unknown,1504_2_1155_964250_m_299
Yellow-bellied Glider,Mammals,Near Threatened,Victoria,-37.34715227,148.3701071,Unknown,1504_2_1155_964255_m_299
Yellow-bellied Glider,Mammals,Near Threatened,Victoria,-37.34715227,148.3701071,Unknown,1504_2_1155_964256_m_299
Yellow-bellied Glider,Mammals,Near Threatened,Victoria,-37.32771421,148.9046701,Unknown,1504_2_1155_964261_m_299
Yellow-bellied Glider,Mammals,Near Threatened,Victoria,-37.34715227,148.3701071,Unknown,1504_2_1155_964262_m_299
Yellow-bellied Glider,Mammals,Near Threatened,Victoria,-37.34715227,148.3701071,Unknown,1504_2_1155_964263_m_299
Yellow-bellied Glider,Mammals,Near Threatened,Victoria,-37.32771421,148.9046701,Unknown,1504_2_1155_964264_m_299
Yellow-bellied Glider,Mammals,Near Threatened,Victoria,-37.32771421,148.9046701,Unknown,1504_2_1155_964265_m_299
Yellow-bellied Glider,Mammals,Near Threatened,Victoria,-37.32771421,148.9046701,Unknown,1504_2_1155_964268_m_299
Yellow-bellied Glider,Mammals,Near Threatened,Victoria,-37.32771421,148.9046701,Unknown,1504_2_1155_964270_m_299
Yellow-bellied Glider,Mammals,Near Threatened,Victoria,-37.75060845,148.9293261,Unknown,1504_2_1155_964278_m_299
Yellow-bellied Glider,Mammals,Near Threatened,Victoria,-37.20899415,146.8452524,Unknown,1504_2_1155_964285_m_299
Yellow-bellied Glider,Mammals,Near Threatened,Victoria,-36.88372003,146.7575184,Unknown,1504_2_1155_964287_m_299
Yellow-bellied Glider,Mammals,Near Threatened,Victoria,-36.88372003,146.7575184,Unknown,1504_2_1155_964289_m_299
Yellow-bellied Glider,Mammals,Near Threatened,Victoria,-37.67163105,146.4117217,Unknown,1504_2_1155_964291_m_299
Yellow-bellied Glider,Mammals,Near Threatened,Victoria,-37.20899415,146.8452524,Unknown,1504_2_1155_964294_m_299
Yellow-bellied Glider,Mammals,Near Threatened,Victoria,-37.67163105,146.4117217,Unknown,1504_2_1155_964295_m_299
Yellow-bellied Glider,Mammals,Near Threatened,Victoria,-37.20899415,146.8452524,Unknown,1504_2_1155_964300_m_299
Yellow-bellied Glider,Mammals,Near Threatened,Victoria,-37.34715227,148.3701071,Unknown,1504_2_1155_964306_m_299
Yellow-bellied Glider,Mammals,Near Threatened,Victoria,-37.34715227,148.3701071,Unknown,1504_2_1155_964307_m_299
Yellow-bellied Glider,Mammals,Near Threatened,Victoria,-37.32771421,148.9046701,Unknown,1504_2_1155_964309_m_299
Yellow-bellied Glider,Mammals,Near Threatened,Victoria,-37.32771421,148.9046701,Unknown,1504_2_1155_964310_m_299
Yellow-bellied Glider,Mammals,Near Threatened,Victoria,-37.32771421,148.9046701,Unknown,1504_2_1155_964311_m_299
Yellow-bellied Glider,Mammals,Near Threatened,Victoria,-37.32771421,148.9046701,Unknown,1504_2_1155_964315_m_299
Yellow-bellied Glider,Mammals,Near Threatened,Victoria,-37.32771421,148.9046701,Unknown,1504_2_1155_964317_m_299
Yellow-bellied Glider,Mammals,Near Threatened,Victoria,-37.67163105,146.4117217,Unknown,1504_2_1155_964336_m_299
Yellow-bellied Glider,Mammals,Near Threatened,Victoria,-37.20899415,146.8452524,Unknown,1504_2_1155_964338_m_299
Yellow-bellied Glider,Mammals,Near Threatened,Victoria,-36.84486422,148.0156427,Unknown,1504_2_1155_964356_m_299
Yellow-bellied Glider,Mammals,Near Threatened,Victoria,-37.67163105,146.4117217,Unknown,1504_2_1155_964370_m_299
Yellow-bellied Glider,Mammals,Near Threatened,Victoria,-37.34715227,148.3701071,Unknown,1504_2_1155_964371_m_299
Yellow-bellied Glider,Mammals,Near Threatened,Victoria,-37.34715227,148.3701071,Unknown,1504_2_1155_964394_m_299
Yellow-bellied Glider,Mammals,Near Threatened,Victoria,-37.34715227,148.3701071,Unknown,1504_2_1155_964411_m_299
Yellow-bellied Glider,Mammals,Near Threatened,Victoria,-37.34715227,148.3701071,Unknown,1504_2_1155_964421_m_299
Yellow-bellied Glider,Mammals,Near Threatened,Victoria,-37.34715227,148.3701071,Unknown,1504_2_1155_964424_m_299
Yellow-bellied Glider,Mammals,Near Threatened,Victoria,-37.75060845,148.9293261,Unknown,1504_2_1155_964425_m_299
Yellow-bellied Glider,Mammals,Near Threatened,Victoria,-37.67163105,146.4117217,Unknown,1504_2_1155_964430_m_299
Yellow-bellied Glider,Mammals,Near Threatened,Victoria,-36.88372003,146.7575184,Unknown,1504_2_1155_964431_m_299
Yellow-bellied Glider,Mammals,Near Threatened,Victoria,-37.67163105,146.4117217,Unknown,1504_2_1155_964459_m_299
Yellow-bellied Glider,Mammals,Near Threatened,Victoria,-37.20899415,146.8452524,Unknown,1504_2_1155_964465_m_299
Yellow-bellied Glider,Mammals,Near Threatened,Victoria,-37.67163105,146.4117217,Unknown,1504_2_1155_964468_m_299
Yellow-bellied Glider,Mammals,Near Threatened,Victoria,-37.67163105,146.4117217,Unknown,1504_2_1155_964480_m_299
Yellow-bellied Glider,Mammals,Near Threatened,Victoria,-36.88372003,146.7575184,Unknown,1504_2_1155_964504_m_299
Yellow-bellied Glider,Mammals,Near Threatened,Victoria,-37.75060845,148.9293261,Unknown,1504_2_1155_964513_m_299
Yellow-bellied Glider,Mammals,Near Threatened,Victoria,-37.75060845,148.9293261,Unknown,1504_2_1155_964514_m_299
Yellow-bellied Glider,Mammals,Near Threatened,Victoria,-37.75060845,148.9293261,Unknown,1504_2_1155_964515_m_299
Yellow-bellied Glider,Mammals,Near Threatened,Victoria,-37.75060845,148.9293261,Unknown,1504_2_1155_964516_m_299
Yellow-bellied Glider,Mammals,Near Threatened,Victoria,-37.34715227,148.3701071,Unknown,1504_2_1155_964517_m_299
Yellow-bellied Glider,Mammals,Near Threatened,Victoria,-37.75060845,148.9293261,Unknown,1504_2_1155_964518_m_299
Yellow-bellied Glider,Mammals,Near Threatened,Victoria,-37.75060845,148.9293261,Unknown,1504_2_1155_964519_m_299
Yellow-bellied Glider,Mammals,Near Threatened,Victoria,-37.75060845,148.9293261,Unknown,1504_2_1155_964520_m_299
Yellow-bellied Glider,Mammals,Near Threatened,Victoria,-37.34715227,148.3701071,Unknown,1504_2_1155_964521_m_299
Yellow-bellied Glider,Mammals,Near Threatened,Victoria,-37.75060845,148.9293261,Unknown,1504_2_1155_964522_m_299
Yellow-bellied Glider,Mammals,Near Threatened,Victoria,-37.75060845,148.9293261,Unknown,1504_2_1155_964523_m_299
Yellow-bellied Glider,Mammals,Near Threatened,Victoria,-37.75060845,148.9293261,Unknown,1504_2_1155_964524_m_299
Yellow-bellied Glider,Mammals,Near Threatened,Victoria,-37.75060845,148.9293261,Unknown,1504_2_1155_964526_m_299
Yellow-bellied Glider,Mammals,Near Threatened,Victoria,-37.75060845,148.9293261,Unknown,1504_2_1155_964527_m_299
Yellow-bellied Glider,Mammals,Near Threatened,Victoria,-37.34715227,148.3701071,Unknown,1504_2_1155_964528_m_299
Yellow-bellied Glider,Mammals,Near Threatened,Victoria,-37.67163105,146.4117217,Unknown,1504_2_1155_964539_m_299
Yellow-bellied Glider,Mammals,Near Threatened,Victoria,-37.75060845,148.9293261,Unknown,1504_2_1155_964542_m_299
Yellow-bellied Glider,Mammals,Near Threatened,Victoria,-37.67163105,146.4117217,Unknown,1504_2_1155_964544_m_299
Yellow-bellied Glider,Mammals,Near Threatened,Victoria,-37.34715227,148.3701071,Unknown,1504_2_1155_964546_m_299
Yellow-bellied Glider,Mammals,Near Threatened,Victoria,-37.67163105,146.4117217,Unknown,1504_2_1155_964547_m_299
Yellow-bellied Glider,Mammals,Near Threatened,Victoria,-37.67163105,146.4117217,Unknown,1504_2_1155_964549_m_299
Yellow-bellied Glider,Mammals,Near Threatened,Victoria,-37.67163105,146.4117217,Unknown,1504_2_1155_964551_m_299
Yellow-bellied Glider,Mammals,Near Threatened,Victoria,-37.67163105,146.4117217,Unknown,1504_2_1155_964552_m_299
Yellow-bellied Glider,Mammals,Near Threatened,Victoria,-37.67163105,146.4117217,Unknown,1504_2_1155_964553_m_299
Yellow-bellied Glider,Mammals,Near Threatened,Victoria,-37.67163105,146.4117217,Unknown,1504_2_1155_964554_m_299
Yellow-bellied Glider,Mammals,Near Threatened,Victoria,-37.67163105,146.4117217,Unknown,1504_2_1155_964555_m_299
Yellow-bellied Glider,Mammals,Near Threatened,Victoria,-37.67163105,146.4117217,Unknown,1504_2_1155_964556_m_299
Yellow-bellied Glider,Mammals,Near Threatened,Victoria,-37.67163105,146.4117217,Unknown,1504_2_1155_964568_m_299
Yellow-bellied Glider,Mammals,Near Threatened,Victoria,-37.67163105,146.4117217,Unknown,1504_2_1155_964569_m_299
Yellow-bellied Glider,Mammals,Near Threatened,Victoria,-37.67163105,146.4117217,Unknown,1504_2_1155_964571_m_299
Yellow-bellied Glider,Mammals,Near Threatened,Victoria,-37.20899415,146.8452524,Unknown,1504_2_1155_964572_m_299
Yellow-bellied Glider,Mammals,Near Threatened,Victoria,-37.75060845,148.9293261,Unknown,1504_2_1155_964573_m_299
Yellow-bellied Glider,Mammals,Near Threatened,Victoria,-37.67163105,146.4117217,Unknown,1504_2_1155_964590_m_299
Yellow-bellied Glider,Mammals,Near Threatened,Victoria,-37.67163105,146.4117217,Unknown,1504_2_1155_964595_m_299
Yellow-bellied Glider,Mammals,Near Threatened,Victoria,-37.32771421,148.9046701,Unknown,1504_2_1155_964597_m_299
Yellow-bellied Glider,Mammals,Near Threatened,Victoria,-37.32771421,148.9046701,Unknown,1504_2_1155_964600_m_299
Yellow-bellied Glider,Mammals,Near Threatened,Victoria,-37.32771421,148.9046701,Unknown,1504_2_1155_964602_m_299
Yellow-bellied Glider,Mammals,Near Threatened,Victoria,-37.34715227,148.3701071,Unknown,1504_2_1155_964603_m_299
Yellow-bellied Glider,Mammals,Near Threatened,Victoria,-37.32771421,148.9046701,Unknown,1504_2_1155_964604_m_299
Yellow-bellied Glider,Mammals,Near Threatened,Victoria,-37.34715227,148.3701071,Unknown,1504_2_1155_964619_m_299
Yellow-bellied Glider,Mammals,Near Threatened,Victoria,-37.34715227,148.3701071,Unknown,1504_2_1155_964621_m_299
Yellow-bellied Glider,Mammals,Near Threatened,Victoria,-37.34715227,148.3701071,Unknown,1504_2_1155_964627_m_299
Yellow-bellied Glider,Mammals,Near Threatened,Victoria,-37.34715227,148.3701071,Unknown,1504_2_1155_964642_m_299
Yellow-bellied Glider,Mammals,Near Threatened,Victoria,-37.34715227,148.3701071,Unknown,1504_2_1155_964643_m_299
Yellow-bellied Glider,Mammals,Near Threatened,Victoria,-37.34715227,148.3701071,Unknown,1504_2_1155_964646_m_299
Yellow-bellied Glider,Mammals,Near Threatened,Victoria,-37.34715227,148.3701071,Unknown,1504_2_1155_964650_m_299
Yellow-bellied Glider,Mammals,Near Threatened,Victoria,-37.34715227,148.3701071,Unknown,1504_2_1155_964651_m_299
Yellow-bellied Glider,Mammals,Near Threatened,Victoria,-37.34715227,148.3701071,Unknown,1504_2_1155_964654_m_299
Yellow-bellied Glider,Mammals,Near Threatened,Victoria,-37.34715227,148.3701071,Unknown,1504_2_1155_964660_m_299
Yellow-bellied Glider,Mammals,Near Threatened,Victoria,-37.34715227,148.3701071,Unknown,1504_2_1155_964661_m_299
Yellow-bellied Glider,Mammals,Near Threatened,Victoria,-37.20899415,146.8452524,Unknown,1504_2_1155_964671_m_299
Yellow-bellied Glider,Mammals,Near Threatened,Victoria,-37.67163105,146.4117217,Unknown,1504_2_1155_964672_m_299
Yellow-bellied Glider,Mammals,Near Threatened,Victoria,-37.67163105,146.4117217,Unknown,1504_2_1155_964673_m_299
Yellow-bellied Glider,Mammals,Near Threatened,Victoria,-37.20899415,146.8452524,Unknown,1504_2_1155_964680_m_299
Yellow-bellied Glider,Mammals,Near Threatened,Victoria,-37.67163105,146.4117217,Unknown,1504_2_1155_964682_m_299
Yellow-bellied Glider,Mammals,Near Threatened,Victoria,-38.32100885,144.2402249,Unknown,1504_2_1155_964702_m_299
Yellow-bellied Glider,Mammals,Near Threatened,Victoria,-37.75060845,148.9293261,Unknown,1504_2_1155_964716_m_299
Yellow-bellied Glider,Mammals,Near Threatened,Victoria,-37.75060845,148.9293261,Unknown,1504_2_1155_964717_m_299
Yellow-bellied Glider,Mammals,Near Threatened,Victoria,-37.75060845,148.9293261,Unknown,1504_2_1155_964718_m_299
Yellow-bellied Glider,Mammals,Near Threatened,Victoria,-37.75060845,148.9293261,Unknown,1504_2_1155_964720_m_299
Yellow-bellied Glider,Mammals,Near Threatened,Victoria,-37.75060845,148.9293261,Unknown,1504_2_1155_964729_m_299
Yellow-bellied Glider,Mammals,Near Threatened,Victoria,-37.75060845,148.9293261,Unknown,1504_2_1155_964731_m_299
Yellow-bellied Glider,Mammals,Near Threatened,Victoria,-37.75060845,148.9293261,Unknown,1504_2_1155_964732_m_299
Yellow-bellied Glider,Mammals,Near Threatened,Victoria,-37.34715227,148.3701071,Unknown,1504_2_1155_964733_m_299
Yellow-bellied Glider,Mammals,Near Threatened,Victoria,-37.75060845,148.9293261,Unknown,1504_2_1155_964735_m_299
Yellow-bellied Glider,Mammals,Near Threatened,Victoria,-37.75060845,148.9293261,Unknown,1504_2_1155_964737_m_299
Yellow-bellied Glider,Mammals,Near Threatened,Victoria,-37.75060845,148.9293261,Unknown,1504_2_1155_964738_m_299
Yellow-bellied Glider,Mammals,Near Threatened,Victoria,-37.34715227,148.3701071,Unknown,1504_2_1155_964746_m_299
Yellow-bellied Glider,Mammals,Near Threatened,Victoria,-37.34715227,148.3701071,Unknown,1504_2_1155_964747_m_299
Yellow-bellied Glider,Mammals,Near Threatened,Victoria,-37.32771421,148.9046701,Unknown,1504_2_1155_964748_m_299
Yellow-bellied Glider,Mammals,Near Threatened,Victoria,-37.32771421,148.9046701,Unknown,1504_2_1155_964749_m_299
Yellow-bellied Glider,Mammals,Near Threatened,Victoria,-37.34715227,148.3701071,Unknown,1504_2_1155_964757_m_299
Yellow-bellied Glider,Mammals,Near Threatened,Victoria,-37.34715227,148.3701071,Unknown,1504_2_1155_964758_m_299
Yellow-bellied Glider,Mammals,Near Threatened,Victoria,-37.34715227,148.3701071,Unknown,1504_2_1155_964759_m_299
Yellow-bellied Glider,Mammals,Near Threatened,Victoria,-37.34715227,148.3701071,Unknown,1504_2_1155_964760_m_299
Yellow-bellied Glider,Mammals,Near Threatened,Victoria,-37.34715227,148.3701071,Unknown,1504_2_1155_964761_m_299
Yellow-bellied Glider,Mammals,Near Threatened,Victoria,-37.75060845,148.9293261,Unknown,1504_2_1155_964762_m_299
Yellow-bellied Glider,Mammals,Near Threatened,Victoria,-37.34715227,148.3701071,Unknown,1504_2_1155_964763_m_299
Yellow-bellied Glider,Mammals,Near Threatened,Victoria,-37.75060845,148.9293261,Unknown,1504_2_1155_964764_m_299
Yellow-bellied Glider,Mammals,Near Threatened,Victoria,-37.75060845,148.9293261,Unknown,1504_2_1155_964765_m_299
Yellow-bellied Glider,Mammals,Near Threatened,Victoria,-37.34715227,148.3701071,Unknown,1504_2_1155_964770_m_299
Yellow-bellied Glider,Mammals,Near Threatened,Victoria,-37.34715227,148.3701071,Unknown,1504_2_1155_964771_m_299
Yellow-bellied Glider,Mammals,Near Threatened,Victoria,-37.75060845,148.9293261,Unknown,1504_2_1155_964775_m_299
Yellow-bellied Glider,Mammals,Near Threatened,Victoria,-37.20899415,146.8452524,Unknown,1504_2_1155_964823_m_299
Yellow-bellied Glider,Mammals,Near Threatened,Victoria,-37.20899415,146.8452524,Unknown,1504_2_1155_964833_m_299
Yellow-bellied Glider,Mammals,Near Threatened,Victoria,-37.34715227,148.3701071,Unknown,1504_2_1155_964836_m_299
Yellow-bellied Glider,Mammals,Near Threatened,Victoria,-37.32771421,148.9046701,Unknown,1504_2_1155_964839_m_299
Yellow-bellied Glider,Mammals,Near Threatened,Victoria,-37.67163105,146.4117217,Unknown,1504_2_1155_964845_m_299
Yellow-bellied Glider,Mammals,Near Threatened,Victoria,-37.11906715,148.6075466,Unknown,1504_2_1155_964853_m_299
Yellow-bellied Glider,Mammals,Near Threatened,Victoria,-37.34715227,148.3701071,Unknown,1504_2_1155_964929_m_299
Yellow-bellied Glider,Mammals,Near Threatened,Victoria,-37.11906715,148.6075466,Unknown,1504_2_1155_964950_m_299
Yellow-bellied Glider,Mammals,Near Threatened,Victoria,-36.88372003,146.7575184,Unknown,1504_2_1155_964954_m_299
Yellow-bellied Glider,Mammals,Near Threatened,Victoria,-37.34715227,148.3701071,Unknown,1504_5_1160_962288_m_299
Yellow-bellied Glider,Mammals,Near Threatened,Victoria,-37.34715227,148.3701071,Unknown,1504_5_1160_962289_m_299
Yellow-bellied Glider,Mammals,Near Threatened,Victoria,-37.34715227,148.3701071,Unknown,1504_5_1160_962290_m_299
Yellow-bellied Glider,Mammals,Near Threatened,Victoria,-36.84486422,148.0156427,Unknown,1504_5_1160_962326_m_299
Yellow-bellied Glider,Mammals,Near Threatened,Victoria,-37.84704817,143.2517563,Unknown,1504_2_1161_963043_m_299
Yellow-bellied Glider,Mammals,Near Threatened,Victoria,-37.84704817,143.2517563,Unknown,1504_2_1161_963044_m_299
Yellow-bellied Glider,Mammals,Near Threatened,Victoria,-37.84704817,143.2517563,Unknown,1504_2_1161_963045_m_299
Yellow-bellied Glider,Mammals,Near Threatened,Victoria,-37.84704817,143.2517563,Unknown,1504_2_1161_963049_m_299
Yellow-bellied Glider,Mammals,Near Threatened,Victoria,-37.84704817,143.2517563,Unknown,1504_2_1161_963053_m_299
Yellow-bellied Glider,Mammals,Near Threatened,Victoria,-37.84704817,143.2517563,Unknown,1504_2_1161_963055_m_299
Yellow-bellied Glider,Mammals,Near Threatened,Victoria,-37.74514328,141.2276395,Unknown,1504_2_1161_963056_m_299
Yellow-bellied Glider,Mammals,Near Threatened,Victoria,-37.84704817,143.2517563,Unknown,1504_2_1161_963058_m_299
Yellow-bellied Glider,Mammals,Near Threatened,Victoria,-37.84704817,143.2517563,Unknown,1504_2_1161_963059_m_299
Yellow-bellied Glider,Mammals,Near Threatened,Victoria,-37.74514328,141.2276395,Unknown,1504_2_1161_963061_m_299
Yellow-bellied Glider,Mammals,Near Threatened,Victoria,-37.34715227,148.3701071,Unknown,1504_2_1161_963082_m_299
Yellow-bellied Glider,Mammals,Near Threatened,Victoria,-37.75060845,148.9293261,Unknown,1504_2_1161_963121_m_299
Yellow-bellied Glider,Mammals,Near Threatened,Victoria,-37.75060845,148.9293261,Unknown,1504_2_1161_963123_m_299
Yellow-bellied Glider,Mammals,Near Threatened,Victoria,-37.75060845,148.9293261,Unknown,1504_2_1161_963126_m_299
Yellow-bellied Glider,Mammals,Near Threatened,Victoria,-37.75060845,148.9293261,Unknown,1504_2_1161_963135_m_299
Yellow-bellied Glider,Mammals,Near Threatened,Victoria,-37.75060845,148.9293261,Unknown,1504_2_1161_963136_m_299
Yellow-bellied Glider,Mammals,Near Threatened,Victoria,-37.75060845,148.9293261,Unknown,1504_2_1161_963137_m_299
Yellow-bellied Glider,Mammals,Near Threatened,Victoria,-37.75060845,148.9293261,Unknown,1504_2_1161_963138_m_299
Yellow-bellied Glider,Mammals,Near Threatened,Victoria,-37.75060845,148.9293261,Unknown,1504_2_1161_963168_m_299
Yellow-bellied Glider,Mammals,Near Threatened,Victoria,-37.75060845,148.9293261,Unknown,1504_2_1161_963173_m_299
Yellow-bellied Glider,Mammals,Near Threatened,Victoria,-37.32771421,148.9046701,Unknown,1504_2_1168_965098_m_299
Yellow-bellied Glider,Mammals,Near Threatened,Victoria,-37.34715227,148.3701071,Unknown,1504_2_1168_965101_m_299
Yellow-bellied Glider,Mammals,Near Threatened,Victoria,-37.32771421,148.9046701,Unknown,1504_2_1168_965109_m_299
Yellow-bellied Glider,Mammals,Near Threatened,Victoria,-37.32771421,148.9046701,Unknown,1504_2_1168_965110_m_299
Yellow-bellied Glider,Mammals,Near Threatened,Victoria,-37.32771421,148.9046701,Unknown,1504_2_1168_965111_m_299
Yellow-bellied Glider,Mammals,Near Threatened,Victoria,-37.34715227,148.3701071,Unknown,1504_2_1168_965113_m_299
Yellow-bellied Glider,Mammals,Near Threatened,Victoria,-37.32771421,148.9046701,Unknown,1504_2_1168_965114_m_299
Yellow-bellied Glider,Mammals,Near Threatened,Victoria,-37.32771421,148.9046701,Unknown,1504_2_1168_965116_m_299
Yellow-bellied Glider,Mammals,Near Threatened,Victoria,-37.67163105,146.4117217,Unknown,1504_2_1168_965143_m_299
Yellow-bellied Glider,Mammals,Near Threatened,Victoria,-37.67163105,146.4117217,Unknown,1504_2_1168_965168_m_299
Subantarctic Fur-seal,Mammals,Endangered,Tasmania,-54.62990868,158.8809506,Unknown,455_28_321_251967_m_30
Warabi,Mammals,Near Threatened,Western Australia,-15.26774165,125.3795586,Actively managed,970_2_1903_232380_m_312
"Black-flanked Rock-wallaby, Moororong, Black-footed Rock Wallaby",Mammals,Endangered,Western Australia,-32.44076711,116.4003908,Actively managed,592_2_500_397189_m_323
"Central Australian Rock-wallaby, Warru",Mammals,Vulnerable,Northern Territory,-23.48193384,130.47386,Actively managed,585_3_394_397221_m_324
"Central Australian Rock-wallaby, Warru",Mammals,Vulnerable,Northern Territory,-23.48193384,130.47386,Actively managed,585_3_394_397222_m_324
"Central Australian Rock-wallaby, Warru",Mammals,Vulnerable,Northern Territory,-23.48193384,130.47386,Actively managed,585_3_394_397223_m_324
"Central Australian Rock-wallaby, Warru",Mammals,Vulnerable,Northern Territory,-23.48193384,130.47386,Actively managed,585_3_394_397224_m_324
"Central Australian Rock-wallaby, Warru",Mammals,Vulnerable,Northern Territory,-23.48193384,130.47386,Actively managed,585_3_394_397225_m_324
Sharman's Rock-wallaby,Mammals,Vulnerable,Queensland,-19.64727069,145.7699408,Unknown,597_2_401_51377_m_332
Sharman's Rock-wallaby,Mammals,Vulnerable,Queensland,-19.64727069,145.7699408,Unknown,597_2_401_51378_m_332
Sharman's Rock-wallaby,Mammals,Vulnerable,Queensland,-19.64727069,145.7699408,Unknown,597_2_401_51379_m_332
Yellow-footed Rock-wallaby,Mammals,Near Threatened,New South Wales,-30.92166381,142.4356037,Actively managed,951_2_1769_257678_m_334
Yellow-footed Rock-wallaby,Mammals,Near Threatened,New South Wales,-30.92166381,142.4356037,Actively managed,951_2_1769_257679_m_334
Yellow-footed Rock-wallaby (central-western Queensland),Mammals,Vulnerable,Queensland,-25.15373562,144.1607806,Actively managed,708_3_509_250609_m_335
Yellow-footed Rock-wallaby (central-western Queensland),Mammals,Vulnerable,Queensland,-25.15373562,144.1607806,Actively managed,1397_345_2540_952277_m_335
Yellow-footed Rock-wallaby (central-western Queensland),Mammals,Vulnerable,Queensland,-25.15373562,144.1607806,Actively managed,1397_345_2540_952279_m_335
Yellow-footed Rock-wallaby (central-western Queensland),Mammals,Vulnerable,Queensland,-25.15373562,144.1607806,Actively managed,1397_345_2540_952280_m_335
Yellow-footed Rock-wallaby (central-western Queensland),Mammals,Vulnerable,Queensland,-25.15373562,144.1607806,Actively managed,1397_345_2540_952281_m_335
Yellow-footed Rock-wallaby (central-western Queensland),Mammals,Vulnerable,Queensland,-25.15373562,144.1607806,Actively managed,1397_345_2540_952283_m_335
Yellow-footed Rock-wallaby (central-western Queensland),Mammals,Vulnerable,Queensland,-25.15373562,144.1607806,Actively managed,1397_345_2540_952284_m_335
Yellow-footed Rock-wallaby (central-western Queensland),Mammals,Vulnerable,Queensland,-27.04108243,144.8441333,No management,1397_345_2540_952287_m_335
Yellow-footed Rock-wallaby (central-western Queensland),Mammals,Vulnerable,Queensland,-27.04108243,144.8441333,No management,1397_345_2540_952288_m_335
Yellow-footed Rock-wallaby (central-western Queensland),Mammals,Vulnerable,Queensland,-25.15373562,144.1607806,No management,1397_345_2540_952294_m_335
Yellow-footed Rock-wallaby (central-western Queensland),Mammals,Vulnerable,Queensland,-25.15373562,144.1607806,Actively managed,1397_345_2540_952295_m_335
Yellow-footed Rock-wallaby (central-western Queensland),Mammals,Vulnerable,Queensland,-25.15373562,144.1607806,No management,1397_345_2540_952297_m_335
Yellow-footed Rock-wallaby (central-western Queensland),Mammals,Vulnerable,Queensland,-25.15373562,144.1607806,No management,1397_345_2540_952298_m_335
Yellow-footed Rock-wallaby (central-western Queensland),Mammals,Vulnerable,Queensland,-25.15373562,144.1607806,No management,1397_345_2540_952299_m_335
Yellow-footed Rock-wallaby (central-western Queensland),Mammals,Vulnerable,Queensland,-25.15373562,144.1607806,No management,1397_345_2540_952300_m_335
Yellow-footed Rock-wallaby (central-western Queensland),Mammals,Vulnerable,Queensland,-25.15373562,144.1607806,No management,1397_345_2540_952306_m_335
Yellow-footed Rock-wallaby (central-western Queensland),Mammals,Vulnerable,Queensland,-26.04311418,145.6509743,No management,1397_345_2540_952312_m_335
Yellow-footed Rock-wallaby (central-western Queensland),Mammals,Vulnerable,Queensland,-25.15373562,144.1607806,No management,1397_345_2540_952319_m_335
Yellow-footed Rock-wallaby (central-western Queensland),Mammals,Vulnerable,Queensland,-25.15373562,144.1607806,No management,1397_345_2540_952320_m_335
Yellow-footed Rock-wallaby (central-western Queensland),Mammals,Vulnerable,Queensland,-26.04311418,145.6509743,No management,1397_345_2540_952326_m_335
Yellow-footed Rock-wallaby (central-western Queensland),Mammals,Vulnerable,Queensland,-26.04311418,145.6509743,No management,1397_345_2540_952327_m_335
Yellow-footed Rock-wallaby (central-western Queensland),Mammals,Vulnerable,Queensland,-24.61703522,144.8918335,No management,1397_345_2540_952334_m_335
Yellow-footed Rock-wallaby (central-western Queensland),Mammals,Vulnerable,Queensland,-24.61703522,144.8918335,No management,1397_345_2540_952335_m_335
Yellow-footed Rock-wallaby (central-western Queensland),Mammals,Vulnerable,Queensland,-25.15373562,144.1607806,No management,1397_345_2540_952336_m_335
Yellow-footed Rock-wallaby (central-western Queensland),Mammals,Vulnerable,Queensland,-25.15373562,144.1607806,No management,1397_345_2540_952337_m_335
Yellow-footed Rock-wallaby (central-western Queensland),Mammals,Vulnerable,Queensland,-25.15373562,144.1607806,No management,1397_345_2540_952339_m_335
Yellow-footed Rock-wallaby (central-western Queensland),Mammals,Vulnerable,Queensland,-24.61703522,144.8918335,No management,1397_345_2540_952341_m_335
Yellow-footed Rock-wallaby (central-western Queensland),Mammals,Vulnerable,Queensland,-24.61703522,144.8918335,No management,1397_345_2540_952342_m_335
Yellow-footed Rock-wallaby (central-western Queensland),Mammals,Vulnerable,Queensland,-25.15373562,144.1607806,No management,1397_345_2540_952349_m_335
Yellow-footed Rock-wallaby (central-western Queensland),Mammals,Vulnerable,Queensland,-25.15373562,144.1607806,No management,1397_345_2540_952350_m_335
Yellow-footed Rock-wallaby (central-western Queensland),Mammals,Vulnerable,Queensland,-25.15373562,144.1607806,No management,1397_345_2540_952351_m_335
Yellow-footed Rock-wallaby (central-western Queensland),Mammals,Vulnerable,Queensland,-25.15373562,144.1607806,No management,1397_345_2540_952359_m_335
Yellow-footed Rock-wallaby (central-western Queensland),Mammals,Vulnerable,Queensland,-25.15373562,144.1607806,No management,1397_345_2540_952361_m_335
Yellow-footed Rock-wallaby (central-western Queensland),Mammals,Vulnerable,Queensland,-25.15373562,144.1607806,No management,1397_345_2540_952366_m_335
Yellow-footed Rock-wallaby (central-western Queensland),Mammals,Vulnerable,Queensland,-25.15373562,144.1607806,No management,1397_345_2540_952367_m_335
Yellow-footed Rock-wallaby (central-western Queensland),Mammals,Vulnerable,Queensland,-25.15373562,144.1607806,No management,1397_345_2540_952368_m_335
Yellow-footed Rock-wallaby (central-western Queensland),Mammals,Vulnerable,Queensland,-25.15373562,144.1607806,No management,1397_345_2540_952370_m_335
Yellow-footed Rock-wallaby (central-western Queensland),Mammals,Vulnerable,Queensland,-25.15373562,144.1607806,No management,1397_345_2540_952372_m_335
Yellow-footed Rock-wallaby (central-western Queensland),Mammals,Vulnerable,Queensland,-25.15373562,144.1607806,No management,1397_345_2540_952379_m_335
Yellow-footed Rock-wallaby (central-western Queensland),Mammals,Vulnerable,Queensland,-25.15373562,144.1607806,No management,1397_345_2540_952382_m_335
Yellow-footed Rock-wallaby (central-western Queensland),Mammals,Vulnerable,Queensland,-25.15373562,144.1607806,No management,1397_345_2540_952383_m_335
Yellow-footed Rock-wallaby (central-western Queensland),Mammals,Vulnerable,Queensland,-25.15373562,144.1607806,No management,1397_345_2540_952384_m_335
Yellow-footed Rock-wallaby (central-western Queensland),Mammals,Vulnerable,Queensland,-25.15373562,144.1607806,No management,1397_345_2540_952386_m_335
Yellow-footed Rock-wallaby (central-western Queensland),Mammals,Vulnerable,Queensland,-25.15373562,144.1607806,No management,1397_345_2540_952387_m_335
Yellow-footed Rock-wallaby (central-western Queensland),Mammals,Vulnerable,Queensland,-25.15373562,144.1607806,No management,1397_345_2540_952388_m_335
Yellow-footed Rock-wallaby (central-western Queensland),Mammals,Vulnerable,Queensland,-25.15373562,144.1607806,No management,1397_345_2540_952389_m_335
Yellow-footed Rock-wallaby (central-western Queensland),Mammals,Vulnerable,Queensland,-24.61703522,144.8918335,No management,1397_345_2540_952391_m_335
Yellow-footed Rock-wallaby (central-western Queensland),Mammals,Vulnerable,Queensland,-24.61703522,144.8918335,No management,1397_345_2540_952392_m_335
Yellow-footed Rock-wallaby (central-western Queensland),Mammals,Vulnerable,Queensland,-26.04311418,145.6509743,No management,1397_345_2540_952393_m_335
Yellow-footed Rock-wallaby (central-western Queensland),Mammals,Vulnerable,Queensland,-26.04311418,145.6509743,No management,1397_345_2540_952394_m_335
Yellow-footed Rock-wallaby (central-western Queensland),Mammals,Vulnerable,Queensland,-26.04311418,145.6509743,No management,1397_345_2540_952395_m_335
Yellow-footed Rock-wallaby (central-western Queensland),Mammals,Vulnerable,Queensland,-26.04311418,145.6509743,No management,1397_345_2540_952396_m_335
Yellow-footed Rock-wallaby (central-western Queensland),Mammals,Vulnerable,Queensland,-24.61703522,144.8918335,No management,1397_345_2540_952397_m_335
Yellow-footed Rock-wallaby (central-western Queensland),Mammals,Vulnerable,Queensland,-24.61703522,144.8918335,No management,1397_345_2540_952400_m_335
Yellow-footed Rock-wallaby (central-western Queensland),Mammals,Vulnerable,Queensland,-25.15373562,144.1607806,No management,1397_345_2540_952401_m_335
Yellow-footed Rock-wallaby (central-western Queensland),Mammals,Vulnerable,Queensland,-24.61703522,144.8918335,No management,1397_345_2540_952402_m_335
Yellow-footed Rock-wallaby (central-western Queensland),Mammals,Vulnerable,Queensland,-25.15373562,144.1607806,No management,1397_345_2540_952403_m_335
Yellow-footed Rock-wallaby (central-western Queensland),Mammals,Vulnerable,Queensland,-25.15373562,144.1607806,No management,1397_345_2540_952404_m_335
Yellow-footed Rock-wallaby (central-western Queensland),Mammals,Vulnerable,Queensland,-24.61703522,144.8918335,No management,1397_345_2540_952406_m_335
Yellow-footed Rock-wallaby (SA and NSW),Mammals,Vulnerable,South Australia,-32.48331644,138.2653766,Actively managed,593_4_398_397165_m_336
Red-tailed Phascogale,Mammals,Vulnerable,Western Australia,-28.79385455,116.9420456,Actively managed,1313_370_1903_397206_m_339
Brush-tailed Phascogale,Mammals,Near Threatened,Victoria,-36.26694844,146.8284097,Unknown,1504_2_403_961304_m_341
Brush-tailed Phascogale,Mammals,Near Threatened,Victoria,-36.31880487,144.9278026,Unknown,1504_2_403_961314_m_341
Brush-tailed Phascogale,Mammals,Near Threatened,Victoria,-36.31880487,144.9278026,Unknown,1504_2_403_961315_m_341
Brush-tailed Phascogale,Mammals,Near Threatened,Victoria,-36.31880487,144.9278026,Unknown,1504_2_403_961316_m_341
Brush-tailed Phascogale,Mammals,Near Threatened,Victoria,-36.31880487,144.9278026,Unknown,1504_2_403_961317_m_341
Brush-tailed Phascogale,Mammals,Near Threatened,Victoria,-36.31880487,144.9278026,Unknown,1504_2_403_961318_m_341
Brush-tailed Phascogale,Mammals,Near Threatened,Victoria,-36.31880487,144.9278026,Unknown,1504_2_403_961320_m_341
Brush-tailed Phascogale,Mammals,Near Threatened,Victoria,-37.21970708,144.8841341,Unknown,1504_2_403_961321_m_341
Brush-tailed Phascogale,Mammals,Near Threatened,Victoria,-37.21970708,144.8841341,Unknown,1504_2_403_961322_m_341
Brush-tailed Phascogale,Mammals,Near Threatened,Victoria,-36.85791566,143.9087018,Unknown,1504_2_403_961324_m_341
Brush-tailed Phascogale,Mammals,Near Threatened,Victoria,-36.26694844,146.8284097,Unknown,1504_2_403_961329_m_341
Brush-tailed Phascogale,Mammals,Near Threatened,Victoria,-36.26694844,146.8284097,Unknown,1504_2_403_961333_m_341
Brush-tailed Phascogale,Mammals,Near Threatened,Victoria,-36.26694844,146.8284097,Unknown,1504_2_403_961334_m_341
Brush-tailed Phascogale,Mammals,Near Threatened,Victoria,-36.31880487,144.9278026,Unknown,1504_2_403_961335_m_341
Brush-tailed Phascogale,Mammals,Near Threatened,Victoria,-36.31880487,144.9278026,Unknown,1504_2_403_961336_m_341
Brush-tailed Phascogale,Mammals,Near Threatened,Victoria,-36.31880487,144.9278026,Unknown,1504_2_403_961337_m_341
Brush-tailed Phascogale,Mammals,Near Threatened,Victoria,-36.26694844,146.8284097,Unknown,1504_2_403_961338_m_341
Brush-tailed Phascogale,Mammals,Near Threatened,Victoria,-36.26694844,146.8284097,Unknown,1504_2_403_961343_m_341
Brush-tailed Phascogale,Mammals,Near Threatened,Victoria,-36.26694844,146.8284097,Unknown,1504_2_403_961344_m_341
Brush-tailed Phascogale,Mammals,Near Threatened,Victoria,-37.67163105,146.4117217,Unknown,1504_2_1143_961392_m_341
Brush-tailed Phascogale,Mammals,Near Threatened,Victoria,-36.85791566,143.9087018,Unknown,1504_2_1143_961399_m_341
Brush-tailed Phascogale,Mammals,Near Threatened,Victoria,-37.67163105,146.4117217,Unknown,1504_2_1144_965547_m_341
Brush-tailed Phascogale,Mammals,Near Threatened,Victoria,-37.67163105,146.4117217,Unknown,1504_2_1144_965549_m_341
Brush-tailed Phascogale,Mammals,Near Threatened,Victoria,-37.67163105,146.4117217,Unknown,1504_2_1144_965552_m_341
Brush-tailed Phascogale,Mammals,Near Threatened,Victoria,-37.67163105,146.4117217,Unknown,1504_2_1144_965553_m_341
Brush-tailed Phascogale,Mammals,Near Threatened,Victoria,-37.67163105,146.4117217,Unknown,1504_2_1144_965555_m_341
Brush-tailed Phascogale,Mammals,Near Threatened,Victoria,-36.85791566,143.9087018,Unknown,1504_2_1144_965559_m_341
Brush-tailed Phascogale,Mammals,Near Threatened,Victoria,-37.84704817,143.2517563,Unknown,1504_2_1144_965560_m_341
Brush-tailed Phascogale,Mammals,Near Threatened,Victoria,-36.85791566,143.9087018,Unknown,1504_2_1144_965563_m_341
Brush-tailed Phascogale,Mammals,Near Threatened,Victoria,-36.85791566,143.9087018,Unknown,1504_2_1144_965564_m_341
Brush-tailed Phascogale,Mammals,Near Threatened,Victoria,-36.85791566,143.9087018,Unknown,1504_2_1144_965565_m_341
Brush-tailed Phascogale,Mammals,Near Threatened,Victoria,-36.85791566,143.9087018,Unknown,1504_2_1144_965566_m_341
Brush-tailed Phascogale,Mammals,Near Threatened,Victoria,-36.85791566,143.9087018,Unknown,1504_2_1144_965569_m_341
Brush-tailed Phascogale,Mammals,Near Threatened,Victoria,-36.85791566,143.9087018,Unknown,1504_2_1144_965572_m_341
Brush-tailed Phascogale,Mammals,Near Threatened,Victoria,-36.85791566,143.9087018,Unknown,1504_2_1144_965578_m_341
Brush-tailed Phascogale,Mammals,Near Threatened,Victoria,-36.85791566,143.9087018,Unknown,1504_2_1144_965582_m_341
Brush-tailed Phascogale,Mammals,Near Threatened,Victoria,-37.67163105,146.4117217,Unknown,1504_2_1144_965596_m_341
Brush-tailed Phascogale,Mammals,Near Threatened,Victoria,-37.67163105,146.4117217,Unknown,1504_2_1144_965600_m_341
Brush-tailed Phascogale,Mammals,Near Threatened,Victoria,-37.67163105,146.4117217,Unknown,1504_2_1144_965603_m_341
Brush-tailed Phascogale,Mammals,Near Threatened,Victoria,-37.67163105,146.4117217,Unknown,1504_2_1144_965604_m_341
Brush-tailed Phascogale,Mammals,Near Threatened,Victoria,-37.67163105,146.4117217,Unknown,1504_2_1144_965609_m_341
Brush-tailed Phascogale,Mammals,Near Threatened,Victoria,-37.67163105,146.4117217,Unknown,1504_2_1144_965610_m_341
Brush-tailed Phascogale,Mammals,Near Threatened,Victoria,-37.67163105,146.4117217,Unknown,1504_2_1144_965616_m_341
Brush-tailed Phascogale,Mammals,Near Threatened,Victoria,-37.67163105,146.4117217,Unknown,1504_2_1144_965617_m_341
Brush-tailed Phascogale,Mammals,Near Threatened,Victoria,-36.88372003,146.7575184,Unknown,1504_2_1144_965621_m_341
Brush-tailed Phascogale,Mammals,Near Threatened,Victoria,-36.85791566,143.9087018,Unknown,1504_2_1144_965630_m_341
Brush-tailed Phascogale,Mammals,Near Threatened,Victoria,-37.67163105,146.4117217,Unknown,1504_2_1144_965631_m_341
Brush-tailed Phascogale,Mammals,Near Threatened,Victoria,-37.67163105,146.4117217,Unknown,1504_2_1144_965632_m_341
Brush-tailed Phascogale,Mammals,Near Threatened,Victoria,-36.26694844,146.8284097,Unknown,1504_2_1144_965648_m_341
Brush-tailed Phascogale,Mammals,Near Threatened,Victoria,-36.31880487,144.9278026,Unknown,1504_2_1144_965651_m_341
Brush-tailed Phascogale,Mammals,Near Threatened,Victoria,-37.67163105,146.4117217,Unknown,1504_2_1144_965652_m_341
Brush-tailed Phascogale,Mammals,Near Threatened,Victoria,-37.21970708,144.8841341,Unknown,1504_2_1144_965657_m_341
Brush-tailed Phascogale,Mammals,Near Threatened,Victoria,-37.67163105,146.4117217,Unknown,1504_2_1144_965661_m_341
Brush-tailed Phascogale,Mammals,Near Threatened,Victoria,-37.67163105,146.4117217,Unknown,1504_2_1144_965667_m_341
Brush-tailed Phascogale,Mammals,Near Threatened,Victoria,-37.21970708,144.8841341,Unknown,1504_2_1144_965678_m_341
Brush-tailed Phascogale,Mammals,Near Threatened,Victoria,-36.85791566,143.9087018,Unknown,1504_2_1144_965704_m_341
Brush-tailed Phascogale,Mammals,Near Threatened,Victoria,-37.67163105,146.4117217,Unknown,1504_2_1144_965734_m_341
Brush-tailed Phascogale,Mammals,Near Threatened,Victoria,-36.26694844,146.8284097,Unknown,1504_2_1144_965736_m_341
Brush-tailed Phascogale,Mammals,Near Threatened,Victoria,-37.21970708,144.8841341,Unknown,1504_2_1144_965777_m_341
Brush-tailed Phascogale,Mammals,Near Threatened,Victoria,-37.67163105,146.4117217,Unknown,1504_2_1144_965780_m_341
Brush-tailed Phascogale,Mammals,Near Threatened,Victoria,-37.21970708,144.8841341,Unknown,1504_2_1144_965813_m_341
Brush-tailed Phascogale,Mammals,Near Threatened,Victoria,-36.85791566,143.9087018,Unknown,1504_2_1144_965817_m_341
Brush-tailed Phascogale,Mammals,Near Threatened,Victoria,-37.21970708,144.8841341,Unknown,1504_2_1155_964998_m_341
Brush-tailed Phascogale,Mammals,Near Threatened,Victoria,-36.85791566,143.9087018,Unknown,1504_2_1155_965000_m_341
Brush-tailed Phascogale,Mammals,Near Threatened,Victoria,-36.31880487,144.9278026,Unknown,1504_2_1155_965006_m_341
Brush-tailed Phascogale,Mammals,Near Threatened,Victoria,-36.85791566,143.9087018,Unknown,1504_2_1161_963187_m_341
Brush-tailed Phascogale,Mammals,Near Threatened,Victoria,-36.85791566,143.9087018,Unknown,1504_2_1161_963189_m_341
Brush-tailed Phascogale,Mammals,Near Threatened,Victoria,-36.26694844,146.8284097,Unknown,1504_2_1169_961460_m_341
Brush-tailed Phascogale,Mammals,Near Threatened,Victoria,-36.85791566,143.9087018,Unknown,1504_2_1169_961461_m_341
Brush-tailed Phascogale,Mammals,Near Threatened,Victoria,-37.67163105,146.4117217,Unknown,1504_2_1169_961466_m_341
Brush-tailed Phascogale,Mammals,Near Threatened,Victoria,-37.67163105,146.4117217,Unknown,1504_2_1169_961467_m_341
Brush-tailed Phascogale,Mammals,Near Threatened,Victoria,-36.85791566,143.9087018,Unknown,1504_2_1169_961468_m_341
Brush-tailed Phascogale,Mammals,Near Threatened,Victoria,-36.85791566,143.9087018,Unknown,1504_2_1169_961469_m_341
Brush-tailed Phascogale,Mammals,Near Threatened,Victoria,-36.85791566,143.9087018,Unknown,1504_2_1169_961470_m_341
Brush-tailed Phascogale,Mammals,Near Threatened,Victoria,-36.85791566,143.9087018,Unknown,1504_2_1169_961471_m_341
Brush-tailed Phascogale,Mammals,Near Threatened,Victoria,-36.85791566,143.9087018,Unknown,1504_2_1169_961472_m_341
Brush-tailed Phascogale,Mammals,Near Threatened,Victoria,-36.85791566,143.9087018,Unknown,1504_2_1169_961473_m_341
Brush-tailed Phascogale,Mammals,Near Threatened,Victoria,-36.85791566,143.9087018,Unknown,1504_2_1169_961475_m_341
Brush-tailed Phascogale,Mammals,Near Threatened,Victoria,-36.85791566,143.9087018,Unknown,1504_2_1169_961476_m_341
Brush-tailed Phascogale,Mammals,Near Threatened,Victoria,-36.85791566,143.9087018,Unknown,1504_2_1169_961478_m_341
Brush-tailed Phascogale,Mammals,Near Threatened,Victoria,-36.85791566,143.9087018,Unknown,1504_2_1169_961484_m_341
Brush-tailed Phascogale,Mammals,Near Threatened,Victoria,-36.85791566,143.9087018,Unknown,1504_2_1169_961486_m_341
Brush-tailed Phascogale,Mammals,Near Threatened,Victoria,-36.85791566,143.9087018,Unknown,1504_2_1169_961497_m_341
Brush-tailed Phascogale,Mammals,Near Threatened,Victoria,-36.85791566,143.9087018,Unknown,1504_2_1169_961498_m_341
Brush-tailed Phascogale,Mammals,Near Threatened,Victoria,-36.85791566,143.9087018,Unknown,1504_2_1169_961499_m_341
Brush-tailed Phascogale,Mammals,Near Threatened,Victoria,-36.85791566,143.9087018,Unknown,1504_2_1169_961500_m_341
Brush-tailed Phascogale,Mammals,Near Threatened,Victoria,-36.85791566,143.9087018,Unknown,1504_2_1169_961501_m_341
Brush-tailed Phascogale,Mammals,Near Threatened,Victoria,-36.85791566,143.9087018,Unknown,1504_2_1169_961502_m_341
Brush-tailed Phascogale,Mammals,Near Threatened,Victoria,-36.85791566,143.9087018,Unknown,1504_2_1169_961504_m_341
Brush-tailed Phascogale,Mammals,Near Threatened,Victoria,-36.26694844,146.8284097,Unknown,1504_2_1185_961409_m_341
Brush-tailed Phascogale,Mammals,Near Threatened,Victoria,-36.26694844,146.8284097,Unknown,1504_2_1185_961410_m_341
Brush-tailed Phascogale,Mammals,Near Threatened,Victoria,-36.26694844,146.8284097,Unknown,1504_2_1185_961411_m_341
Brush-tailed Phascogale,Mammals,Near Threatened,Victoria,-36.31880487,144.9278026,Unknown,1504_2_1185_961412_m_341
Brush-tailed Phascogale,Mammals,Near Threatened,Victoria,-36.85791566,143.9087018,Unknown,1504_2_1185_961414_m_341
Brush-tailed Phascogale,Mammals,Near Threatened,Victoria,-36.85791566,143.9087018,Unknown,1504_2_1185_961415_m_341
Brush-tailed Phascogale,Mammals,Near Threatened,Victoria,-36.85791566,143.9087018,Unknown,1504_2_1185_961416_m_341
Brush-tailed Phascogale,Mammals,Near Threatened,Victoria,-36.85791566,143.9087018,Unknown,1504_2_1185_961417_m_341
Brush-tailed Phascogale,Mammals,Near Threatened,Victoria,-36.85791566,143.9087018,Unknown,1504_2_1185_961418_m_341
Brush-tailed Phascogale,Mammals,Near Threatened,Victoria,-36.85791566,143.9087018,Unknown,1504_2_1185_961420_m_341
Brush-tailed Phascogale,Mammals,Near Threatened,Victoria,-36.85791566,143.9087018,Unknown,1504_2_1185_961426_m_341
Brush-tailed Phascogale,Mammals,Near Threatened,Victoria,-36.85791566,143.9087018,Unknown,1504_2_1185_961427_m_341
Brush-tailed Phascogale,Mammals,Near Threatened,Victoria,-36.85791566,143.9087018,Unknown,1504_2_1185_961428_m_341
Brush-tailed Phascogale,Mammals,Near Threatened,Victoria,-36.85791566,143.9087018,Unknown,1504_2_1185_961429_m_341
Brush-tailed Phascogale,Mammals,Near Threatened,Victoria,-36.85791566,143.9087018,Unknown,1504_2_1185_961430_m_341
Brush-tailed Phascogale,Mammals,Near Threatened,Victoria,-36.85791566,143.9087018,Unknown,1504_2_1185_961431_m_341
Brush-tailed Phascogale,Mammals,Near Threatened,Victoria,-36.26694844,146.8284097,Unknown,1504_2_1185_961435_m_341
Brush-tailed Phascogale,Mammals,Near Threatened,Victoria,-36.26694844,146.8284097,Unknown,1504_2_1185_961436_m_341
Brush-tailed Phascogale,Mammals,Near Threatened,Victoria,-36.31880487,144.9278026,Unknown,1504_2_1185_961437_m_341
Brush-tailed Phascogale,Mammals,Near Threatened,Victoria,-36.31880487,144.9278026,Unknown,1504_2_1185_961438_m_341
Brush-tailed Phascogale,Mammals,Near Threatened,Victoria,-36.85791566,143.9087018,Unknown,1504_2_1185_961439_m_341
Brush-tailed Phascogale,Mammals,Near Threatened,Victoria,-37.67163105,146.4117217,Unknown,1504_2_1185_961440_m_341
Brush-tailed Phascogale,Mammals,Near Threatened,Victoria,-36.85791566,143.9087018,Unknown,1504_2_1185_961444_m_341
Brush-tailed Phascogale,Mammals,Near Threatened,Victoria,-36.85791566,143.9087018,Unknown,1504_2_1185_961445_m_341
Brush-tailed Phascogale,Mammals,Near Threatened,Victoria,-36.85791566,143.9087018,Unknown,1504_2_1185_961446_m_341
Brush-tailed Phascogale,Mammals,Near Threatened,Victoria,-36.85791566,143.9087018,Unknown,1504_2_1185_961447_m_341
Brush-tailed Phascogale,Mammals,Near Threatened,Victoria,-36.85791566,143.9087018,Unknown,1504_2_1185_961448_m_341
Brush-tailed Phascogale,Mammals,Near Threatened,Victoria,-36.85791566,143.9087018,Unknown,1504_2_1185_961449_m_341
Brush-tailed Phascogale,Mammals,Near Threatened,Victoria,-36.85791566,143.9087018,Unknown,1504_2_1185_961450_m_341
Brush-tailed Phascogale,Mammals,Near Threatened,Victoria,-36.85791566,143.9087018,Unknown,1504_2_1185_961451_m_341
Brush-tailed Phascogale,Mammals,Near Threatened,Victoria,-36.85791566,143.9087018,Unknown,1504_2_1185_961452_m_341
Brush-tailed Phascogale,Mammals,Near Threatened,Victoria,-36.85791566,143.9087018,Unknown,1504_2_1185_961453_m_341
Brush-tailed Phascogale,Mammals,Near Threatened,Victoria,-36.85791566,143.9087018,Unknown,1504_2_1185_961454_m_341
Brush-tailed Phascogale,Mammals,Near Threatened,Victoria,-36.85791566,143.9087018,Unknown,1504_2_1185_961455_m_341
Brush-tailed Phascogale,Mammals,Near Threatened,Victoria,-36.85791566,143.9087018,Unknown,1504_2_1185_961456_m_341
Brush-tailed Phascogale,Mammals,Near Threatened,Victoria,-36.26694844,146.8284097,Unknown,1504_2_1185_961457_m_341
Brush-tailed Phascogale,Mammals,Near Threatened,Victoria,-36.31880487,144.9278026,Unknown,1504_2_1185_961458_m_341
Koala,Mammals,Endangered,Queensland,-27.1534329,152.8243086,Unknown,838_3_1256_255483_m_345
Koala,Mammals,Endangered,Queensland,-27.75995263,152.6081037,Unknown,838_3_1256_255484_m_345
Koala,Mammals,Endangered,Queensland,-27.20516781,153.3374921,Unknown,838_3_1256_255485_m_345
Koala,Mammals,Endangered,Queensland,-27.75995263,152.6081037,Unknown,838_3_1256_255487_m_345
Koala,Mammals,Endangered,Queensland,-27.20516781,153.3374921,Unknown,838_3_1256_255488_m_345
Koala,Mammals,Endangered,Queensland,-27.20516781,153.3374921,Unknown,838_3_1256_255489_m_345
Koala,Mammals,Endangered,Queensland,-27.1534329,152.8243086,Unknown,838_3_1256_255490_m_345
Koala,Mammals,Endangered,Queensland,-27.20516781,153.3374921,Unknown,838_3_1256_255491_m_345
Koala,Mammals,Endangered,Queensland,-27.1534329,152.8243086,Unknown,838_3_1256_255492_m_345
Koala,Mammals,Endangered,Queensland,-27.1534329,152.8243086,Unknown,838_3_1256_255493_m_345
Koala,Mammals,Endangered,Queensland,-27.1534329,152.8243086,Unknown,838_3_1256_255494_m_345
Koala,Mammals,Endangered,Queensland,-27.20516781,153.3374921,Unknown,838_3_1256_255495_m_345
Koala,Mammals,Endangered,Queensland,-27.1534329,152.8243086,Unknown,838_3_1256_255497_m_345
Koala,Mammals,Endangered,Queensland,-27.20516781,153.3374921,Unknown,838_3_1256_255498_m_345
Koala,Mammals,Endangered,Queensland,-27.1534329,152.8243086,Unknown,838_3_1256_255499_m_345
Koala,Mammals,Endangered,Queensland,-27.20516781,153.3374921,Unknown,838_3_1256_255500_m_345
Koala,Mammals,Endangered,Queensland,-27.20516781,153.3374921,Unknown,838_3_1256_255501_m_345
Koala,Mammals,Endangered,Queensland,-27.1534329,152.8243086,Unknown,838_3_1256_255502_m_345
Koala,Mammals,Endangered,Queensland,-27.20516781,153.3374921,Unknown,838_3_1256_255503_m_345
Koala,Mammals,Endangered,Queensland,-27.1534329,152.8243086,Unknown,838_3_1256_255504_m_345
Koala,Mammals,Endangered,Queensland,-27.1534329,152.8243086,Unknown,838_3_1256_255505_m_345
Koala,Mammals,Endangered,Queensland,-27.1534329,152.8243086,Unknown,838_3_1256_255506_m_345
Koala,Mammals,Endangered,Queensland,-27.1534329,152.8243086,Unknown,838_3_1256_255507_m_345
Koala,Mammals,Endangered,Queensland,-27.20516781,153.3374921,Unknown,838_3_1256_255508_m_345
Koala,Mammals,Endangered,Queensland,-27.20516781,153.3374921,Unknown,838_3_1256_255509_m_345
Koala,Mammals,Endangered,Queensland,-27.20516781,153.3374921,Unknown,838_3_1256_255510_m_345
Koala,Mammals,Endangered,Queensland,-27.20516781,153.3374921,Unknown,838_3_1256_255511_m_345
Koala,Mammals,Endangered,Queensland,-27.20516781,153.3374921,Unknown,838_3_1256_255512_m_345
Koala,Mammals,Endangered,Queensland,-27.1534329,152.8243086,Unknown,838_3_1256_255513_m_345
Koala,Mammals,Endangered,Queensland,-27.1534329,152.8243086,Unknown,838_3_1256_255514_m_345
Koala,Mammals,Endangered,Queensland,-27.1534329,152.8243086,Unknown,838_3_1256_255515_m_345
Koala,Mammals,Endangered,Queensland,-27.1534329,152.8243086,Unknown,838_3_1256_255516_m_345
Koala,Mammals,Endangered,Queensland,-27.1534329,152.8243086,Unknown,838_3_1256_255518_m_345
Koala,Mammals,Endangered,Queensland,-27.1534329,152.8243086,Unknown,838_3_1256_255519_m_345
Koala,Mammals,Endangered,Queensland,-27.1534329,152.8243086,Unknown,838_3_1256_255520_m_345
Koala,Mammals,Endangered,Queensland,-27.1534329,152.8243086,Unknown,838_3_1256_255521_m_345
Koala,Mammals,Endangered,Queensland,-27.1534329,152.8243086,Unknown,838_3_1256_255522_m_345
Koala,Mammals,Endangered,Queensland,-27.20516781,153.3374921,Unknown,838_3_1256_255523_m_345
Koala,Mammals,Endangered,Queensland,-27.20516781,153.3374921,Unknown,838_3_1256_255524_m_345
Koala,Mammals,Endangered,Queensland,-27.20516781,153.3374921,Unknown,838_3_1256_255525_m_345
Koala,Mammals,Endangered,Queensland,-27.1534329,152.8243086,Unknown,838_3_1256_255526_m_345
Koala,Mammals,Endangered,Queensland,-27.20516781,153.3374921,Unknown,838_3_1256_255527_m_345
Koala,Mammals,Endangered,Queensland,-27.1534329,152.8243086,Unknown,838_3_1256_255528_m_345
Koala,Mammals,Endangered,Queensland,-27.20516781,153.3374921,Unknown,838_3_1256_255529_m_345
Koala,Mammals,Endangered,Queensland,-27.1534329,152.8243086,Unknown,838_3_1256_255530_m_345
Koala,Mammals,Endangered,Queensland,-27.20516781,153.3374921,Unknown,838_3_1256_255531_m_345
Koala,Mammals,Endangered,Queensland,-27.1534329,152.8243086,Unknown,838_3_1256_255532_m_345
Koala,Mammals,Endangered,Queensland,-27.1534329,152.8243086,Unknown,838_3_1256_255533_m_345
Koala,Mammals,Endangered,Queensland,-27.1534329,152.8243086,Unknown,838_3_1256_255534_m_345
Koala,Mammals,Endangered,Queensland,-27.20516781,153.3374921,Unknown,838_3_1256_255536_m_345
Koala,Mammals,Endangered,Queensland,-27.20516781,153.3374921,Unknown,838_3_1256_255537_m_345
Koala,Mammals,Endangered,Queensland,-27.20516781,153.3374921,Unknown,838_3_1256_255538_m_345
Koala,Mammals,Endangered,Queensland,-27.20516781,153.3374921,Unknown,838_3_1256_255540_m_345
Koala,Mammals,Endangered,Queensland,-27.20516781,153.3374921,Unknown,838_3_1256_255541_m_345
Koala,Mammals,Endangered,Queensland,-27.20516781,153.3374921,Unknown,838_3_1256_255542_m_345
Koala,Mammals,Endangered,Queensland,-27.1534329,152.8243086,Unknown,838_3_1256_255543_m_345
Koala,Mammals,Endangered,Queensland,-27.75995263,152.6081037,Unknown,838_3_1256_255558_m_345
Koala,Mammals,Endangered,Queensland,-27.1534329,152.8243086,Unknown,838_3_1256_255642_m_345
Koala,Mammals,Endangered,Queensland,-27.20516781,153.3374921,Unknown,838_3_1256_255665_m_345
Koala,Mammals,Endangered,Queensland,-27.20516781,153.3374921,Unknown,838_3_1256_255731_m_345
Koala,Mammals,Endangered,Queensland,-25.10118443,152.8141377,Unknown,838_3_1256_255732_m_345
Koala,Mammals,Endangered,Queensland,-27.04108243,144.8441333,Unknown,840_2_1258_255734_m_345
Koala,Mammals,Endangered,Queensland,-27.75995263,152.6081037,Unknown,843_2_1256_255737_m_345
Koala,Mammals,Endangered,Queensland,-27.75995263,152.6081037,Unknown,843_2_1256_255738_m_345
Koala,Mammals,Endangered,New South Wales,-30.42953667,152.9262964,Unknown,945_3_1701_260668_m_345
Koala,Mammals,Endangered,New South Wales,-30.42953667,152.9262964,Unknown,945_3_1701_260670_m_345
Koala,Mammals,Endangered,New South Wales,-30.42953667,152.9262964,Unknown,945_3_1701_260671_m_345
Koala,Mammals,Endangered,New South Wales,-30.42953667,152.9262964,Unknown,945_3_1701_260672_m_345
Koala,Mammals,Endangered,New South Wales,-30.42953667,152.9262964,Unknown,945_3_1701_260673_m_345
Koala,Mammals,Endangered,New South Wales,-30.42953667,152.9262964,Unknown,945_3_1701_260674_m_345
Koala,Mammals,Endangered,New South Wales,-30.42953667,152.9262964,Unknown,945_3_1701_260675_m_345
Koala,Mammals,Endangered,New South Wales,-30.42953667,152.9262964,Unknown,945_3_1701_260676_m_345
Koala,Mammals,Endangered,New South Wales,-30.42953667,152.9262964,Unknown,945_3_1701_260677_m_345
Koala,Mammals,Endangered,New South Wales,-30.42953667,152.9262964,Unknown,945_3_1701_260678_m_345
Koala,Mammals,Endangered,New South Wales,-30.42953667,152.9262964,Unknown,945_3_1701_260679_m_345
Koala,Mammals,Endangered,New South Wales,-30.42953667,152.9262964,Unknown,945_3_1701_260680_m_345
Koala,Mammals,Endangered,New South Wales,-30.42953667,152.9262964,Unknown,945_3_1701_260682_m_345
Koala,Mammals,Endangered,New South Wales,-30.42953667,152.9262964,Unknown,945_3_1701_260685_m_345
Koala,Mammals,Endangered,New South Wales,-30.42953667,152.9262964,Unknown,945_3_1701_260686_m_345
Koala,Mammals,Endangered,New South Wales,-30.42953667,152.9262964,Unknown,945_3_1701_260687_m_345
Koala,Mammals,Endangered,New South Wales,-30.42953667,152.9262964,Unknown,945_3_1701_260690_m_345
Koala,Mammals,Endangered,New South Wales,-30.42953667,152.9262964,Unknown,945_3_1701_260699_m_345
Koala,Mammals,Endangered,New South Wales,-30.42953667,152.9262964,Unknown,945_3_1701_260700_m_345
Koala,Mammals,Endangered,New South Wales,-30.42953667,152.9262964,Unknown,945_3_1701_260701_m_345
Koala,Mammals,Endangered,New South Wales,-30.42953667,152.9262964,Unknown,945_3_1701_260702_m_345
Koala,Mammals,Endangered,New South Wales,-30.42953667,152.9262964,Unknown,945_3_1701_260703_m_345
Koala,Mammals,Endangered,New South Wales,-30.42953667,152.9262964,Unknown,945_3_1701_260705_m_345
Koala,Mammals,Endangered,New South Wales,-30.42953667,152.9262964,Unknown,945_3_1701_260708_m_345
Koala,Mammals,Endangered,New South Wales,-30.42953667,152.9262964,Unknown,945_3_1701_260710_m_345
Koala,Mammals,Endangered,New South Wales,-30.42953667,152.9262964,Unknown,945_3_1701_260711_m_345
Koala,Mammals,Endangered,New South Wales,-30.42953667,152.9262964,Unknown,945_3_1701_260712_m_345
Koala,Mammals,Endangered,New South Wales,-30.42953667,152.9262964,Unknown,945_3_1701_260713_m_345
Koala,Mammals,Endangered,New South Wales,-30.42953667,152.9262964,Unknown,945_3_1701_260714_m_345
Koala,Mammals,Endangered,New South Wales,-30.42953667,152.9262964,Unknown,945_3_1701_260715_m_345
Koala,Mammals,Endangered,New South Wales,-30.42953667,152.9262964,Unknown,945_3_1701_260716_m_345
Koala,Mammals,Endangered,New South Wales,-30.42953667,152.9262964,Unknown,945_3_1701_260717_m_345
Koala,Mammals,Endangered,New South Wales,-30.42953667,152.9262964,Unknown,945_3_1701_260718_m_345
Koala,Mammals,Endangered,New South Wales,-30.42953667,152.9262964,Unknown,945_3_1701_260719_m_345
Koala,Mammals,Endangered,New South Wales,-30.42953667,152.9262964,Unknown,945_3_1701_260728_m_345
Koala,Mammals,Endangered,New South Wales,-30.42953667,152.9262964,Unknown,945_3_1701_260731_m_345
Koala,Mammals,Endangered,New South Wales,-30.42953667,152.9262964,Unknown,945_3_1701_260735_m_345
Koala,Mammals,Endangered,New South Wales,-30.42953667,152.9262964,Unknown,945_3_1701_260736_m_345
Koala,Mammals,Endangered,New South Wales,-30.42953667,152.9262964,Unknown,945_3_1701_260739_m_345
Koala,Mammals,Endangered,New South Wales,-30.18246033,152.6123449,Unknown,945_3_1701_260745_m_345
Koala,Mammals,Endangered,New South Wales,-30.18246033,152.6123449,Unknown,945_3_1701_260749_m_345
Koala,Mammals,Endangered,New South Wales,-30.42953667,152.9262964,Unknown,945_3_1701_260750_m_345
Koala,Mammals,Endangered,New South Wales,-30.42953667,152.9262964,Unknown,945_3_1701_260751_m_345
Koala,Mammals,Endangered,New South Wales,-30.42953667,152.9262964,Unknown,945_3_1701_260756_m_345
Koala,Mammals,Endangered,New South Wales,-30.42953667,152.9262964,Unknown,945_3_1701_260757_m_345
Koala,Mammals,Endangered,New South Wales,-30.10754751,148.5438515,Unknown,946_223_1759_256342_m_345
Koala,Mammals,Endangered,New South Wales,-31.48919114,149.1898468,Unknown,946_223_1759_256343_m_345
Koala,Mammals,Endangered,New South Wales,-31.48919114,149.1898468,Unknown,946_223_1759_256344_m_345
Koala,Mammals,Endangered,New South Wales,-31.48919114,149.1898468,Unknown,946_223_1760_256345_m_345
Koala,Mammals,Endangered,New South Wales,-36.53324171,149.7389788,Unknown,959_3_1820_257746_m_345
Koala,Mammals,Endangered,New South Wales,-31.23160852,152.7979609,Unknown,1369_120_2492_942975_m_345
Long-footed Potoroo,Mammals,Endangered,Victoria,-36.88372003,146.7575184,Actively managed,1465_554_392_952471_m_360
Long-nosed Potoroo,Mammals,Near Threatened,New South Wales,-36.53324171,149.7389788,Actively managed,688_272_392_370290_m_362
Long-nosed Potoroo,Mammals,Near Threatened,New South Wales,-36.53324171,149.7389788,Actively managed,688_272_392_370291_m_362
Long-nosed Potoroo,Mammals,Near Threatened,New South Wales,-36.53324171,149.7389788,Actively managed,688_272_392_370292_m_362
Long-nosed Potoroo,Mammals,Near Threatened,New South Wales,-37.29256957,149.9129914,Actively managed,688_272_392_370293_m_362
Long-nosed Potoroo,Mammals,Near Threatened,New South Wales,-36.53324171,149.7389788,Actively managed,688_272_392_370294_m_362
Long-nosed Potoroo,Mammals,Near Threatened,New South Wales,-37.29256957,149.9129914,Actively managed,688_272_392_370295_m_362
Long-nosed Potoroo,Mammals,Near Threatened,New South Wales,-36.53324171,149.7389788,Actively managed,688_272_392_370296_m_362
Long-nosed Potoroo,Mammals,Near Threatened,New South Wales,-36.53324171,149.7389788,Actively managed,688_272_392_370297_m_362
Long-nosed Potoroo,Mammals,Near Threatened,New South Wales,-36.53324171,149.7389788,Actively managed,688_272_392_370298_m_362
Long-nosed Potoroo,Mammals,Near Threatened,New South Wales,-36.53324171,149.7389788,Actively managed,688_272_392_370299_m_362
Long-nosed Potoroo,Mammals,Near Threatened,New South Wales,-36.53324171,149.7389788,Actively managed,688_272_392_370300_m_362
Long-nosed Potoroo,Mammals,Near Threatened,New South Wales,-36.53324171,149.7389788,Actively managed,688_272_392_370302_m_362
Long-nosed Potoroo,Mammals,Near Threatened,New South Wales,-37.29256957,149.9129914,Actively managed,688_272_392_370303_m_362
Long-nosed Potoroo,Mammals,Near Threatened,New South Wales,-36.53324171,149.7389788,Actively managed,688_272_392_370304_m_362
Long-nosed Potoroo,Mammals,Near Threatened,New South Wales,-36.53324171,149.7389788,Actively managed,688_272_392_370305_m_362
Long-nosed Potoroo,Mammals,Near Threatened,New South Wales,-36.53324171,149.7389788,Actively managed,688_272_392_370307_m_362
Long-nosed Potoroo,Mammals,Near Threatened,New South Wales,-36.53324171,149.7389788,Actively managed,688_272_392_370309_m_362
Long-nosed Potoroo,Mammals,Near Threatened,New South Wales,-36.53324171,149.7389788,Actively managed,688_272_392_370310_m_362
Long-nosed Potoroo,Mammals,Near Threatened,New South Wales,-37.29256957,149.9129914,Actively managed,688_272_392_370311_m_362
Long-nosed Potoroo,Mammals,Near Threatened,New South Wales,-36.53324171,149.7389788,Actively managed,688_272_392_370312_m_362
Long-nosed Potoroo,Mammals,Near Threatened,New South Wales,-36.53324171,149.7389788,Actively managed,688_272_392_370313_m_362
Long-nosed Potoroo,Mammals,Near Threatened,New South Wales,-37.29256957,149.9129914,Actively managed,688_272_392_370314_m_362
Long-nosed Potoroo,Mammals,Near Threatened,New South Wales,-37.29256957,149.9129914,Actively managed,688_272_392_370315_m_362
Long-nosed Potoroo,Mammals,Near Threatened,New South Wales,-37.29256957,149.9129914,Actively managed,688_272_392_370316_m_362
Long-nosed Potoroo,Mammals,Near Threatened,New South Wales,-36.53324171,149.7389788,Actively managed,688_272_392_370317_m_362
Long-nosed Potoroo,Mammals,Near Threatened,New South Wales,-37.29256957,149.9129914,Actively managed,688_272_392_370318_m_362
Long-nosed Potoroo,Mammals,Near Threatened,New South Wales,-37.29256957,149.9129914,Actively managed,688_272_392_370319_m_362
Long-nosed Potoroo,Mammals,Near Threatened,New South Wales,-36.53324171,149.7389788,Actively managed,688_272_392_370320_m_362
Long-nosed Potoroo,Mammals,Near Threatened,New South Wales,-36.53324171,149.7389788,Actively managed,688_272_392_370321_m_362
Long-nosed Potoroo,Mammals,Near Threatened,New South Wales,-36.53324171,149.7389788,Actively managed,688_272_392_370322_m_362
Long-nosed Potoroo,Mammals,Near Threatened,New South Wales,-37.29256957,149.9129914,Actively managed,688_272_392_370323_m_362
Long-nosed Potoroo,Mammals,Near Threatened,New South Wales,-37.29256957,149.9129914,Actively managed,688_272_392_370324_m_362
Long-nosed Potoroo,Mammals,Near Threatened,New South Wales,-37.29256957,149.9129914,Actively managed,688_272_392_370325_m_362
Long-nosed Potoroo,Mammals,Near Threatened,New South Wales,-36.53324171,149.7389788,Actively managed,688_272_392_370326_m_362
Long-nosed Potoroo,Mammals,Near Threatened,New South Wales,-37.29256957,149.9129914,Actively managed,688_272_392_370327_m_362
Long-nosed Potoroo,Mammals,Near Threatened,New South Wales,-37.29256957,149.9129914,Actively managed,688_272_392_370328_m_362
Long-nosed Potoroo,Mammals,Near Threatened,New South Wales,-34.57821037,150.4553103,Actively managed,1277_357_392_390436_m_362
,Mammals,Near Threatened,Tasmania,-41.42075532,145.788359,Actively managed,962_122_500_354651_m_363
,Mammals,Near Threatened,Tasmania,-42.65599782,147.7519754,Actively managed,962_122_500_354652_m_363
,Mammals,Near Threatened,Tasmania,-42.65599782,147.7519754,Actively managed,962_122_500_354653_m_363
,Mammals,Near Threatened,Tasmania,-42.65599782,147.7519754,Actively managed,962_122_500_354654_m_363
,Mammals,Near Threatened,Tasmania,-41.42075532,145.788359,Actively managed,962_267_1864_354655_m_363
,Mammals,Near Threatened,Tasmania,-42.65599782,147.7519754,Actively managed,962_267_1864_354656_m_363
,Mammals,Near Threatened,Tasmania,-42.65599782,147.7519754,Actively managed,962_267_1864_354657_m_363
,Mammals,Near Threatened,Tasmania,-42.65599782,147.7519754,Actively managed,962_267_1864_354658_m_363
Long-nosed Potoroo (northern),Mammals,Vulnerable,New South Wales,-29.24588835,153.2593919,Actively managed,800_4_392_371234_m_364
Long-nosed Potoroo (northern),Mammals,Vulnerable,New South Wales,-29.24588835,153.2593919,Actively managed,800_4_392_371236_m_364
Long-nosed Potoroo (northern),Mammals,Vulnerable,New South Wales,-29.24588835,153.2593919,Actively managed,800_4_392_371237_m_364
Long-nosed Potoroo (northern),Mammals,Vulnerable,New South Wales,-29.24588835,153.2593919,Actively managed,800_4_392_371238_m_364
Long-nosed Potoroo (northern),Mammals,Vulnerable,New South Wales,-29.24588835,153.2593919,Actively managed,800_4_392_371239_m_364
Long-nosed Potoroo (northern),Mammals,Vulnerable,New South Wales,-29.24588835,153.2593919,Actively managed,800_4_392_371242_m_364
Long-nosed Potoroo (northern),Mammals,Vulnerable,New South Wales,-29.24588835,153.2593919,Actively managed,800_4_392_371244_m_364
Long-nosed Potoroo (northern),Mammals,Vulnerable,Queensland,-28.1389383,152.7925025,Actively managed,827_396_2384_732091_m_364
Long-nosed Potoroo (southern mainland),Mammals,Vulnerable,New South Wales,-36.53324171,149.7389788,Actively managed,952_3_486_257576_m_365
Long-nosed Potoroo (southern mainland),Mammals,Vulnerable,New South Wales,-36.53324171,149.7389788,No management,952_3_486_257577_m_365
Carpentarian Pseudantechinus,Mammals,Near Threatened,Northern Territory,-15.88200079,136.5455433,Actively managed,851_2_393_387494_m_368
"Western Ringtail Possum, Ngwayir, Womp, Woder, Ngoor, Ngoolangit",Mammals,Critically Endangered,Western Australia,-34.15050767,116.6498318,Actively managed,614_99_430_381977_m_372
"Western Ringtail Possum, Ngwayir, Womp, Woder, Ngoor, Ngoolangit",Mammals,Critically Endangered,Western Australia,-34.15050767,116.6498318,Actively managed,614_99_430_381978_m_372
"Western Ringtail Possum, Ngwayir, Womp, Woder, Ngoor, Ngoolangit",Mammals,Critically Endangered,Western Australia,-34.15050767,116.6498318,Actively managed,614_99_430_381979_m_372
"Western Ringtail Possum, Ngwayir, Womp, Woder, Ngoor, Ngoolangit",Mammals,Critically Endangered,Western Australia,-34.15050767,116.6498318,Actively managed,1105_2_2072_369484_m_372
Kakadu Pebble-mound Mouse,Mammals,Vulnerable,Northern Territory,-12.96289089,133.073796,Unknown,443_2_294_251554_m_386
Kakadu Pebble-mound Mouse,Mammals,Vulnerable,Northern Territory,-12.72421308,131.1774919,Unknown,443_2_294_251661_m_386
Kakadu Pebble-mound Mouse,Mammals,Vulnerable,Northern Territory,-13.42007809,132.0247895,Unknown,443_2_294_251667_m_386
Kakadu Pebble-mound Mouse,Mammals,Vulnerable,Northern Territory,-12.72421308,131.1774919,Unknown,443_2_294_251668_m_386
Kakadu Pebble-mound Mouse,Mammals,Vulnerable,Northern Territory,-12.72421308,131.1774919,Unknown,443_2_294_251669_m_386
Kakadu Pebble-mound Mouse,Mammals,Vulnerable,Northern Territory,-12.72421308,131.1774919,Unknown,443_2_294_251675_m_386
Kakadu Pebble-mound Mouse,Mammals,Vulnerable,Northern Territory,-14.28789015,131.6463585,Unknown,443_2_294_251679_m_386
Kakadu Pebble-mound Mouse,Mammals,Vulnerable,Northern Territory,-14.28789015,131.6463585,Unknown,443_2_294_251680_m_386
Kakadu Pebble-mound Mouse,Mammals,Vulnerable,Northern Territory,-14.28789015,131.6463585,Unknown,443_2_294_251682_m_386
Kakadu Pebble-mound Mouse,Mammals,Vulnerable,Northern Territory,-13.42007809,132.0247895,Unknown,443_2_294_251694_m_386
Kakadu Pebble-mound Mouse,Mammals,Vulnerable,Northern Territory,-12.72421308,131.1774919,Unknown,443_2_294_251695_m_386
"Shark Bay Mouse, Djoongari, Alice Springs Mouse",Mammals,Vulnerable,Western Australia,-24.98923633,113.1087818,Actively managed,609_97_2261_955758_m_390
"Shark Bay Mouse, Djoongari, Alice Springs Mouse",Mammals,Vulnerable,Western Australia,-20.66052834,117.0795967,Actively managed,617_97_2261_955753_m_390
"Konoom, Smoky Mouse",Mammals,Endangered,New South Wales,-36.53324171,149.7389788,Unknown,943_394_2380_401209_m_391
"Konoom, Smoky Mouse",Mammals,Endangered,New South Wales,-36.53324171,149.7389788,Unknown,1349_394_2376_609743_m_391
"Konoom, Smoky Mouse",Mammals,Endangered,New South Wales,-36.53324171,149.7389788,Unknown,1350_394_2378_609741_m_391
New Holland Mouse,Mammals,Vulnerable,New South Wales,-34.22470711,151.0051801,Actively managed,991_2_1685_260375_m_399
New Holland Mouse,Mammals,Vulnerable,Victoria,-38.32100885,144.2402249,Actively managed,1004_3_1978_258028_m_399
New Holland Mouse,Mammals,Vulnerable,Victoria,-38.32100885,144.2402249,Actively managed,1004_3_1978_258029_m_399
New Holland Mouse,Mammals,Vulnerable,Victoria,-38.32100885,144.2402249,Actively managed,1004_3_1978_258030_m_399
New Holland Mouse,Mammals,Vulnerable,Victoria,-38.32100885,144.2402249,Actively managed,1004_3_1978_258031_m_399
New Holland Mouse,Mammals,Vulnerable,Victoria,-38.32100885,144.2402249,Actively managed,1004_3_1978_258032_m_399
New Holland Mouse,Mammals,Vulnerable,Victoria,-38.32100885,144.2402249,Actively managed,1004_3_1978_258033_m_399
New Holland Mouse,Mammals,Vulnerable,Victoria,-38.32100885,144.2402249,Actively managed,1004_3_1978_258034_m_399
Hastings River Mouse,Mammals,Endangered,Queensland,-28.1389383,152.7925025,Actively managed,827_396_2476_732092_m_401
Hastings River Mouse,Mammals,Endangered,Queensland,-28.1389383,152.7925025,Actively managed,827_396_2476_732093_m_401
Hastings River Mouse,Mammals,Endangered,Queensland,-28.1389383,152.7925025,No management,827_396_2476_732094_m_401
Hastings River Mouse,Mammals,Endangered,Queensland,-27.29060711,151.4271932,Actively managed,827_396_2476_732095_m_401
Heath Rat,Mammals,Endangered,Victoria,-37.25678172,142.3822528,Actively managed,1456_539_2677_951337_m_404
Heath Rat,Mammals,Endangered,Victoria,-37.25678172,142.3822528,Actively managed,1456_539_2677_951338_m_404
Heath Rat,Mammals,Endangered,Victoria,-37.25678172,142.3822528,Actively managed,1456_539_2677_951339_m_404
Heath Rat,Mammals,Endangered,Victoria,-37.25678172,142.3822528,Actively managed,1456_539_2677_951340_m_404
Heath Rat,Mammals,Endangered,Victoria,-37.25678172,142.3822528,Actively managed,1456_539_2677_951342_m_404
Heath Rat,Mammals,Endangered,Victoria,-37.25678172,142.3822528,Actively managed,1456_539_2677_951343_m_404
Heath Rat,Mammals,Endangered,Victoria,-37.25678172,142.3822528,Actively managed,1456_539_2677_951345_m_404
Heath Rat,Mammals,Endangered,Victoria,-37.25678172,142.3822528,Actively managed,1456_539_2677_951346_m_404
Heath Rat,Mammals,Endangered,Victoria,-37.25678172,142.3822528,Actively managed,1456_539_2677_951347_m_404
Heath Rat,Mammals,Endangered,Victoria,-37.25678172,142.3822528,Actively managed,1456_539_2677_951348_m_404
Heath Rat,Mammals,Endangered,Victoria,-37.25678172,142.3822528,Actively managed,1456_539_2677_951349_m_404
Heath Rat,Mammals,Endangered,Victoria,-37.25678172,142.3822528,Actively managed,1456_539_2677_951350_m_404
Heath Rat,Mammals,Endangered,Victoria,-37.25678172,142.3822528,Actively managed,1456_539_2677_951352_m_404
Heath Rat,Mammals,Endangered,Victoria,-37.25678172,142.3822528,Actively managed,1456_539_2677_951354_m_404
Heath Rat,Mammals,Endangered,Victoria,-37.25678172,142.3822528,Actively managed,1456_539_2677_951355_m_404
Heath Rat,Mammals,Endangered,Victoria,-37.25678172,142.3822528,Actively managed,1456_539_2677_951356_m_404
Heath Rat,Mammals,Endangered,Victoria,-37.25678172,142.3822528,Actively managed,1456_539_2677_951357_m_404
Heath Rat,Mammals,Endangered,Victoria,-37.25678172,142.3822528,Actively managed,1456_539_2677_951358_m_404
Heath Rat,Mammals,Endangered,Victoria,-37.25678172,142.3822528,Actively managed,1456_539_2677_951359_m_404
Heath Rat,Mammals,Endangered,Victoria,-37.25678172,142.3822528,Actively managed,1456_539_2677_951360_m_404
Heath Rat,Mammals,Endangered,Victoria,-37.25678172,142.3822528,Actively managed,1456_539_2677_951361_m_404
Heath Rat,Mammals,Endangered,Victoria,-37.25678172,142.3822528,Actively managed,1456_539_2677_951362_m_404
Heath Rat,Mammals,Endangered,Victoria,-37.25678172,142.3822528,Actively managed,1456_539_2677_951363_m_404
Heath Rat,Mammals,Endangered,Victoria,-37.25678172,142.3822528,Actively managed,1456_539_2677_951364_m_404
Heath Rat,Mammals,Endangered,Victoria,-37.25678172,142.3822528,Actively managed,1456_539_2677_951365_m_404
Heath Rat,Mammals,Endangered,Victoria,-37.25678172,142.3822528,Actively managed,1456_539_2677_951366_m_404
Heath Rat,Mammals,Endangered,Victoria,-37.25678172,142.3822528,Actively managed,1456_539_2677_951367_m_404
Heath Rat,Mammals,Endangered,Victoria,-37.25678172,142.3822528,Actively managed,1456_539_2677_951368_m_404
Heath Rat,Mammals,Endangered,Victoria,-37.25678172,142.3822528,Actively managed,1456_539_2677_951369_m_404
Heath Rat,Mammals,Endangered,Victoria,-37.25678172,142.3822528,Actively managed,1456_539_2677_951370_m_404
Heath Rat,Mammals,Endangered,Victoria,-37.25678172,142.3822528,Actively managed,1456_539_2677_951371_m_404
Heath Rat,Mammals,Endangered,Victoria,-37.25678172,142.3822528,Actively managed,1456_539_2677_951372_m_404
Spectacled Flying-fox,Mammals,Endangered,Queensland,-16.09418496,145.3601964,Unknown,1431_2_2242_949626_m_409
Spectacled Flying-fox,Mammals,Endangered,Queensland,-16.09418496,145.3601964,Unknown,1431_2_2242_949627_m_409
Spectacled Flying-fox,Mammals,Endangered,Queensland,-16.09418496,145.3601964,Unknown,1431_2_2242_949628_m_409
Spectacled Flying-fox,Mammals,Endangered,Queensland,-16.09418496,145.3601964,Unknown,1431_2_2242_949629_m_409
Spectacled Flying-fox,Mammals,Endangered,Queensland,-16.09418496,145.3601964,Unknown,1431_2_2242_949630_m_409
Spectacled Flying-fox,Mammals,Endangered,Queensland,-16.09418496,145.3601964,Unknown,1431_2_2242_949631_m_409
Spectacled Flying-fox,Mammals,Endangered,Queensland,-16.09418496,145.3601964,Unknown,1431_2_2242_949632_m_409
Spectacled Flying-fox,Mammals,Endangered,Queensland,-16.09418496,145.3601964,Unknown,1431_2_2242_949633_m_409
Spectacled Flying-fox,Mammals,Endangered,Queensland,-17.27687556,146.0728591,Unknown,1431_2_2242_949634_m_409
Spectacled Flying-fox,Mammals,Endangered,Queensland,-17.27687556,146.0728591,Unknown,1431_2_2242_949635_m_409
Spectacled Flying-fox,Mammals,Endangered,Queensland,-17.27687556,146.0728591,Unknown,1431_2_2242_949636_m_409
Spectacled Flying-fox,Mammals,Endangered,Queensland,-17.27687556,146.0728591,Unknown,1431_2_2242_949637_m_409
Spectacled Flying-fox,Mammals,Endangered,Queensland,-16.5884132,145.709142,Unknown,1431_2_2242_949638_m_409
Spectacled Flying-fox,Mammals,Endangered,Queensland,-17.27687556,146.0728591,Unknown,1431_2_2242_949639_m_409
Spectacled Flying-fox,Mammals,Endangered,Queensland,-16.5884132,145.709142,Unknown,1431_2_2242_949640_m_409
Spectacled Flying-fox,Mammals,Endangered,Queensland,-16.5884132,145.709142,Unknown,1431_2_2242_949641_m_409
Spectacled Flying-fox,Mammals,Endangered,Queensland,-17.27687556,146.0728591,Unknown,1431_2_2242_949642_m_409
Spectacled Flying-fox,Mammals,Endangered,Queensland,-17.27687556,146.0728591,Unknown,1431_2_2242_949643_m_409
Spectacled Flying-fox,Mammals,Endangered,Queensland,-17.27687556,146.0728591,Unknown,1431_2_2242_949644_m_409
Spectacled Flying-fox,Mammals,Endangered,Queensland,-17.27687556,146.0728591,Unknown,1431_2_2242_949645_m_409
Spectacled Flying-fox,Mammals,Endangered,Queensland,-17.27687556,146.0728591,Unknown,1431_2_2242_949646_m_409
Spectacled Flying-fox,Mammals,Endangered,Queensland,-17.27687556,146.0728591,Unknown,1431_2_2242_949647_m_409
Spectacled Flying-fox,Mammals,Endangered,Queensland,-17.27687556,146.0728591,Unknown,1431_2_2242_949648_m_409
Spectacled Flying-fox,Mammals,Endangered,Queensland,-16.45259805,144.7336049,Unknown,1431_2_2242_949649_m_409
Spectacled Flying-fox,Mammals,Endangered,Queensland,-16.45259805,144.7336049,Unknown,1431_2_2242_949650_m_409
Spectacled Flying-fox,Mammals,Endangered,Queensland,-16.45259805,144.7336049,Unknown,1431_2_2242_949651_m_409
Spectacled Flying-fox,Mammals,Endangered,Queensland,-16.45259805,144.7336049,Unknown,1431_2_2242_949652_m_409
Spectacled Flying-fox,Mammals,Endangered,Queensland,-17.27687556,146.0728591,Unknown,1431_2_2242_949653_m_409
Spectacled Flying-fox,Mammals,Endangered,Queensland,-16.45259805,144.7336049,Unknown,1431_2_2242_949654_m_409
Spectacled Flying-fox,Mammals,Endangered,Queensland,-17.27687556,146.0728591,Unknown,1431_2_2242_949655_m_409
Spectacled Flying-fox,Mammals,Endangered,Queensland,-17.27687556,146.0728591,Unknown,1431_2_2242_949656_m_409
Spectacled Flying-fox,Mammals,Endangered,Queensland,-17.27687556,146.0728591,Unknown,1431_2_2242_949657_m_409
Spectacled Flying-fox,Mammals,Endangered,Queensland,-17.27687556,146.0728591,Unknown,1431_2_2242_949658_m_409
Spectacled Flying-fox,Mammals,Endangered,Queensland,-17.27687556,146.0728591,Unknown,1431_2_2242_949659_m_409
Spectacled Flying-fox,Mammals,Endangered,Queensland,-17.27687556,146.0728591,Unknown,1431_2_2242_949660_m_409
Spectacled Flying-fox,Mammals,Endangered,Queensland,-17.27687556,146.0728591,Unknown,1431_2_2242_949661_m_409
Spectacled Flying-fox,Mammals,Endangered,Queensland,-17.27687556,146.0728591,Unknown,1431_2_2242_949662_m_409
Spectacled Flying-fox,Mammals,Endangered,Queensland,-17.27687556,146.0728591,Unknown,1431_2_2242_949663_m_409
Spectacled Flying-fox,Mammals,Endangered,Queensland,-17.43534171,145.7600259,Unknown,1431_2_2242_949664_m_409
Spectacled Flying-fox,Mammals,Endangered,Queensland,-17.27687556,146.0728591,Unknown,1431_2_2242_949665_m_409
Spectacled Flying-fox,Mammals,Endangered,Queensland,-17.42540421,145.5410436,Unknown,1431_2_2242_949666_m_409
Spectacled Flying-fox,Mammals,Endangered,Queensland,-17.43534171,145.7600259,Unknown,1431_2_2242_949667_m_409
Spectacled Flying-fox,Mammals,Endangered,Queensland,-17.43534171,145.7600259,Unknown,1431_2_2242_949668_m_409
Spectacled Flying-fox,Mammals,Endangered,Queensland,-17.27687556,146.0728591,Unknown,1431_2_2242_949669_m_409
Spectacled Flying-fox,Mammals,Endangered,Queensland,-17.27687556,146.0728591,Unknown,1431_2_2242_949670_m_409
Spectacled Flying-fox,Mammals,Endangered,Queensland,-17.27687556,146.0728591,Unknown,1431_2_2242_949671_m_409
Spectacled Flying-fox,Mammals,Endangered,Queensland,-17.27687556,146.0728591,Unknown,1431_2_2242_949672_m_409
Spectacled Flying-fox,Mammals,Endangered,Queensland,-17.42540421,145.5410436,Unknown,1431_2_2242_949673_m_409
Spectacled Flying-fox,Mammals,Endangered,Queensland,-17.27687556,146.0728591,Unknown,1431_2_2242_949674_m_409
Spectacled Flying-fox,Mammals,Endangered,Queensland,-17.27687556,146.0728591,Unknown,1431_2_2242_949675_m_409
Spectacled Flying-fox,Mammals,Endangered,Queensland,-18.17527419,146.2083487,Unknown,1431_2_2242_949676_m_409
Spectacled Flying-fox,Mammals,Endangered,Queensland,-18.17527419,146.2083487,Unknown,1431_2_2242_949677_m_409
Spectacled Flying-fox,Mammals,Endangered,Queensland,-18.76298318,146.4544179,Unknown,1431_2_2242_949678_m_409
Christmas Island Flying Fox,Mammals,Critically Endangered,Commonwealth,-10.483864,105.6301227,Unknown,691_2_497_259213_m_413
Christmas Island Flying Fox,Mammals,Critically Endangered,Commonwealth,-10.483864,105.6301227,Unknown,691_2_497_259214_m_413
Christmas Island Flying Fox,Mammals,Critically Endangered,Commonwealth,-10.483864,105.6301227,Unknown,691_2_497_259215_m_413
Christmas Island Flying Fox,Mammals,Critically Endangered,Commonwealth,-10.483864,105.6301227,Unknown,691_2_497_259216_m_413
Christmas Island Flying Fox,Mammals,Critically Endangered,Commonwealth,-10.483864,105.6301227,Unknown,691_2_497_259217_m_413
Christmas Island Flying Fox,Mammals,Critically Endangered,Commonwealth,-10.483864,105.6301227,Unknown,691_2_497_259218_m_413
Christmas Island Flying Fox,Mammals,Critically Endangered,Commonwealth,-10.483864,105.6301227,Unknown,691_2_497_259219_m_413
Christmas Island Flying Fox,Mammals,Critically Endangered,Commonwealth,-10.483864,105.6301227,Unknown,691_2_497_259220_m_413
Christmas Island Flying Fox,Mammals,Critically Endangered,Commonwealth,-10.483864,105.6301227,Unknown,691_2_497_259221_m_413
Christmas Island Flying Fox,Mammals,Critically Endangered,Commonwealth,-10.483864,105.6301227,Unknown,691_2_497_259222_m_413
Christmas Island Flying Fox,Mammals,Critically Endangered,Commonwealth,-10.483864,105.6301227,Unknown,691_2_497_259223_m_413
Christmas Island Flying Fox,Mammals,Critically Endangered,Commonwealth,-10.483864,105.6301227,Unknown,691_2_497_259225_m_413
Christmas Island Flying Fox,Mammals,Critically Endangered,Commonwealth,-10.483864,105.6301227,Unknown,691_2_497_259226_m_413
Christmas Island Flying Fox,Mammals,Critically Endangered,Commonwealth,-10.483864,105.6301227,Unknown,691_2_497_259227_m_413
Christmas Island Flying Fox,Mammals,Critically Endangered,Commonwealth,-10.483864,105.6301227,Unknown,691_2_497_259228_m_413
Christmas Island Flying Fox,Mammals,Critically Endangered,Commonwealth,-10.483864,105.6301227,Unknown,691_2_497_259229_m_413
Christmas Island Flying Fox,Mammals,Critically Endangered,Commonwealth,-10.483864,105.6301227,Unknown,691_2_497_259230_m_413
Christmas Island Flying Fox,Mammals,Critically Endangered,Commonwealth,-10.483864,105.6301227,Unknown,691_2_497_259231_m_413
Christmas Island Flying Fox,Mammals,Critically Endangered,Commonwealth,-10.483864,105.6301227,Unknown,691_2_497_259232_m_413
Christmas Island Flying Fox,Mammals,Critically Endangered,Commonwealth,-10.483864,105.6301227,Unknown,691_2_497_259233_m_413
Christmas Island Flying Fox,Mammals,Critically Endangered,Commonwealth,-10.483864,105.6301227,Unknown,691_2_497_259234_m_413
Christmas Island Flying Fox,Mammals,Critically Endangered,Commonwealth,-10.483864,105.6301227,Unknown,691_2_497_259235_m_413
Christmas Island Flying Fox,Mammals,Critically Endangered,Commonwealth,-10.483864,105.6301227,Unknown,691_2_497_259236_m_413
Christmas Island Flying Fox,Mammals,Critically Endangered,Commonwealth,-10.483864,105.6301227,Unknown,691_2_497_259237_m_413
Christmas Island Flying Fox,Mammals,Critically Endangered,Commonwealth,-10.483864,105.6301227,Unknown,691_2_497_259240_m_413
Christmas Island Flying Fox,Mammals,Critically Endangered,Commonwealth,-10.483864,105.6301227,Unknown,691_2_497_259241_m_413
Christmas Island Flying Fox,Mammals,Critically Endangered,Commonwealth,-10.483864,105.6301227,Unknown,691_2_497_259242_m_413
Christmas Island Flying Fox,Mammals,Critically Endangered,Commonwealth,-10.483864,105.6301227,Unknown,691_2_497_259243_m_413
Christmas Island Flying Fox,Mammals,Critically Endangered,Commonwealth,-10.483864,105.6301227,Unknown,691_2_497_259244_m_413
Christmas Island Flying Fox,Mammals,Critically Endangered,Commonwealth,-10.483864,105.6301227,Unknown,691_2_497_259245_m_413
Christmas Island Flying Fox,Mammals,Critically Endangered,Commonwealth,-10.483864,105.6301227,Unknown,691_2_497_259246_m_413
Christmas Island Flying Fox,Mammals,Critically Endangered,Commonwealth,-10.483864,105.6301227,Unknown,691_2_497_259247_m_413
Christmas Island Flying Fox,Mammals,Critically Endangered,Commonwealth,-10.483864,105.6301227,Unknown,691_2_497_259249_m_413
Christmas Island Flying Fox,Mammals,Critically Endangered,Commonwealth,-10.483864,105.6301227,Unknown,691_2_497_259250_m_413
Christmas Island Flying Fox,Mammals,Critically Endangered,Commonwealth,-10.483864,105.6301227,Unknown,691_2_497_259251_m_413
Christmas Island Flying Fox,Mammals,Critically Endangered,Commonwealth,-10.483864,105.6301227,Unknown,691_2_497_259252_m_413
Christmas Island Flying Fox,Mammals,Critically Endangered,Commonwealth,-10.483864,105.6301227,Unknown,691_2_497_259253_m_413
Christmas Island Flying Fox,Mammals,Critically Endangered,Commonwealth,-10.483864,105.6301227,Unknown,691_2_497_259254_m_413
Christmas Island Flying Fox,Mammals,Critically Endangered,Commonwealth,-10.483864,105.6301227,Unknown,691_2_497_259255_m_413
Christmas Island Flying Fox,Mammals,Critically Endangered,Commonwealth,-10.483864,105.6301227,Unknown,691_2_497_259256_m_413
Christmas Island Flying Fox,Mammals,Critically Endangered,Commonwealth,-10.483864,105.6301227,Unknown,691_2_497_259257_m_413
Christmas Island Flying Fox,Mammals,Critically Endangered,Commonwealth,-10.483864,105.6301227,Unknown,691_2_497_259258_m_413
Christmas Island Flying Fox,Mammals,Critically Endangered,Commonwealth,-10.483864,105.6301227,Unknown,691_2_497_259259_m_413
Christmas Island Flying Fox,Mammals,Critically Endangered,Commonwealth,-10.483864,105.6301227,Unknown,691_2_497_259260_m_413
Christmas Island Flying Fox,Mammals,Critically Endangered,Commonwealth,-10.483864,105.6301227,Unknown,691_2_497_259261_m_413
Christmas Island Flying Fox,Mammals,Critically Endangered,Commonwealth,-10.483864,105.6301227,Unknown,691_2_497_259262_m_413
Christmas Island Flying Fox,Mammals,Critically Endangered,Commonwealth,-10.483864,105.6301227,Unknown,691_2_497_259263_m_413
Christmas Island Flying Fox,Mammals,Critically Endangered,Commonwealth,-10.483864,105.6301227,Unknown,691_2_497_259264_m_413
Christmas Island Flying Fox,Mammals,Critically Endangered,Commonwealth,-10.483864,105.6301227,Unknown,691_2_497_259265_m_413
Christmas Island Flying Fox,Mammals,Critically Endangered,Commonwealth,-10.483864,105.6301227,Unknown,691_2_497_259266_m_413
Christmas Island Flying Fox,Mammals,Critically Endangered,Commonwealth,-10.483864,105.6301227,Unknown,691_2_497_259267_m_413
Christmas Island Flying Fox,Mammals,Critically Endangered,Commonwealth,-10.483864,105.6301227,Unknown,691_2_497_259268_m_413
Christmas Island Flying Fox,Mammals,Critically Endangered,Commonwealth,-10.483864,105.6301227,Unknown,691_2_497_259269_m_413
Christmas Island Flying Fox,Mammals,Critically Endangered,Commonwealth,-10.483864,105.6301227,Unknown,691_2_497_259270_m_413
Christmas Island Flying Fox,Mammals,Critically Endangered,Commonwealth,-10.483864,105.6301227,Unknown,691_2_497_259271_m_413
Christmas Island Flying Fox,Mammals,Critically Endangered,Commonwealth,-10.483864,105.6301227,Unknown,691_2_497_259272_m_413
Christmas Island Flying Fox,Mammals,Critically Endangered,Commonwealth,-10.483864,105.6301227,Unknown,691_2_497_259274_m_413
Christmas Island Flying Fox,Mammals,Critically Endangered,Commonwealth,-10.483864,105.6301227,Unknown,691_2_497_259276_m_413
Christmas Island Flying Fox,Mammals,Critically Endangered,Commonwealth,-10.483864,105.6301227,Unknown,691_2_497_259277_m_413
Christmas Island Flying Fox,Mammals,Critically Endangered,Commonwealth,-10.483864,105.6301227,Unknown,691_2_497_259279_m_413
Christmas Island Flying Fox,Mammals,Critically Endangered,Commonwealth,-10.483864,105.6301227,Unknown,691_2_497_259280_m_413
Christmas Island Flying Fox,Mammals,Critically Endangered,Commonwealth,-10.483864,105.6301227,Unknown,691_2_497_259281_m_413
Christmas Island Flying Fox,Mammals,Critically Endangered,Commonwealth,-10.483864,105.6301227,Unknown,691_2_497_259282_m_413
Christmas Island Flying Fox,Mammals,Critically Endangered,Commonwealth,-10.483864,105.6301227,Unknown,691_2_497_259283_m_413
Christmas Island Flying Fox,Mammals,Critically Endangered,Commonwealth,-10.483864,105.6301227,Unknown,691_2_497_259284_m_413
Christmas Island Flying Fox,Mammals,Critically Endangered,Commonwealth,-10.483864,105.6301227,Unknown,691_2_497_259285_m_413
Christmas Island Flying Fox,Mammals,Critically Endangered,Commonwealth,-10.483864,105.6301227,Unknown,691_2_497_259286_m_413
Christmas Island Flying Fox,Mammals,Critically Endangered,Commonwealth,-10.483864,105.6301227,Unknown,691_2_497_259289_m_413
Christmas Island Flying Fox,Mammals,Critically Endangered,Commonwealth,-10.483864,105.6301227,Unknown,691_2_497_259290_m_413
Christmas Island Flying Fox,Mammals,Critically Endangered,Commonwealth,-10.483864,105.6301227,Unknown,691_2_497_259292_m_413
Christmas Island Flying Fox,Mammals,Critically Endangered,Commonwealth,-10.483864,105.6301227,Unknown,691_2_497_259294_m_413
Christmas Island Flying Fox,Mammals,Critically Endangered,Commonwealth,-10.483864,105.6301227,Unknown,691_2_497_259295_m_413
Christmas Island Flying Fox,Mammals,Critically Endangered,Commonwealth,-10.483864,105.6301227,Unknown,691_2_497_259297_m_413
Christmas Island Flying Fox,Mammals,Critically Endangered,Commonwealth,-10.483864,105.6301227,Unknown,691_2_497_259298_m_413
Christmas Island Flying Fox,Mammals,Critically Endangered,Commonwealth,-10.483864,105.6301227,Unknown,691_2_497_259299_m_413
Christmas Island Flying Fox,Mammals,Critically Endangered,Commonwealth,-10.483864,105.6301227,Unknown,691_2_497_259300_m_413
Christmas Island Flying Fox,Mammals,Critically Endangered,Commonwealth,-10.483864,105.6301227,Unknown,691_2_497_259301_m_413
Christmas Island Flying Fox,Mammals,Critically Endangered,Commonwealth,-10.483864,105.6301227,Unknown,691_2_497_259302_m_413
Christmas Island Flying Fox,Mammals,Critically Endangered,Commonwealth,-10.483864,105.6301227,Unknown,691_2_497_259304_m_413
Christmas Island Flying Fox,Mammals,Critically Endangered,Commonwealth,-10.483864,105.6301227,Unknown,691_2_497_259305_m_413
Christmas Island Flying Fox,Mammals,Critically Endangered,Commonwealth,-10.483864,105.6301227,Unknown,691_2_497_259306_m_413
Christmas Island Flying Fox,Mammals,Critically Endangered,Commonwealth,-10.483864,105.6301227,Unknown,691_2_497_259307_m_413
Christmas Island Flying Fox,Mammals,Critically Endangered,Commonwealth,-10.483864,105.6301227,Unknown,691_2_497_259308_m_413
Christmas Island Flying Fox,Mammals,Critically Endangered,Commonwealth,-10.483864,105.6301227,Unknown,691_2_497_259309_m_413
Christmas Island Flying Fox,Mammals,Critically Endangered,Commonwealth,-10.483864,105.6301227,Unknown,691_2_497_259310_m_413
Christmas Island Flying Fox,Mammals,Critically Endangered,Commonwealth,-10.483864,105.6301227,Unknown,691_2_497_259311_m_413
Christmas Island Flying Fox,Mammals,Critically Endangered,Commonwealth,-10.483864,105.6301227,Unknown,691_2_497_259312_m_413
Christmas Island Flying Fox,Mammals,Critically Endangered,Commonwealth,-10.483864,105.6301227,Unknown,691_2_497_259313_m_413
Christmas Island Flying Fox,Mammals,Critically Endangered,Commonwealth,-10.483864,105.6301227,Unknown,691_2_497_259314_m_413
Christmas Island Flying Fox,Mammals,Critically Endangered,Commonwealth,-10.483864,105.6301227,Unknown,691_2_497_259315_m_413
Christmas Island Flying Fox,Mammals,Critically Endangered,Commonwealth,-10.483864,105.6301227,Unknown,691_2_497_259316_m_413
Christmas Island Flying Fox,Mammals,Critically Endangered,Commonwealth,-10.483864,105.6301227,Unknown,691_2_497_259317_m_413
Christmas Island Flying Fox,Mammals,Critically Endangered,Commonwealth,-10.483864,105.6301227,Unknown,691_2_497_259318_m_413
Christmas Island Flying Fox,Mammals,Critically Endangered,Commonwealth,-10.483864,105.6301227,Unknown,691_2_497_259320_m_413
Christmas Island Flying Fox,Mammals,Critically Endangered,Commonwealth,-10.483864,105.6301227,Unknown,691_2_497_259322_m_413
Christmas Island Flying Fox,Mammals,Critically Endangered,Commonwealth,-10.483864,105.6301227,Unknown,691_2_497_259323_m_413
Christmas Island Flying Fox,Mammals,Critically Endangered,Commonwealth,-10.483864,105.6301227,Unknown,691_2_497_259324_m_413
Christmas Island Flying Fox,Mammals,Critically Endangered,Commonwealth,-10.483864,105.6301227,Unknown,691_2_497_259325_m_413
Christmas Island Flying Fox,Mammals,Critically Endangered,Commonwealth,-10.483864,105.6301227,Unknown,691_2_497_259327_m_413
Christmas Island Flying Fox,Mammals,Critically Endangered,Commonwealth,-10.483864,105.6301227,Unknown,691_2_497_259329_m_413
Christmas Island Flying Fox,Mammals,Critically Endangered,Commonwealth,-10.483864,105.6301227,Unknown,691_2_497_259330_m_413
Christmas Island Flying Fox,Mammals,Critically Endangered,Commonwealth,-10.483864,105.6301227,Unknown,691_2_497_259331_m_413
Christmas Island Flying Fox,Mammals,Critically Endangered,Commonwealth,-10.483864,105.6301227,Unknown,691_2_497_259332_m_413
Christmas Island Flying Fox,Mammals,Critically Endangered,Commonwealth,-10.483864,105.6301227,Unknown,691_2_497_259333_m_413
Christmas Island Flying Fox,Mammals,Critically Endangered,Commonwealth,-10.483864,105.6301227,Unknown,691_2_497_259334_m_413
Christmas Island Flying Fox,Mammals,Critically Endangered,Commonwealth,-10.483864,105.6301227,Unknown,691_2_497_259335_m_413
Grey-headed Flying-fox,Mammals,Vulnerable,Queensland,-18.76298318,146.4544179,Unknown,1288_2_2242_394314_m_414
Grey-headed Flying-fox,Mammals,Vulnerable,Queensland,-21.47833308,148.9259678,Unknown,1288_2_2242_394315_m_414
Grey-headed Flying-fox,Mammals,Vulnerable,Queensland,-21.47833308,148.9259678,Unknown,1288_2_2242_394316_m_414
Grey-headed Flying-fox,Mammals,Vulnerable,Queensland,-22.67300879,150.5462456,Unknown,1288_2_2242_394317_m_414
Grey-headed Flying-fox,Mammals,Vulnerable,Queensland,-22.67300879,150.5462456,Unknown,1288_2_2242_394318_m_414
Grey-headed Flying-fox,Mammals,Vulnerable,Queensland,-24.25150233,150.7878141,Unknown,1288_2_2242_394319_m_414
Grey-headed Flying-fox,Mammals,Vulnerable,Queensland,-24.17912995,150.3671066,Unknown,1288_2_2242_394320_m_414
Grey-headed Flying-fox,Mammals,Vulnerable,Queensland,-24.22947123,151.7723377,Unknown,1288_2_2242_394321_m_414
Grey-headed Flying-fox,Mammals,Vulnerable,Queensland,-24.25150233,150.7878141,Unknown,1288_2_2242_394322_m_414
Grey-headed Flying-fox,Mammals,Vulnerable,Queensland,-24.22947123,151.7723377,Unknown,1288_2_2242_394324_m_414
Grey-headed Flying-fox,Mammals,Vulnerable,Queensland,-25.10118443,152.8141377,Unknown,1288_2_2242_394325_m_414
Grey-headed Flying-fox,Mammals,Vulnerable,Queensland,-25.10118443,152.8141377,Unknown,1288_2_2242_394326_m_414
Grey-headed Flying-fox,Mammals,Vulnerable,Queensland,-25.10118443,152.8141377,Unknown,1288_2_2242_394327_m_414
Grey-headed Flying-fox,Mammals,Vulnerable,Queensland,-25.10118443,152.8141377,Unknown,1288_2_2242_394328_m_414
Grey-headed Flying-fox,Mammals,Vulnerable,Queensland,-25.10118443,152.8141377,Unknown,1288_2_2242_394329_m_414
Grey-headed Flying-fox,Mammals,Vulnerable,Queensland,-25.10118443,152.8141377,Unknown,1288_2_2242_394330_m_414
Grey-headed Flying-fox,Mammals,Vulnerable,Queensland,-25.10118443,152.8141377,Unknown,1288_2_2242_394331_m_414
Grey-headed Flying-fox,Mammals,Vulnerable,Queensland,-25.10118443,152.8141377,Unknown,1288_2_2242_394332_m_414
Grey-headed Flying-fox,Mammals,Vulnerable,Queensland,-25.10118443,152.8141377,Unknown,1288_2_2242_394333_m_414
Grey-headed Flying-fox,Mammals,Vulnerable,Queensland,-25.10118443,152.8141377,Unknown,1288_2_2242_394334_m_414
Grey-headed Flying-fox,Mammals,Vulnerable,Queensland,-25.10118443,152.8141377,Unknown,1288_2_2242_394335_m_414
Grey-headed Flying-fox,Mammals,Vulnerable,Queensland,-25.10118443,152.8141377,Unknown,1288_2_2242_394336_m_414
Grey-headed Flying-fox,Mammals,Vulnerable,Queensland,-25.10118443,152.8141377,Unknown,1288_2_2242_394337_m_414
Grey-headed Flying-fox,Mammals,Vulnerable,Queensland,-25.10118443,152.8141377,Unknown,1288_2_2242_394338_m_414
Grey-headed Flying-fox,Mammals,Vulnerable,Queensland,-25.10118443,152.8141377,Unknown,1288_2_2242_394339_m_414
Grey-headed Flying-fox,Mammals,Vulnerable,Queensland,-25.10118443,152.8141377,Unknown,1288_2_2242_394340_m_414
Grey-headed Flying-fox,Mammals,Vulnerable,Queensland,-24.25150233,150.7878141,Unknown,1288_2_2242_394341_m_414
Grey-headed Flying-fox,Mammals,Vulnerable,Queensland,-25.10118443,152.8141377,Unknown,1288_2_2242_394342_m_414
Grey-headed Flying-fox,Mammals,Vulnerable,Queensland,-26.33486303,152.0814721,Unknown,1288_2_2242_394343_m_414
Grey-headed Flying-fox,Mammals,Vulnerable,Queensland,-26.33486303,152.0814721,Unknown,1288_2_2242_394344_m_414
Grey-headed Flying-fox,Mammals,Vulnerable,Queensland,-25.70346896,152.2774276,Unknown,1288_2_2242_394345_m_414
Grey-headed Flying-fox,Mammals,Vulnerable,Queensland,-25.10118443,152.8141377,Unknown,1288_2_2242_394346_m_414
Grey-headed Flying-fox,Mammals,Vulnerable,Queensland,-25.10118443,152.8141377,Unknown,1288_2_2242_394347_m_414
Grey-headed Flying-fox,Mammals,Vulnerable,Queensland,-25.70346896,152.2774276,Unknown,1288_2_2242_394348_m_414
Grey-headed Flying-fox,Mammals,Vulnerable,Queensland,-25.70346896,152.2774276,Unknown,1288_2_2242_394349_m_414
Grey-headed Flying-fox,Mammals,Vulnerable,Queensland,-25.70346896,152.2774276,Unknown,1288_2_2242_394350_m_414
Grey-headed Flying-fox,Mammals,Vulnerable,Queensland,-25.70346896,152.2774276,Unknown,1288_2_2242_394351_m_414
Grey-headed Flying-fox,Mammals,Vulnerable,Queensland,-25.10118443,152.8141377,Unknown,1288_2_2242_394352_m_414
Grey-headed Flying-fox,Mammals,Vulnerable,Queensland,-25.10118443,152.8141377,Unknown,1288_2_2242_394353_m_414
Grey-headed Flying-fox,Mammals,Vulnerable,Queensland,-25.70346896,152.2774276,Unknown,1288_2_2242_394354_m_414
Grey-headed Flying-fox,Mammals,Vulnerable,Queensland,-27.20516781,153.3374921,Unknown,1288_2_2242_394355_m_414
Grey-headed Flying-fox,Mammals,Vulnerable,Queensland,-25.70346896,152.2774276,Unknown,1288_2_2242_394356_m_414
Grey-headed Flying-fox,Mammals,Vulnerable,Queensland,-27.20516781,153.3374921,Unknown,1288_2_2242_394357_m_414
Grey-headed Flying-fox,Mammals,Vulnerable,Queensland,-26.67023289,151.8716299,Unknown,1288_2_2242_394359_m_414
Grey-headed Flying-fox,Mammals,Vulnerable,Queensland,-27.20516781,153.3374921,Unknown,1288_2_2242_394360_m_414
Grey-headed Flying-fox,Mammals,Vulnerable,Queensland,-27.20516781,153.3374921,Unknown,1288_2_2242_394361_m_414
Grey-headed Flying-fox,Mammals,Vulnerable,Queensland,-27.20516781,153.3374921,Unknown,1288_2_2242_394362_m_414
Grey-headed Flying-fox,Mammals,Vulnerable,Queensland,-27.20516781,153.3374921,Unknown,1288_2_2242_394363_m_414
Grey-headed Flying-fox,Mammals,Vulnerable,Queensland,-27.20516781,153.3374921,Unknown,1288_2_2242_394364_m_414
Grey-headed Flying-fox,Mammals,Vulnerable,Queensland,-27.20516781,153.3374921,Unknown,1288_2_2242_394365_m_414
Grey-headed Flying-fox,Mammals,Vulnerable,Queensland,-27.20516781,153.3374921,Unknown,1288_2_2242_394366_m_414
Grey-headed Flying-fox,Mammals,Vulnerable,Queensland,-27.1534329,152.8243086,Unknown,1288_2_2242_394367_m_414
Grey-headed Flying-fox,Mammals,Vulnerable,Queensland,-27.20516781,153.3374921,Unknown,1288_2_2242_394368_m_414
Grey-headed Flying-fox,Mammals,Vulnerable,Queensland,-27.1534329,152.8243086,Unknown,1288_2_2242_394369_m_414
Grey-headed Flying-fox,Mammals,Vulnerable,Queensland,-27.1534329,152.8243086,Unknown,1288_2_2242_394370_m_414
Grey-headed Flying-fox,Mammals,Vulnerable,Queensland,-27.20516781,153.3374921,Unknown,1288_2_2242_394371_m_414
Grey-headed Flying-fox,Mammals,Vulnerable,Queensland,-27.20516781,153.3374921,Unknown,1288_2_2242_394372_m_414
Grey-headed Flying-fox,Mammals,Vulnerable,Queensland,-27.20516781,153.3374921,Unknown,1288_2_2242_394373_m_414
Grey-headed Flying-fox,Mammals,Vulnerable,Queensland,-27.20516781,153.3374921,Unknown,1288_2_2242_394374_m_414
Grey-headed Flying-fox,Mammals,Vulnerable,Queensland,-26.33486303,152.0814721,Unknown,1288_2_2242_394375_m_414
Grey-headed Flying-fox,Mammals,Vulnerable,Queensland,-26.67023289,151.8716299,Unknown,1288_2_2242_394376_m_414
Grey-headed Flying-fox,Mammals,Vulnerable,Queensland,-26.67023289,151.8716299,Unknown,1288_2_2242_394377_m_414
Grey-headed Flying-fox,Mammals,Vulnerable,Queensland,-27.1534329,152.8243086,Unknown,1288_2_2242_394378_m_414
Grey-headed Flying-fox,Mammals,Vulnerable,Queensland,-27.1534329,152.8243086,Unknown,1288_2_2242_394379_m_414
Grey-headed Flying-fox,Mammals,Vulnerable,Queensland,-27.20516781,153.3374921,Unknown,1288_2_2242_394380_m_414
Grey-headed Flying-fox,Mammals,Vulnerable,Queensland,-27.20516781,153.3374921,Unknown,1288_2_2242_394382_m_414
Grey-headed Flying-fox,Mammals,Vulnerable,Queensland,-27.20516781,153.3374921,Unknown,1288_2_2242_394383_m_414
Grey-headed Flying-fox,Mammals,Vulnerable,Queensland,-27.20516781,153.3374921,Unknown,1288_2_2242_394384_m_414
Grey-headed Flying-fox,Mammals,Vulnerable,Queensland,-27.20516781,153.3374921,Unknown,1288_2_2242_394385_m_414
Grey-headed Flying-fox,Mammals,Vulnerable,Queensland,-27.20516781,153.3374921,Unknown,1288_2_2242_394386_m_414
Grey-headed Flying-fox,Mammals,Vulnerable,Queensland,-27.20516781,153.3374921,Unknown,1288_2_2242_394387_m_414
Grey-headed Flying-fox,Mammals,Vulnerable,Queensland,-27.20516781,153.3374921,Unknown,1288_2_2242_394388_m_414
Grey-headed Flying-fox,Mammals,Vulnerable,Queensland,-27.29060711,151.4271932,Unknown,1288_2_2242_394389_m_414
Grey-headed Flying-fox,Mammals,Vulnerable,Queensland,-27.1534329,152.8243086,Unknown,1288_2_2242_394390_m_414
Grey-headed Flying-fox,Mammals,Vulnerable,Queensland,-27.20516781,153.3374921,Unknown,1288_2_2242_394391_m_414
Grey-headed Flying-fox,Mammals,Vulnerable,Queensland,-27.1534329,152.8243086,Unknown,1288_2_2242_394392_m_414
Grey-headed Flying-fox,Mammals,Vulnerable,Queensland,-27.20516781,153.3374921,Unknown,1288_2_2242_394393_m_414
Grey-headed Flying-fox,Mammals,Vulnerable,Queensland,-26.33486303,152.0814721,Unknown,1288_2_2242_394394_m_414
Grey-headed Flying-fox,Mammals,Vulnerable,Queensland,-27.20516781,153.3374921,Unknown,1288_2_2242_394395_m_414
Grey-headed Flying-fox,Mammals,Vulnerable,Queensland,-27.1534329,152.8243086,Unknown,1288_2_2242_394396_m_414
Grey-headed Flying-fox,Mammals,Vulnerable,Queensland,-27.20516781,153.3374921,Unknown,1288_2_2242_394397_m_414
Grey-headed Flying-fox,Mammals,Vulnerable,Queensland,-27.20516781,153.3374921,Unknown,1288_2_2242_394398_m_414
Grey-headed Flying-fox,Mammals,Vulnerable,Queensland,-27.20516781,153.3374921,Unknown,1288_2_2242_394399_m_414
Grey-headed Flying-fox,Mammals,Vulnerable,Queensland,-27.1534329,152.8243086,Unknown,1288_2_2242_394400_m_414
Grey-headed Flying-fox,Mammals,Vulnerable,Queensland,-27.1534329,152.8243086,Unknown,1288_2_2242_394401_m_414
Grey-headed Flying-fox,Mammals,Vulnerable,Queensland,-27.1534329,152.8243086,Unknown,1288_2_2242_394403_m_414
Grey-headed Flying-fox,Mammals,Vulnerable,Queensland,-27.1534329,152.8243086,Unknown,1288_2_2242_394404_m_414
Grey-headed Flying-fox,Mammals,Vulnerable,Queensland,-27.20516781,153.3374921,Unknown,1288_2_2242_394405_m_414
Grey-headed Flying-fox,Mammals,Vulnerable,Queensland,-27.1534329,152.8243086,Unknown,1288_2_2242_394406_m_414
Grey-headed Flying-fox,Mammals,Vulnerable,Queensland,-27.1534329,152.8243086,Unknown,1288_2_2242_394407_m_414
Grey-headed Flying-fox,Mammals,Vulnerable,Queensland,-27.75995263,152.6081037,Unknown,1288_2_2242_394408_m_414
Grey-headed Flying-fox,Mammals,Vulnerable,Queensland,-27.20516781,153.3374921,Unknown,1288_2_2242_394409_m_414
Grey-headed Flying-fox,Mammals,Vulnerable,Queensland,-27.1534329,152.8243086,Unknown,1288_2_2242_394410_m_414
Grey-headed Flying-fox,Mammals,Vulnerable,Queensland,-27.29060711,151.4271932,Unknown,1288_2_2242_394411_m_414
Grey-headed Flying-fox,Mammals,Vulnerable,Queensland,-27.20516781,153.3374921,Unknown,1288_2_2242_394412_m_414
Grey-headed Flying-fox,Mammals,Vulnerable,Queensland,-27.1534329,152.8243086,Unknown,1288_2_2242_394413_m_414
Grey-headed Flying-fox,Mammals,Vulnerable,Queensland,-27.20516781,153.3374921,Unknown,1288_2_2242_394414_m_414
Grey-headed Flying-fox,Mammals,Vulnerable,Queensland,-27.1534329,152.8243086,Unknown,1288_2_2242_394415_m_414
Grey-headed Flying-fox,Mammals,Vulnerable,Queensland,-27.1534329,152.8243086,Unknown,1288_2_2242_394416_m_414
Grey-headed Flying-fox,Mammals,Vulnerable,Queensland,-27.29060711,151.4271932,Unknown,1288_2_2242_394417_m_414
Grey-headed Flying-fox,Mammals,Vulnerable,Queensland,-27.75995263,152.6081037,Unknown,1288_2_2242_394418_m_414
Grey-headed Flying-fox,Mammals,Vulnerable,Queensland,-27.20516781,153.3374921,Unknown,1288_2_2242_394419_m_414
Grey-headed Flying-fox,Mammals,Vulnerable,Queensland,-27.75995263,152.6081037,Unknown,1288_2_2242_394420_m_414
Grey-headed Flying-fox,Mammals,Vulnerable,Queensland,-27.75995263,152.6081037,Unknown,1288_2_2242_394421_m_414
Grey-headed Flying-fox,Mammals,Vulnerable,Queensland,-27.1534329,152.8243086,Unknown,1288_2_2242_394422_m_414
Grey-headed Flying-fox,Mammals,Vulnerable,Queensland,-27.1534329,152.8243086,Unknown,1288_2_2242_394423_m_414
Grey-headed Flying-fox,Mammals,Vulnerable,Queensland,-27.1534329,152.8243086,Unknown,1288_2_2242_394424_m_414
Grey-headed Flying-fox,Mammals,Vulnerable,Queensland,-27.20516781,153.3374921,Unknown,1288_2_2242_394425_m_414
Grey-headed Flying-fox,Mammals,Vulnerable,Queensland,-27.20516781,153.3374921,Unknown,1288_2_2242_394426_m_414
Grey-headed Flying-fox,Mammals,Vulnerable,Queensland,-27.20516781,153.3374921,Unknown,1288_2_2242_394427_m_414
Grey-headed Flying-fox,Mammals,Vulnerable,Queensland,-27.20516781,153.3374921,Unknown,1288_2_2242_394428_m_414
Grey-headed Flying-fox,Mammals,Vulnerable,Queensland,-27.75995263,152.6081037,Unknown,1288_2_2242_394429_m_414
Grey-headed Flying-fox,Mammals,Vulnerable,Queensland,-27.20516781,153.3374921,Unknown,1288_2_2242_394430_m_414
Grey-headed Flying-fox,Mammals,Vulnerable,Queensland,-27.1534329,152.8243086,Unknown,1288_2_2242_394431_m_414
Grey-headed Flying-fox,Mammals,Vulnerable,Queensland,-27.75995263,152.6081037,Unknown,1288_2_2242_394432_m_414
Grey-headed Flying-fox,Mammals,Vulnerable,Queensland,-27.20516781,153.3374921,Unknown,1288_2_2242_394433_m_414
Grey-headed Flying-fox,Mammals,Vulnerable,Queensland,-27.75995263,152.6081037,Unknown,1288_2_2242_394434_m_414
Grey-headed Flying-fox,Mammals,Vulnerable,Queensland,-27.75995263,152.6081037,Unknown,1288_2_2242_394435_m_414
Grey-headed Flying-fox,Mammals,Vulnerable,Queensland,-27.75995263,152.6081037,Unknown,1288_2_2242_394436_m_414
Grey-headed Flying-fox,Mammals,Vulnerable,Queensland,-27.75995263,152.6081037,Unknown,1288_2_2242_394437_m_414
Grey-headed Flying-fox,Mammals,Vulnerable,Queensland,-27.75995263,152.6081037,Unknown,1288_2_2242_394438_m_414
Grey-headed Flying-fox,Mammals,Vulnerable,Queensland,-27.75995263,152.6081037,Unknown,1288_2_2242_394439_m_414
Grey-headed Flying-fox,Mammals,Vulnerable,Queensland,-27.75995263,152.6081037,Unknown,1288_2_2242_394440_m_414
Grey-headed Flying-fox,Mammals,Vulnerable,Queensland,-27.75995263,152.6081037,Unknown,1288_2_2242_394441_m_414
Grey-headed Flying-fox,Mammals,Vulnerable,Queensland,-27.75995263,152.6081037,Unknown,1288_2_2242_394442_m_414
Grey-headed Flying-fox,Mammals,Vulnerable,Queensland,-27.20516781,153.3374921,Unknown,1288_2_2242_394443_m_414
Grey-headed Flying-fox,Mammals,Vulnerable,Queensland,-27.20516781,153.3374921,Unknown,1288_2_2242_394444_m_414
Grey-headed Flying-fox,Mammals,Vulnerable,Queensland,-27.75995263,152.6081037,Unknown,1288_2_2242_394445_m_414
Grey-headed Flying-fox,Mammals,Vulnerable,Queensland,-27.20516781,153.3374921,Unknown,1288_2_2242_394446_m_414
Grey-headed Flying-fox,Mammals,Vulnerable,Queensland,-27.75995263,152.6081037,Unknown,1288_2_2242_394447_m_414
Grey-headed Flying-fox,Mammals,Vulnerable,Queensland,-27.29060711,151.4271932,Unknown,1288_2_2242_394448_m_414
Grey-headed Flying-fox,Mammals,Vulnerable,Queensland,-27.75995263,152.6081037,Unknown,1288_2_2242_394449_m_414
Grey-headed Flying-fox,Mammals,Vulnerable,Queensland,-27.75995263,152.6081037,Unknown,1288_2_2242_394450_m_414
Grey-headed Flying-fox,Mammals,Vulnerable,Queensland,-27.75995263,152.6081037,Unknown,1288_2_2242_394451_m_414
Grey-headed Flying-fox,Mammals,Vulnerable,Queensland,-27.20516781,153.3374921,Unknown,1288_2_2242_394452_m_414
Grey-headed Flying-fox,Mammals,Vulnerable,Queensland,-27.75995263,152.6081037,Unknown,1288_2_2242_394453_m_414
Grey-headed Flying-fox,Mammals,Vulnerable,Queensland,-27.75995263,152.6081037,Unknown,1288_2_2242_394454_m_414
Grey-headed Flying-fox,Mammals,Vulnerable,Queensland,-27.75995263,152.6081037,Unknown,1288_2_2242_394455_m_414
Grey-headed Flying-fox,Mammals,Vulnerable,Queensland,-27.75995263,152.6081037,Unknown,1288_2_2242_394456_m_414
Grey-headed Flying-fox,Mammals,Vulnerable,Queensland,-27.75995263,152.6081037,Unknown,1288_2_2242_394457_m_414
Grey-headed Flying-fox,Mammals,Vulnerable,Queensland,-27.20516781,153.3374921,Unknown,1288_2_2242_394458_m_414
Grey-headed Flying-fox,Mammals,Vulnerable,Queensland,-27.75995263,152.6081037,Unknown,1288_2_2242_394459_m_414
Grey-headed Flying-fox,Mammals,Vulnerable,Queensland,-27.75995263,152.6081037,Unknown,1288_2_2242_394460_m_414
Grey-headed Flying-fox,Mammals,Vulnerable,Queensland,-27.20516781,153.3374921,Unknown,1288_2_2242_394461_m_414
Grey-headed Flying-fox,Mammals,Vulnerable,Queensland,-27.75995263,152.6081037,Unknown,1288_2_2242_394462_m_414
Grey-headed Flying-fox,Mammals,Vulnerable,Queensland,-27.75995263,152.6081037,Unknown,1288_2_2242_394463_m_414
Grey-headed Flying-fox,Mammals,Vulnerable,Queensland,-27.75995263,152.6081037,Unknown,1288_2_2242_394464_m_414
Grey-headed Flying-fox,Mammals,Vulnerable,Queensland,-27.75995263,152.6081037,Unknown,1288_2_2242_394465_m_414
Grey-headed Flying-fox,Mammals,Vulnerable,Queensland,-27.75995263,152.6081037,Unknown,1288_2_2242_394466_m_414
Grey-headed Flying-fox,Mammals,Vulnerable,Queensland,-27.20516781,153.3374921,Unknown,1288_2_2242_394467_m_414
Grey-headed Flying-fox,Mammals,Vulnerable,Queensland,-27.75995263,152.6081037,Unknown,1288_2_2242_394468_m_414
Grey-headed Flying-fox,Mammals,Vulnerable,Queensland,-27.75995263,152.6081037,Unknown,1288_2_2242_394469_m_414
Grey-headed Flying-fox,Mammals,Vulnerable,Queensland,-27.75995263,152.6081037,Unknown,1288_2_2242_394470_m_414
Grey-headed Flying-fox,Mammals,Vulnerable,Queensland,-27.1534329,152.8243086,Unknown,1288_2_2242_394471_m_414
Grey-headed Flying-fox,Mammals,Vulnerable,Queensland,-27.75995263,152.6081037,Unknown,1288_2_2242_394472_m_414
Grey-headed Flying-fox,Mammals,Vulnerable,Queensland,-27.75995263,152.6081037,Unknown,1288_2_2242_394473_m_414
Grey-headed Flying-fox,Mammals,Vulnerable,Queensland,-27.1534329,152.8243086,Unknown,1288_2_2242_394474_m_414
Grey-headed Flying-fox,Mammals,Vulnerable,Queensland,-27.1534329,152.8243086,Unknown,1288_2_2242_394475_m_414
Grey-headed Flying-fox,Mammals,Vulnerable,Queensland,-27.1534329,152.8243086,Unknown,1288_2_2242_394476_m_414
Grey-headed Flying-fox,Mammals,Vulnerable,Queensland,-27.20516781,153.3374921,Unknown,1288_2_2242_394477_m_414
Grey-headed Flying-fox,Mammals,Vulnerable,Queensland,-27.1534329,152.8243086,Unknown,1288_2_2242_394478_m_414
Grey-headed Flying-fox,Mammals,Vulnerable,Queensland,-27.75995263,152.6081037,Unknown,1288_2_2242_394479_m_414
Grey-headed Flying-fox,Mammals,Vulnerable,Queensland,-27.75995263,152.6081037,Unknown,1288_2_2242_394480_m_414
Grey-headed Flying-fox,Mammals,Vulnerable,Queensland,-27.20516781,153.3374921,Unknown,1288_2_2242_394481_m_414
Grey-headed Flying-fox,Mammals,Vulnerable,Queensland,-27.75995263,152.6081037,Unknown,1288_2_2242_394482_m_414
Grey-headed Flying-fox,Mammals,Vulnerable,Queensland,-27.20516781,153.3374921,Unknown,1288_2_2242_394483_m_414
Grey-headed Flying-fox,Mammals,Vulnerable,Queensland,-27.20516781,153.3374921,Unknown,1288_2_2242_394484_m_414
Grey-headed Flying-fox,Mammals,Vulnerable,Queensland,-27.1534329,152.8243086,Unknown,1288_2_2242_394485_m_414
Grey-headed Flying-fox,Mammals,Vulnerable,Queensland,-27.20516781,153.3374921,Unknown,1288_2_2242_394486_m_414
Grey-headed Flying-fox,Mammals,Vulnerable,Queensland,-28.1389383,152.7925025,Unknown,1288_2_2242_394487_m_414
Grey-headed Flying-fox,Mammals,Vulnerable,Queensland,-27.1534329,152.8243086,Unknown,1288_2_2242_394488_m_414
Grey-headed Flying-fox,Mammals,Vulnerable,Queensland,-27.1534329,152.8243086,Unknown,1288_2_2242_394489_m_414
Grey-headed Flying-fox,Mammals,Vulnerable,Queensland,-27.1534329,152.8243086,Unknown,1288_2_2242_394490_m_414
Grey-headed Flying-fox,Mammals,Vulnerable,Queensland,-27.75995263,152.6081037,Unknown,1288_2_2242_394492_m_414
Grey-headed Flying-fox,Mammals,Vulnerable,Queensland,-27.75995263,152.6081037,Unknown,1288_2_2242_394493_m_414
Grey-headed Flying-fox,Mammals,Vulnerable,Queensland,-27.1534329,152.8243086,Unknown,1288_2_2242_394494_m_414
Grey-headed Flying-fox,Mammals,Vulnerable,Queensland,-27.1534329,152.8243086,Unknown,1288_2_2242_394495_m_414
Grey-headed Flying-fox,Mammals,Vulnerable,Queensland,-27.75995263,152.6081037,Unknown,1288_2_2242_394496_m_414
Grey-headed Flying-fox,Mammals,Vulnerable,Queensland,-27.20516781,153.3374921,Unknown,1288_2_2242_394497_m_414
Grey-headed Flying-fox,Mammals,Vulnerable,Queensland,-27.20516781,153.3374921,Unknown,1288_2_2242_394498_m_414
Grey-headed Flying-fox,Mammals,Vulnerable,Queensland,-27.29060711,151.4271932,Unknown,1288_2_2242_394499_m_414
Grey-headed Flying-fox,Mammals,Vulnerable,Queensland,-27.20516781,153.3374921,Unknown,1288_2_2242_394500_m_414
Grey-headed Flying-fox,Mammals,Vulnerable,Queensland,-28.1389383,152.7925025,Unknown,1288_2_2242_394501_m_414
Grey-headed Flying-fox,Mammals,Vulnerable,Queensland,-27.20516781,153.3374921,Unknown,1288_2_2242_394502_m_414
Grey-headed Flying-fox,Mammals,Vulnerable,Queensland,-27.20516781,153.3374921,Unknown,1288_2_2242_394503_m_414
Grey-headed Flying-fox,Mammals,Vulnerable,Queensland,-27.20516781,153.3374921,Unknown,1288_2_2242_394504_m_414
Grey-headed Flying-fox,Mammals,Vulnerable,Queensland,-27.1534329,152.8243086,Unknown,1288_2_2242_394505_m_414
Grey-headed Flying-fox,Mammals,Vulnerable,Queensland,-27.1534329,152.8243086,Unknown,1288_2_2242_394506_m_414
Grey-headed Flying-fox,Mammals,Vulnerable,Queensland,-27.20516781,153.3374921,Unknown,1288_2_2242_394507_m_414
Grey-headed Flying-fox,Mammals,Vulnerable,Queensland,-27.75995263,152.6081037,Unknown,1288_2_2242_394508_m_414
Grey-headed Flying-fox,Mammals,Vulnerable,Queensland,-28.1389383,152.7925025,Unknown,1288_2_2242_394509_m_414
Grey-headed Flying-fox,Mammals,Vulnerable,Queensland,-27.1534329,152.8243086,Unknown,1288_2_2242_394510_m_414
Grey-headed Flying-fox,Mammals,Vulnerable,Queensland,-27.20516781,153.3374921,Unknown,1288_2_2242_394511_m_414
Grey-headed Flying-fox,Mammals,Vulnerable,Queensland,-27.20516781,153.3374921,Unknown,1288_2_2242_394512_m_414
Grey-headed Flying-fox,Mammals,Vulnerable,Queensland,-27.1534329,152.8243086,Unknown,1288_2_2242_394513_m_414
Grey-headed Flying-fox,Mammals,Vulnerable,Queensland,-27.20516781,153.3374921,Unknown,1288_2_2242_394514_m_414
Grey-headed Flying-fox,Mammals,Vulnerable,Queensland,-27.1534329,152.8243086,Unknown,1288_2_2242_394515_m_414
Grey-headed Flying-fox,Mammals,Vulnerable,Queensland,-27.20516781,153.3374921,Unknown,1288_2_2242_394516_m_414
Grey-headed Flying-fox,Mammals,Vulnerable,Queensland,-27.20516781,153.3374921,Unknown,1288_2_2242_394517_m_414
Grey-headed Flying-fox,Mammals,Vulnerable,New South Wales,-28.16951342,153.679722,Unknown,1288_2_2242_394518_m_414
Grey-headed Flying-fox,Mammals,Vulnerable,New South Wales,-28.41963259,153.6112396,Unknown,1288_2_2242_394519_m_414
Grey-headed Flying-fox,Mammals,Vulnerable,Queensland,-27.29060711,151.4271932,Unknown,1288_2_2242_394520_m_414
Grey-headed Flying-fox,Mammals,Vulnerable,New South Wales,-28.16951342,153.679722,Unknown,1288_2_2242_394521_m_414
Grey-headed Flying-fox,Mammals,Vulnerable,Queensland,-27.29060711,151.4271932,Unknown,1288_2_2242_394522_m_414
Grey-headed Flying-fox,Mammals,Vulnerable,New South Wales,-28.16951342,153.679722,Unknown,1288_2_2242_394523_m_414
Grey-headed Flying-fox,Mammals,Vulnerable,New South Wales,-28.41963259,153.6112396,Unknown,1288_2_2242_394524_m_414
Grey-headed Flying-fox,Mammals,Vulnerable,New South Wales,-28.41963259,153.6112396,Unknown,1288_2_2242_394525_m_414
Grey-headed Flying-fox,Mammals,Vulnerable,New South Wales,-28.41963259,153.6112396,Unknown,1288_2_2242_394526_m_414
Grey-headed Flying-fox,Mammals,Vulnerable,New South Wales,-28.41963259,153.6112396,Unknown,1288_2_2242_394527_m_414
Grey-headed Flying-fox,Mammals,Vulnerable,New South Wales,-28.41963259,153.6112396,Unknown,1288_2_2242_394528_m_414
Grey-headed Flying-fox,Mammals,Vulnerable,New South Wales,-28.41963259,153.6112396,Unknown,1288_2_2242_394529_m_414
Grey-headed Flying-fox,Mammals,Vulnerable,New South Wales,-28.41963259,153.6112396,Unknown,1288_2_2242_394530_m_414
Grey-headed Flying-fox,Mammals,Vulnerable,New South Wales,-28.41963259,153.6112396,Unknown,1288_2_2242_394531_m_414
Grey-headed Flying-fox,Mammals,Vulnerable,New South Wales,-28.41963259,153.6112396,Unknown,1288_2_2242_394532_m_414
Grey-headed Flying-fox,Mammals,Vulnerable,New South Wales,-28.59635014,153.1883811,Unknown,1288_2_2242_394533_m_414
Grey-headed Flying-fox,Mammals,Vulnerable,New South Wales,-28.59635014,153.1883811,Unknown,1288_2_2242_394534_m_414
Grey-headed Flying-fox,Mammals,Vulnerable,New South Wales,-28.41963259,153.6112396,Unknown,1288_2_2242_394535_m_414
Grey-headed Flying-fox,Mammals,Vulnerable,New South Wales,-28.41963259,153.6112396,Unknown,1288_2_2242_394536_m_414
Grey-headed Flying-fox,Mammals,Vulnerable,New South Wales,-28.59635014,153.1883811,Unknown,1288_2_2242_394537_m_414
Grey-headed Flying-fox,Mammals,Vulnerable,New South Wales,-28.59635014,153.1883811,Unknown,1288_2_2242_394538_m_414
Grey-headed Flying-fox,Mammals,Vulnerable,New South Wales,-28.41963259,153.6112396,Unknown,1288_2_2242_394539_m_414
Grey-headed Flying-fox,Mammals,Vulnerable,New South Wales,-28.59635014,153.1883811,Unknown,1288_2_2242_394540_m_414
Grey-headed Flying-fox,Mammals,Vulnerable,New South Wales,-28.41963259,153.6112396,Unknown,1288_2_2242_394541_m_414
Grey-headed Flying-fox,Mammals,Vulnerable,New South Wales,-28.41963259,153.6112396,Unknown,1288_2_2242_394542_m_414
Grey-headed Flying-fox,Mammals,Vulnerable,New South Wales,-28.41963259,153.6112396,Unknown,1288_2_2242_394543_m_414
Grey-headed Flying-fox,Mammals,Vulnerable,New South Wales,-28.59635014,153.1883811,Unknown,1288_2_2242_394544_m_414
Grey-headed Flying-fox,Mammals,Vulnerable,New South Wales,-28.59635014,153.1883811,Unknown,1288_2_2242_394545_m_414
Grey-headed Flying-fox,Mammals,Vulnerable,New South Wales,-28.59635014,153.1883811,Unknown,1288_2_2242_394546_m_414
Grey-headed Flying-fox,Mammals,Vulnerable,New South Wales,-28.59635014,153.1883811,Unknown,1288_2_2242_394547_m_414
Grey-headed Flying-fox,Mammals,Vulnerable,New South Wales,-28.59635014,153.1883811,Unknown,1288_2_2242_394548_m_414
Grey-headed Flying-fox,Mammals,Vulnerable,New South Wales,-28.59635014,153.1883811,Unknown,1288_2_2242_394549_m_414
Grey-headed Flying-fox,Mammals,Vulnerable,New South Wales,-28.41963259,153.6112396,Unknown,1288_2_2242_394550_m_414
Grey-headed Flying-fox,Mammals,Vulnerable,New South Wales,-28.41963259,153.6112396,Unknown,1288_2_2242_394551_m_414
Grey-headed Flying-fox,Mammals,Vulnerable,New South Wales,-28.41963259,153.6112396,Unknown,1288_2_2242_394552_m_414
Grey-headed Flying-fox,Mammals,Vulnerable,New South Wales,-28.41963259,153.6112396,Unknown,1288_2_2242_394553_m_414
Grey-headed Flying-fox,Mammals,Vulnerable,New South Wales,-28.59635014,153.1883811,Unknown,1288_2_2242_394554_m_414
Grey-headed Flying-fox,Mammals,Vulnerable,Queensland,-28.68404142,151.8934121,Unknown,1288_2_2242_394555_m_414
Grey-headed Flying-fox,Mammals,Vulnerable,New South Wales,-28.59635014,153.1883811,Unknown,1288_2_2242_394556_m_414
Grey-headed Flying-fox,Mammals,Vulnerable,New South Wales,-28.59635014,153.1883811,Unknown,1288_2_2242_394557_m_414
Grey-headed Flying-fox,Mammals,Vulnerable,New South Wales,-28.59635014,153.1883811,Unknown,1288_2_2242_394558_m_414
Grey-headed Flying-fox,Mammals,Vulnerable,New South Wales,-28.59635014,153.1883811,Unknown,1288_2_2242_394559_m_414
Grey-headed Flying-fox,Mammals,Vulnerable,New South Wales,-28.59635014,153.1883811,Unknown,1288_2_2242_394560_m_414
Grey-headed Flying-fox,Mammals,Vulnerable,New South Wales,-28.59635014,153.1883811,Unknown,1288_2_2242_394561_m_414
Grey-headed Flying-fox,Mammals,Vulnerable,New South Wales,-28.59635014,153.1883811,Unknown,1288_2_2242_394562_m_414
Grey-headed Flying-fox,Mammals,Vulnerable,New South Wales,-28.59635014,153.1883811,Unknown,1288_2_2242_394563_m_414
Grey-headed Flying-fox,Mammals,Vulnerable,New South Wales,-28.59635014,153.1883811,Unknown,1288_2_2242_394564_m_414
Grey-headed Flying-fox,Mammals,Vulnerable,New South Wales,-29.24588835,153.2593919,Unknown,1288_2_2242_394565_m_414
Grey-headed Flying-fox,Mammals,Vulnerable,New South Wales,-29.24588835,153.2593919,Unknown,1288_2_2242_394567_m_414
Grey-headed Flying-fox,Mammals,Vulnerable,New South Wales,-29.24588835,153.2593919,Unknown,1288_2_2242_394568_m_414
Grey-headed Flying-fox,Mammals,Vulnerable,New South Wales,-28.59635014,153.1883811,Unknown,1288_2_2242_394569_m_414
Grey-headed Flying-fox,Mammals,Vulnerable,New South Wales,-28.59635014,153.1883811,Unknown,1288_2_2242_394570_m_414
Grey-headed Flying-fox,Mammals,Vulnerable,New South Wales,-28.67190564,152.6169784,Unknown,1288_2_2242_394571_m_414
Grey-headed Flying-fox,Mammals,Vulnerable,New South Wales,-29.32297765,150.4357992,Unknown,1288_2_2242_394572_m_414
Grey-headed Flying-fox,Mammals,Vulnerable,New South Wales,-29.24588835,153.2593919,Unknown,1288_2_2242_394573_m_414
Grey-headed Flying-fox,Mammals,Vulnerable,New South Wales,-29.24588835,153.2593919,Unknown,1288_2_2242_394574_m_414
Grey-headed Flying-fox,Mammals,Vulnerable,New South Wales,-29.24588835,153.2593919,Unknown,1288_2_2242_394575_m_414
Grey-headed Flying-fox,Mammals,Vulnerable,New South Wales,-29.24588835,153.2593919,Unknown,1288_2_2242_394576_m_414
Grey-headed Flying-fox,Mammals,Vulnerable,New South Wales,-29.24588835,153.2593919,Unknown,1288_2_2242_394577_m_414
Grey-headed Flying-fox,Mammals,Vulnerable,New South Wales,-29.24588835,153.2593919,Unknown,1288_2_2242_394578_m_414
Grey-headed Flying-fox,Mammals,Vulnerable,New South Wales,-29.24588835,153.2593919,Unknown,1288_2_2242_394579_m_414
Grey-headed Flying-fox,Mammals,Vulnerable,New South Wales,-29.24588835,153.2593919,Unknown,1288_2_2242_394580_m_414
Grey-headed Flying-fox,Mammals,Vulnerable,New South Wales,-29.24588835,153.2593919,Unknown,1288_2_2242_394581_m_414
Grey-headed Flying-fox,Mammals,Vulnerable,New South Wales,-29.24588835,153.2593919,Unknown,1288_2_2242_394582_m_414
Grey-headed Flying-fox,Mammals,Vulnerable,New South Wales,-29.53744004,152.839025,Unknown,1288_2_2242_394583_m_414
Grey-headed Flying-fox,Mammals,Vulnerable,New South Wales,-29.24588835,153.2593919,Unknown,1288_2_2242_394584_m_414
Grey-headed Flying-fox,Mammals,Vulnerable,New South Wales,-29.56556096,150.9250885,Unknown,1288_2_2242_394586_m_414
Grey-headed Flying-fox,Mammals,Vulnerable,New South Wales,-29.53744004,152.839025,Unknown,1288_2_2242_394587_m_414
Grey-headed Flying-fox,Mammals,Vulnerable,New South Wales,-30.42953667,152.9262964,Unknown,1288_2_2242_394588_m_414
Grey-headed Flying-fox,Mammals,Vulnerable,New South Wales,-30.42953667,152.9262964,Unknown,1288_2_2242_394589_m_414
Grey-headed Flying-fox,Mammals,Vulnerable,New South Wales,-30.42953667,152.9262964,Unknown,1288_2_2242_394590_m_414
Grey-headed Flying-fox,Mammals,Vulnerable,New South Wales,-30.42953667,152.9262964,Unknown,1288_2_2242_394591_m_414
Grey-headed Flying-fox,Mammals,Vulnerable,New South Wales,-30.42953667,152.9262964,Unknown,1288_2_2242_394592_m_414
Grey-headed Flying-fox,Mammals,Vulnerable,New South Wales,-30.42953667,152.9262964,Unknown,1288_2_2242_394593_m_414
Grey-headed Flying-fox,Mammals,Vulnerable,New South Wales,-30.42953667,152.9262964,Unknown,1288_2_2242_394595_m_414
Grey-headed Flying-fox,Mammals,Vulnerable,New South Wales,-30.42953667,152.9262964,Unknown,1288_2_2242_394596_m_414
Grey-headed Flying-fox,Mammals,Vulnerable,New South Wales,-30.42953667,152.9262964,Unknown,1288_2_2242_394597_m_414
Grey-headed Flying-fox,Mammals,Vulnerable,New South Wales,-30.42953667,152.9262964,Unknown,1288_2_2242_394598_m_414
Grey-headed Flying-fox,Mammals,Vulnerable,New South Wales,-30.42953667,152.9262964,Unknown,1288_2_2242_394599_m_414
Grey-headed Flying-fox,Mammals,Vulnerable,New South Wales,-30.42953667,152.9262964,Unknown,1288_2_2242_394600_m_414
Grey-headed Flying-fox,Mammals,Vulnerable,New South Wales,-30.5698772,151.7840993,Unknown,1288_2_2242_394601_m_414
Grey-headed Flying-fox,Mammals,Vulnerable,New South Wales,-31.23160852,152.7979609,Unknown,1288_2_2242_394602_m_414
Grey-headed Flying-fox,Mammals,Vulnerable,New South Wales,-31.23160852,152.7979609,Unknown,1288_2_2242_394603_m_414
Grey-headed Flying-fox,Mammals,Vulnerable,New South Wales,-31.23160852,152.7979609,Unknown,1288_2_2242_394604_m_414
Grey-headed Flying-fox,Mammals,Vulnerable,New South Wales,-31.23160852,152.7979609,Unknown,1288_2_2242_394605_m_414
Grey-headed Flying-fox,Mammals,Vulnerable,New South Wales,-31.23160852,152.7979609,Unknown,1288_2_2242_394607_m_414
Grey-headed Flying-fox,Mammals,Vulnerable,New South Wales,-30.49557328,151.0729317,Unknown,1288_2_2242_394608_m_414
Grey-headed Flying-fox,Mammals,Vulnerable,New South Wales,-31.23160852,152.7979609,Unknown,1288_2_2242_394609_m_414
Grey-headed Flying-fox,Mammals,Vulnerable,New South Wales,-31.23160852,152.7979609,Unknown,1288_2_2242_394610_m_414
Grey-headed Flying-fox,Mammals,Vulnerable,New South Wales,-31.23160852,152.7979609,Unknown,1288_2_2242_394611_m_414
Grey-headed Flying-fox,Mammals,Vulnerable,New South Wales,-31.23160852,152.7979609,Unknown,1288_2_2242_394612_m_414
Grey-headed Flying-fox,Mammals,Vulnerable,New South Wales,-30.62260538,150.6901946,Unknown,1288_2_2242_394613_m_414
Grey-headed Flying-fox,Mammals,Vulnerable,New South Wales,-30.62260538,150.6901946,Unknown,1288_2_2242_394614_m_414
Grey-headed Flying-fox,Mammals,Vulnerable,New South Wales,-31.23160852,152.7979609,Unknown,1288_2_2242_394615_m_414
Grey-headed Flying-fox,Mammals,Vulnerable,New South Wales,-31.23160852,152.7979609,Unknown,1288_2_2242_394616_m_414
Grey-headed Flying-fox,Mammals,Vulnerable,New South Wales,-31.23160852,152.7979609,Unknown,1288_2_2242_394617_m_414
Grey-headed Flying-fox,Mammals,Vulnerable,New South Wales,-31.23160852,152.7979609,Unknown,1288_2_2242_394618_m_414
Grey-headed Flying-fox,Mammals,Vulnerable,New South Wales,-31.23160852,152.7979609,Unknown,1288_2_2242_394619_m_414
Grey-headed Flying-fox,Mammals,Vulnerable,New South Wales,-31.23160852,152.7979609,Unknown,1288_2_2242_394620_m_414
Grey-headed Flying-fox,Mammals,Vulnerable,New South Wales,-31.23160852,152.7979609,Unknown,1288_2_2242_394621_m_414
Grey-headed Flying-fox,Mammals,Vulnerable,New South Wales,-32.52013869,151.1890475,Unknown,1288_2_2242_394622_m_414
Grey-headed Flying-fox,Mammals,Vulnerable,New South Wales,-32.36602361,152.2972976,Unknown,1288_2_2242_394623_m_414
Grey-headed Flying-fox,Mammals,Vulnerable,New South Wales,-32.36602361,152.2972976,Unknown,1288_2_2242_394624_m_414
Grey-headed Flying-fox,Mammals,Vulnerable,New South Wales,-32.36602361,152.2972976,Unknown,1288_2_2242_394625_m_414
Grey-headed Flying-fox,Mammals,Vulnerable,New South Wales,-32.00319608,151.518759,Unknown,1288_2_2242_394626_m_414
Grey-headed Flying-fox,Mammals,Vulnerable,New South Wales,-32.36602361,152.2972976,Unknown,1288_2_2242_394627_m_414
Grey-headed Flying-fox,Mammals,Vulnerable,New South Wales,-32.36602361,152.2972976,Unknown,1288_2_2242_394628_m_414
Grey-headed Flying-fox,Mammals,Vulnerable,New South Wales,-32.52013869,151.1890475,Unknown,1288_2_2242_394629_m_414
Grey-headed Flying-fox,Mammals,Vulnerable,New South Wales,-32.36602361,152.2972976,Unknown,1288_2_2242_394630_m_414
Grey-headed Flying-fox,Mammals,Vulnerable,New South Wales,-32.20644724,148.9784953,Unknown,1288_2_2242_394631_m_414
Grey-headed Flying-fox,Mammals,Vulnerable,New South Wales,-32.36602361,152.2972976,Unknown,1288_2_2242_394632_m_414
Grey-headed Flying-fox,Mammals,Vulnerable,New South Wales,-32.01933246,151.0443251,Unknown,1288_2_2242_394633_m_414
Grey-headed Flying-fox,Mammals,Vulnerable,New South Wales,-32.36602361,152.2972976,Unknown,1288_2_2242_394634_m_414
Grey-headed Flying-fox,Mammals,Vulnerable,New South Wales,-32.36602361,152.2972976,Unknown,1288_2_2242_394635_m_414
Grey-headed Flying-fox,Mammals,Vulnerable,New South Wales,-32.36602361,152.2972976,Unknown,1288_2_2242_394636_m_414
Grey-headed Flying-fox,Mammals,Vulnerable,New South Wales,-32.36602361,152.2972976,Unknown,1288_2_2242_394637_m_414
Grey-headed Flying-fox,Mammals,Vulnerable,New South Wales,-32.437549,151.5123355,Unknown,1288_2_2242_394638_m_414
Grey-headed Flying-fox,Mammals,Vulnerable,New South Wales,-32.437549,151.5123355,Unknown,1288_2_2242_394639_m_414
Grey-headed Flying-fox,Mammals,Vulnerable,New South Wales,-32.437549,151.5123355,Unknown,1288_2_2242_394640_m_414
Grey-headed Flying-fox,Mammals,Vulnerable,New South Wales,-34.1382346,148.3763939,Unknown,1288_2_2242_394641_m_414
Grey-headed Flying-fox,Mammals,Vulnerable,New South Wales,-34.1382346,148.3763939,Unknown,1288_2_2242_394642_m_414
Grey-headed Flying-fox,Mammals,Vulnerable,New South Wales,-32.52013869,151.1890475,Unknown,1288_2_2242_394643_m_414
Grey-headed Flying-fox,Mammals,Vulnerable,New South Wales,-32.52013869,151.1890475,Unknown,1288_2_2242_394644_m_414
Grey-headed Flying-fox,Mammals,Vulnerable,New South Wales,-32.437549,151.5123355,Unknown,1288_2_2242_394645_m_414
Grey-headed Flying-fox,Mammals,Vulnerable,New South Wales,-34.1382346,148.3763939,Unknown,1288_2_2242_394646_m_414
Grey-headed Flying-fox,Mammals,Vulnerable,New South Wales,-32.52013869,151.1890475,Unknown,1288_2_2242_394647_m_414
Grey-headed Flying-fox,Mammals,Vulnerable,New South Wales,-32.36602361,152.2972976,Unknown,1288_2_2242_394648_m_414
Grey-headed Flying-fox,Mammals,Vulnerable,New South Wales,-32.36602361,152.2972976,Unknown,1288_2_2242_394650_m_414
Grey-headed Flying-fox,Mammals,Vulnerable,New South Wales,-32.52013869,151.1890475,Unknown,1288_2_2242_394651_m_414
Grey-headed Flying-fox,Mammals,Vulnerable,New South Wales,-32.52013869,151.1890475,Unknown,1288_2_2242_394652_m_414
Grey-headed Flying-fox,Mammals,Vulnerable,New South Wales,-32.52013869,151.1890475,Unknown,1288_2_2242_394653_m_414
Grey-headed Flying-fox,Mammals,Vulnerable,New South Wales,-32.36602361,152.2972976,Unknown,1288_2_2242_394654_m_414
Grey-headed Flying-fox,Mammals,Vulnerable,New South Wales,-32.52013869,151.1890475,Unknown,1288_2_2242_394655_m_414
Grey-headed Flying-fox,Mammals,Vulnerable,New South Wales,-32.36602361,152.2972976,Unknown,1288_2_2242_394656_m_414
Grey-headed Flying-fox,Mammals,Vulnerable,New South Wales,-32.52013869,151.1890475,Unknown,1288_2_2242_394657_m_414
Grey-headed Flying-fox,Mammals,Vulnerable,New South Wales,-32.52013869,151.1890475,Unknown,1288_2_2242_394658_m_414
Grey-headed Flying-fox,Mammals,Vulnerable,New South Wales,-33.2071383,151.5581067,Unknown,1288_2_2242_394659_m_414
Grey-headed Flying-fox,Mammals,Vulnerable,New South Wales,-33.2071383,151.5581067,Unknown,1288_2_2242_394660_m_414
Grey-headed Flying-fox,Mammals,Vulnerable,New South Wales,-33.2071383,151.5581067,Unknown,1288_2_2242_394661_m_414
Grey-headed Flying-fox,Mammals,Vulnerable,New South Wales,-33.2071383,151.5581067,Unknown,1288_2_2242_394662_m_414
Grey-headed Flying-fox,Mammals,Vulnerable,New South Wales,-33.45687687,149.1310366,Unknown,1288_2_2242_394663_m_414
Grey-headed Flying-fox,Mammals,Vulnerable,New South Wales,-33.45687687,149.1310366,Unknown,1288_2_2242_394664_m_414
Grey-headed Flying-fox,Mammals,Vulnerable,New South Wales,-33.2071383,151.5581067,Unknown,1288_2_2242_394665_m_414
Grey-headed Flying-fox,Mammals,Vulnerable,New South Wales,-33.52441155,149.7665915,Unknown,1288_2_2242_394666_m_414
Grey-headed Flying-fox,Mammals,Vulnerable,New South Wales,-33.2071383,151.5581067,Unknown,1288_2_2242_394667_m_414
Grey-headed Flying-fox,Mammals,Vulnerable,New South Wales,-33.68682216,151.3158186,Unknown,1288_2_2242_394668_m_414
Grey-headed Flying-fox,Mammals,Vulnerable,New South Wales,-33.68682216,151.3158186,Unknown,1288_2_2242_394669_m_414
Grey-headed Flying-fox,Mammals,Vulnerable,New South Wales,-33.88508608,150.8078195,Unknown,1288_2_2242_394670_m_414
Grey-headed Flying-fox,Mammals,Vulnerable,New South Wales,-33.88508608,150.8078195,Unknown,1288_2_2242_394671_m_414
Grey-headed Flying-fox,Mammals,Vulnerable,New South Wales,-33.68682216,151.3158186,Unknown,1288_2_2242_394672_m_414
Grey-headed Flying-fox,Mammals,Vulnerable,New South Wales,-33.68682216,151.3158186,Unknown,1288_2_2242_394673_m_414
Grey-headed Flying-fox,Mammals,Vulnerable,New South Wales,-33.88508608,150.8078195,Unknown,1288_2_2242_394674_m_414
Grey-headed Flying-fox,Mammals,Vulnerable,New South Wales,-33.88508608,150.8078195,Unknown,1288_2_2242_394675_m_414
Grey-headed Flying-fox,Mammals,Vulnerable,New South Wales,-33.88508608,150.8078195,Unknown,1288_2_2242_394676_m_414
Grey-headed Flying-fox,Mammals,Vulnerable,New South Wales,-33.68682216,151.3158186,Unknown,1288_2_2242_394677_m_414
Grey-headed Flying-fox,Mammals,Vulnerable,New South Wales,-33.88508608,150.8078195,Unknown,1288_2_2242_394678_m_414
Grey-headed Flying-fox,Mammals,Vulnerable,New South Wales,-33.88508608,150.8078195,Unknown,1288_2_2242_394679_m_414
Grey-headed Flying-fox,Mammals,Vulnerable,New South Wales,-33.68682216,151.3158186,Unknown,1288_2_2242_394680_m_414
Grey-headed Flying-fox,Mammals,Vulnerable,New South Wales,-33.88508608,150.8078195,Unknown,1288_2_2242_394681_m_414
Grey-headed Flying-fox,Mammals,Vulnerable,New South Wales,-34.1382346,148.3763939,Unknown,1288_2_2242_394682_m_414
Grey-headed Flying-fox,Mammals,Vulnerable,New South Wales,-34.13547858,147.2989446,Unknown,1288_2_2242_394683_m_414
Grey-headed Flying-fox,Mammals,Vulnerable,New South Wales,-33.68682216,151.3158186,Unknown,1288_2_2242_394684_m_414
Grey-headed Flying-fox,Mammals,Vulnerable,New South Wales,-33.88508608,150.8078195,Unknown,1288_2_2242_394685_m_414
Grey-headed Flying-fox,Mammals,Vulnerable,New South Wales,-33.68682216,151.3158186,Unknown,1288_2_2242_394686_m_414
Grey-headed Flying-fox,Mammals,Vulnerable,New South Wales,-34.22470711,151.0051801,Unknown,1288_2_2242_394687_m_414
Grey-headed Flying-fox,Mammals,Vulnerable,New South Wales,-33.88508608,150.8078195,Unknown,1288_2_2242_394688_m_414
Grey-headed Flying-fox,Mammals,Vulnerable,New South Wales,-34.22470711,151.0051801,Unknown,1288_2_2242_394689_m_414
Grey-headed Flying-fox,Mammals,Vulnerable,New South Wales,-33.68682216,151.3158186,Unknown,1288_2_2242_394690_m_414
Grey-headed Flying-fox,Mammals,Vulnerable,New South Wales,-33.88508608,150.8078195,Unknown,1288_2_2242_394691_m_414
Grey-headed Flying-fox,Mammals,Vulnerable,New South Wales,-34.22470711,151.0051801,Unknown,1288_2_2242_394692_m_414
Grey-headed Flying-fox,Mammals,Vulnerable,New South Wales,-33.88508608,150.8078195,Unknown,1288_2_2242_394693_m_414
Grey-headed Flying-fox,Mammals,Vulnerable,New South Wales,-33.88508608,150.8078195,Unknown,1288_2_2242_394694_m_414
Grey-headed Flying-fox,Mammals,Vulnerable,New South Wales,-34.66180604,150.8782982,Unknown,1288_2_2242_394695_m_414
Grey-headed Flying-fox,Mammals,Vulnerable,New South Wales,-34.66180604,150.8782982,Unknown,1288_2_2242_394697_m_414
Grey-headed Flying-fox,Mammals,Vulnerable,New South Wales,-34.66180604,150.8782982,Unknown,1288_2_2242_394700_m_414
Grey-headed Flying-fox,Mammals,Vulnerable,New South Wales,-34.66180604,150.8782982,Unknown,1288_2_2242_394701_m_414
Grey-headed Flying-fox,Mammals,Vulnerable,New South Wales,-34.66180604,150.8782982,Unknown,1288_2_2242_394702_m_414
Grey-headed Flying-fox,Mammals,Vulnerable,New South Wales,-34.66180604,150.8782982,Unknown,1288_2_2242_394703_m_414
Grey-headed Flying-fox,Mammals,Vulnerable,New South Wales,-34.66180604,150.8782982,Unknown,1288_2_2242_394704_m_414
Grey-headed Flying-fox,Mammals,Vulnerable,New South Wales,-34.66180604,150.8782982,Unknown,1288_2_2242_394705_m_414
Grey-headed Flying-fox,Mammals,Vulnerable,New South Wales,-34.98189202,150.298742,Unknown,1288_2_2242_394706_m_414
Grey-headed Flying-fox,Mammals,Vulnerable,New South Wales,-34.8500639,149.0708174,Unknown,1288_2_2242_394707_m_414
Grey-headed Flying-fox,Mammals,Vulnerable,New South Wales,-34.66180604,150.8782982,Unknown,1288_2_2242_394708_m_414
Grey-headed Flying-fox,Mammals,Vulnerable,New South Wales,-34.66180604,150.8782982,Unknown,1288_2_2242_394709_m_414
Grey-headed Flying-fox,Mammals,Vulnerable,New South Wales,-34.66180604,150.8782982,Unknown,1288_2_2242_394710_m_414
Grey-headed Flying-fox,Mammals,Vulnerable,South Australia,-34.88766404,138.7623028,Unknown,1288_2_2242_394712_m_414
Grey-headed Flying-fox,Mammals,Vulnerable,New South Wales,-35.26523623,150.6600222,Unknown,1288_2_2242_394713_m_414
Grey-headed Flying-fox,Mammals,Vulnerable,New South Wales,-34.1382346,148.3763939,Unknown,1288_2_2242_394714_m_414
Grey-headed Flying-fox,Mammals,Vulnerable,New South Wales,-35.26523623,150.6600222,Unknown,1288_2_2242_394715_m_414
Grey-headed Flying-fox,Mammals,Vulnerable,Australian Capital Territory,-35.43401712,149.060159,Unknown,1288_2_2242_394716_m_414
Grey-headed Flying-fox,Mammals,Vulnerable,New South Wales,-34.1382346,148.3763939,Unknown,1288_2_2242_394717_m_414
Grey-headed Flying-fox,Mammals,Vulnerable,New South Wales,-36.53324171,149.7389788,Unknown,1288_2_2242_394718_m_414
Grey-headed Flying-fox,Mammals,Vulnerable,New South Wales,-35.95503628,150.2451083,Unknown,1288_2_2242_394719_m_414
Grey-headed Flying-fox,Mammals,Vulnerable,New South Wales,-35.95503628,150.2451083,Unknown,1288_2_2242_394720_m_414
Grey-headed Flying-fox,Mammals,Vulnerable,New South Wales,-35.95503628,150.2451083,Unknown,1288_2_2242_394721_m_414
Grey-headed Flying-fox,Mammals,Vulnerable,New South Wales,-35.95503628,150.2451083,Unknown,1288_2_2242_394722_m_414
Grey-headed Flying-fox,Mammals,Vulnerable,New South Wales,-35.95503628,150.2451083,Unknown,1288_2_2242_394723_m_414
Grey-headed Flying-fox,Mammals,Vulnerable,New South Wales,-34.1382346,148.3763939,Unknown,1288_2_2242_394724_m_414
Grey-headed Flying-fox,Mammals,Vulnerable,New South Wales,-34.1382346,148.3763939,Unknown,1288_2_2242_394725_m_414
Grey-headed Flying-fox,Mammals,Vulnerable,Victoria,-36.31880487,144.9278026,Unknown,1288_2_2242_394726_m_414
Grey-headed Flying-fox,Mammals,Vulnerable,Victoria,-36.26694844,146.8284097,Unknown,1288_2_2242_394727_m_414
Grey-headed Flying-fox,Mammals,Vulnerable,New South Wales,-35.95503628,150.2451083,Unknown,1288_2_2242_394728_m_414
Grey-headed Flying-fox,Mammals,Vulnerable,Victoria,-36.31880487,144.9278026,Unknown,1288_2_2242_394729_m_414
Grey-headed Flying-fox,Mammals,Vulnerable,New South Wales,-36.53324171,149.7389788,Unknown,1288_2_2242_394730_m_414
Grey-headed Flying-fox,Mammals,Vulnerable,Victoria,-36.85791566,143.9087018,Unknown,1288_2_2242_394731_m_414
Grey-headed Flying-fox,Mammals,Vulnerable,New South Wales,-36.53324171,149.7389788,Unknown,1288_2_2242_394732_m_414
Grey-headed Flying-fox,Mammals,Vulnerable,New South Wales,-36.53324171,149.7389788,Unknown,1288_2_2242_394733_m_414
Grey-headed Flying-fox,Mammals,Vulnerable,Victoria,-37.34715227,148.3701071,Unknown,1288_2_2242_394734_m_414
Grey-headed Flying-fox,Mammals,Vulnerable,Victoria,-37.75060845,148.9293261,Unknown,1288_2_2242_394735_m_414
Grey-headed Flying-fox,Mammals,Vulnerable,South Australia,-37.76127069,140.6613773,Unknown,1288_2_2242_394736_m_414
Grey-headed Flying-fox,Mammals,Vulnerable,Victoria,-37.75060845,148.9293261,Unknown,1288_2_2242_394737_m_414
Grey-headed Flying-fox,Mammals,Vulnerable,Victoria,-37.75060845,148.9293261,Unknown,1288_2_2242_394738_m_414
Grey-headed Flying-fox,Mammals,Vulnerable,Victoria,-38.38643205,146.2603928,Unknown,1288_2_2242_394739_m_414
Grey-headed Flying-fox,Mammals,Vulnerable,Victoria,-38.38643205,146.2603928,Unknown,1288_2_2242_394740_m_414
Grey-headed Flying-fox,Mammals,Vulnerable,Victoria,-38.32100885,144.2402249,Unknown,1288_2_2242_394741_m_414
Grey-headed Flying-fox,Mammals,Vulnerable,Victoria,-38.38643205,146.2603928,Unknown,1288_2_2242_394742_m_414
Grey-headed Flying-fox,Mammals,Vulnerable,Victoria,-38.38643205,146.2603928,Unknown,1288_2_2242_394743_m_414
Grey-headed Flying-fox,Mammals,Vulnerable,Victoria,-37.84704817,143.2517563,Unknown,1288_2_2242_394744_m_414
Grey-headed Flying-fox,Mammals,Vulnerable,Victoria,-38.38643205,146.2603928,Unknown,1288_2_2242_394745_m_414
Grey-headed Flying-fox,Mammals,Vulnerable,Victoria,-37.84704817,143.2517563,Unknown,1288_2_2242_394746_m_414
Grey-headed Flying-fox,Mammals,Vulnerable,Victoria,-38.38643205,146.2603928,Unknown,1288_2_2242_394747_m_414
Grey-headed Flying-fox,Mammals,Vulnerable,Victoria,-38.51214642,142.5392623,Unknown,1288_2_2242_394748_m_414
Grey-headed Flying-fox,Mammals,Vulnerable,Victoria,-38.38643205,146.2603928,Unknown,1288_2_2242_394749_m_414
Grey-headed Flying-fox,Mammals,Vulnerable,Victoria,-38.51214642,142.5392623,Unknown,1288_2_2242_394750_m_414
Grey-headed Flying-fox,Mammals,Vulnerable,Victoria,-38.38643205,146.2603928,Unknown,1288_2_2242_394751_m_414
Blue Whale,Mammals,Endangered,Western Australia,-34.15050767,116.6498318,Unknown,845_128_609_250485_m_42
Tasmanian Devil,Mammals,Endangered,Tasmania,-40.43566564,147.8210816,Unknown,632_542_2679_951546_m_448
Tasmanian Devil,Mammals,Endangered,Tasmania,-40.43566564,147.8210816,Unknown,632_542_2679_951547_m_448
Tasmanian Devil,Mammals,Endangered,Tasmania,-40.43566564,147.8210816,Unknown,632_542_2679_951548_m_448
Tasmanian Devil,Mammals,Endangered,Tasmania,-41.35822819,147.6916083,Unknown,632_542_2679_951549_m_448
Tasmanian Devil,Mammals,Endangered,Tasmania,-41.35822819,147.6916083,Unknown,632_542_2679_951550_m_448
Tasmanian Devil,Mammals,Endangered,Tasmania,-41.35822819,147.6916083,Unknown,632_542_2679_951551_m_448
Tasmanian Devil,Mammals,Endangered,Tasmania,-40.43566564,147.8210816,Unknown,632_542_2679_951552_m_448
Tasmanian Devil,Mammals,Endangered,Tasmania,-40.43566564,147.8210816,Unknown,632_542_2679_951553_m_448
Tasmanian Devil,Mammals,Endangered,Tasmania,-41.28197086,146.1451601,Unknown,632_542_2679_951554_m_448
Tasmanian Devil,Mammals,Endangered,Tasmania,-41.28197086,146.1451601,Unknown,632_542_2679_951555_m_448
Tasmanian Devil,Mammals,Endangered,Tasmania,-41.28197086,146.1451601,Unknown,632_542_2679_951556_m_448
Tasmanian Devil,Mammals,Endangered,Tasmania,-41.75228398,147.2631854,Unknown,632_542_2679_951557_m_448
Tasmanian Devil,Mammals,Endangered,Tasmania,-41.28197086,146.1451601,Unknown,632_542_2679_951558_m_448
Tasmanian Devil,Mammals,Endangered,Tasmania,-41.28197086,146.1451601,Unknown,632_542_2679_951559_m_448
Tasmanian Devil,Mammals,Endangered,Tasmania,-42.65599782,147.7519754,Unknown,632_542_2679_951560_m_448
Tasmanian Devil,Mammals,Endangered,Tasmania,-42.65599782,147.7519754,Unknown,632_542_2679_951561_m_448
Tasmanian Devil,Mammals,Endangered,Tasmania,-42.65599782,147.7519754,Unknown,632_542_2679_951562_m_448
Tasmanian Devil,Mammals,Endangered,Tasmania,-42.65599782,147.7519754,Unknown,632_542_2679_951563_m_448
Tasmanian Devil,Mammals,Endangered,Tasmania,-42.65599782,147.7519754,Unknown,632_542_2679_951564_m_448
Tasmanian Devil,Mammals,Endangered,Tasmania,-42.65599782,147.7519754,Unknown,632_542_2679_951565_m_448
Tasmanian Devil,Mammals,Endangered,Tasmania,-41.88347776,146.308075,Unknown,632_542_2679_951566_m_448
Tasmanian Devil,Mammals,Endangered,Tasmania,-41.28197086,146.1451601,Unknown,632_542_2679_951567_m_448
Tasmanian Devil,Mammals,Endangered,Tasmania,-41.28197086,146.1451601,Unknown,632_542_2679_951568_m_448
Tasmanian Devil,Mammals,Endangered,Tasmania,-41.88347776,146.308075,Unknown,632_542_2679_951569_m_448
Tasmanian Devil,Mammals,Endangered,Tasmania,-41.88347776,146.308075,Unknown,632_542_2679_951570_m_448
Tasmanian Devil,Mammals,Endangered,Tasmania,-41.88347776,146.308075,Unknown,632_542_2679_951571_m_448
Tasmanian Devil,Mammals,Endangered,Tasmania,-41.88347776,146.308075,Unknown,632_542_2679_951572_m_448
Tasmanian Devil,Mammals,Endangered,Tasmania,-41.35822819,147.6916083,Unknown,632_542_2679_951573_m_448
Tasmanian Devil,Mammals,Endangered,Tasmania,-41.75228398,147.2631854,Unknown,632_542_2679_951574_m_448
Tasmanian Devil,Mammals,Endangered,Tasmania,-41.35822819,147.6916083,Unknown,632_542_2679_951575_m_448
Tasmanian Devil,Mammals,Endangered,Tasmania,-41.35822819,147.6916083,Unknown,632_542_2679_951576_m_448
Tasmanian Devil,Mammals,Endangered,Tasmania,-41.35822819,147.6916083,Unknown,632_542_2679_951577_m_448
Tasmanian Devil,Mammals,Endangered,Tasmania,-41.35822819,147.6916083,Unknown,632_542_2679_951578_m_448
Tasmanian Devil,Mammals,Endangered,Tasmania,-41.35822819,147.6916083,Unknown,632_542_2679_951579_m_448
Tasmanian Devil,Mammals,Endangered,Tasmania,-41.28197086,146.1451601,Unknown,632_542_2679_951580_m_448
Tasmanian Devil,Mammals,Endangered,Tasmania,-41.28197086,146.1451601,Unknown,632_542_2679_951581_m_448
Tasmanian Devil,Mammals,Endangered,Tasmania,-41.28197086,146.1451601,Unknown,632_542_2679_951582_m_448
Tasmanian Devil,Mammals,Endangered,Tasmania,-41.28197086,146.1451601,Unknown,632_542_2679_951583_m_448
Tasmanian Devil,Mammals,Endangered,Tasmania,-41.28197086,146.1451601,Unknown,632_542_2679_951584_m_448
Tasmanian Devil,Mammals,Endangered,Tasmania,-41.28197086,146.1451601,Unknown,632_542_2679_951585_m_448
Tasmanian Devil,Mammals,Endangered,Tasmania,-40.43566564,147.8210816,Unknown,632_542_2679_951586_m_448
Tasmanian Devil,Mammals,Endangered,Tasmania,-41.75228398,147.2631854,Unknown,632_542_2679_951587_m_448
Tasmanian Devil,Mammals,Endangered,Tasmania,-41.75228398,147.2631854,Unknown,632_542_2679_951588_m_448
Tasmanian Devil,Mammals,Endangered,Tasmania,-41.75228398,147.2631854,Unknown,632_542_2679_951589_m_448
Tasmanian Devil,Mammals,Endangered,Tasmania,-41.75228398,147.2631854,Unknown,632_542_2679_951590_m_448
Tasmanian Devil,Mammals,Endangered,Tasmania,-41.75228398,147.2631854,Unknown,632_542_2679_951591_m_448
Tasmanian Devil,Mammals,Endangered,Tasmania,-41.75228398,147.2631854,Unknown,632_542_2679_951592_m_448
Tasmanian Devil,Mammals,Endangered,Tasmania,-41.35822819,147.6916083,Unknown,632_542_2679_951593_m_448
Tasmanian Devil,Mammals,Endangered,Tasmania,-41.35822819,147.6916083,Unknown,632_542_2679_951594_m_448
Tasmanian Devil,Mammals,Endangered,Tasmania,-41.35822819,147.6916083,Unknown,632_542_2679_951595_m_448
Tasmanian Devil,Mammals,Endangered,Tasmania,-41.35822819,147.6916083,Unknown,632_542_2679_951596_m_448
Tasmanian Devil,Mammals,Endangered,Tasmania,-41.35822819,147.6916083,Unknown,632_542_2679_951597_m_448
Tasmanian Devil,Mammals,Endangered,Tasmania,-41.35822819,147.6916083,Unknown,632_542_2679_951598_m_448
Tasmanian Devil,Mammals,Endangered,Tasmania,-43.13301306,146.7428967,Unknown,632_542_2679_951599_m_448
Tasmanian Devil,Mammals,Endangered,Tasmania,-43.13301306,146.7428967,Unknown,632_542_2679_951600_m_448
Tasmanian Devil,Mammals,Endangered,Tasmania,-43.13301306,146.7428967,Unknown,632_542_2679_951601_m_448
Tasmanian Devil,Mammals,Endangered,Tasmania,-43.13301306,146.7428967,Unknown,632_542_2679_951602_m_448
Tasmanian Devil,Mammals,Endangered,Tasmania,-43.13301306,146.7428967,Unknown,632_542_2679_951603_m_448
Tasmanian Devil,Mammals,Endangered,Tasmania,-41.35822819,147.6916083,Unknown,632_542_2679_951604_m_448
Tasmanian Devil,Mammals,Endangered,Tasmania,-41.35822819,147.6916083,Unknown,632_542_2679_951605_m_448
Tasmanian Devil,Mammals,Endangered,Tasmania,-41.35822819,147.6916083,Unknown,632_542_2679_951606_m_448
Tasmanian Devil,Mammals,Endangered,Tasmania,-41.35822819,147.6916083,Unknown,632_542_2679_951607_m_448
Tasmanian Devil,Mammals,Endangered,Tasmania,-40.43566564,147.8210816,Unknown,632_542_2679_951608_m_448
Tasmanian Devil,Mammals,Endangered,Tasmania,-40.43566564,147.8210816,Unknown,632_542_2679_951609_m_448
Tasmanian Devil,Mammals,Endangered,Tasmania,-43.13301306,146.7428967,Unknown,632_542_2679_951610_m_448
Tasmanian Devil,Mammals,Endangered,Tasmania,-43.13301306,146.7428967,Unknown,632_542_2679_951611_m_448
Tasmanian Devil,Mammals,Endangered,Tasmania,-43.13301306,146.7428967,Unknown,632_542_2679_951612_m_448
Tasmanian Devil,Mammals,Endangered,Tasmania,-43.13301306,146.7428967,Unknown,632_542_2679_951613_m_448
Tasmanian Devil,Mammals,Endangered,Tasmania,-43.13301306,146.7428967,Unknown,632_542_2679_951614_m_448
Tasmanian Devil,Mammals,Endangered,Tasmania,-43.13301306,146.7428967,Unknown,632_542_2679_951615_m_448
Tasmanian Devil,Mammals,Endangered,Tasmania,-41.28197086,146.1451601,Unknown,632_542_2679_951616_m_448
Tasmanian Devil,Mammals,Endangered,Tasmania,-41.28197086,146.1451601,Unknown,632_542_2679_951617_m_448
Tasmanian Devil,Mammals,Endangered,Tasmania,-41.28197086,146.1451601,Unknown,632_542_2679_951618_m_448
Tasmanian Devil,Mammals,Endangered,Tasmania,-41.28197086,146.1451601,Unknown,632_542_2679_951619_m_448
Tasmanian Devil,Mammals,Endangered,Tasmania,-41.28197086,146.1451601,Unknown,632_542_2679_951620_m_448
Tasmanian Devil,Mammals,Endangered,Tasmania,-41.28197086,146.1451601,Unknown,632_542_2679_951621_m_448
Tasmanian Devil,Mammals,Endangered,Tasmania,-43.13301306,146.7428967,Unknown,632_542_2679_951623_m_448
Tasmanian Devil,Mammals,Endangered,Tasmania,-43.13301306,146.7428967,Unknown,632_542_2679_951624_m_448
Tasmanian Devil,Mammals,Endangered,Tasmania,-43.13301306,146.7428967,Unknown,632_542_2679_951625_m_448
Tasmanian Devil,Mammals,Endangered,Tasmania,-42.65599782,147.7519754,Unknown,632_542_2679_951626_m_448
Tasmanian Devil,Mammals,Endangered,Tasmania,-42.65599782,147.7519754,Unknown,632_542_2679_951627_m_448
Tasmanian Devil,Mammals,Endangered,Tasmania,-42.65599782,147.7519754,Unknown,632_542_2679_951628_m_448
Tasmanian Devil,Mammals,Endangered,Tasmania,-42.65599782,147.7519754,Unknown,632_542_2679_951629_m_448
Tasmanian Devil,Mammals,Endangered,Tasmania,-42.65599782,147.7519754,Unknown,632_542_2679_951630_m_448
Tasmanian Devil,Mammals,Endangered,Tasmania,-42.65599782,147.7519754,Unknown,632_542_2679_951631_m_448
Tasmanian Devil,Mammals,Endangered,Tasmania,-43.13301306,146.7428967,Unknown,632_542_2679_951632_m_448
Tasmanian Devil,Mammals,Endangered,Tasmania,-43.13301306,146.7428967,Unknown,632_542_2679_951633_m_448
Tasmanian Devil,Mammals,Endangered,Tasmania,-43.13301306,146.7428967,Unknown,632_542_2679_951634_m_448
Tasmanian Devil,Mammals,Endangered,Tasmania,-43.13301306,146.7428967,Unknown,632_542_2679_951635_m_448
Tasmanian Devil,Mammals,Endangered,Tasmania,-41.88347776,146.308075,Unknown,632_542_2679_951636_m_448
Tasmanian Devil,Mammals,Endangered,Tasmania,-41.88347776,146.308075,Unknown,632_542_2679_951637_m_448
Tasmanian Devil,Mammals,Endangered,Tasmania,-42.65599782,147.7519754,Unknown,632_542_2679_951638_m_448
Tasmanian Devil,Mammals,Endangered,Tasmania,-42.65599782,147.7519754,Unknown,632_542_2679_951639_m_448
Tasmanian Devil,Mammals,Endangered,Tasmania,-42.65599782,147.7519754,Unknown,632_542_2679_951640_m_448
Tasmanian Devil,Mammals,Endangered,Tasmania,-42.65599782,147.7519754,Unknown,632_542_2679_951641_m_448
Tasmanian Devil,Mammals,Endangered,Tasmania,-42.65599782,147.7519754,Unknown,632_542_2679_951642_m_448
Tasmanian Devil,Mammals,Endangered,Tasmania,-42.65599782,147.7519754,Unknown,632_542_2679_951643_m_448
Tasmanian Devil,Mammals,Endangered,Tasmania,-42.65599782,147.7519754,Unknown,632_542_2679_951644_m_448
Tasmanian Devil,Mammals,Endangered,Tasmania,-42.65599782,147.7519754,Unknown,632_542_2679_951645_m_448
Tasmanian Devil,Mammals,Endangered,Tasmania,-42.65599782,147.7519754,Unknown,632_542_2679_951646_m_448
Tasmanian Devil,Mammals,Endangered,Tasmania,-41.88347776,146.308075,Unknown,632_542_2679_951647_m_448
Tasmanian Devil,Mammals,Endangered,Tasmania,-41.88347776,146.308075,Unknown,632_542_2679_951648_m_448
Tasmanian Devil,Mammals,Endangered,Tasmania,-41.88347776,146.308075,Unknown,632_542_2679_951649_m_448
Tasmanian Devil,Mammals,Endangered,Tasmania,-41.88347776,146.308075,Unknown,632_542_2679_951650_m_448
Tasmanian Devil,Mammals,Endangered,Tasmania,-41.88347776,146.308075,Unknown,632_542_2679_951651_m_448
Tasmanian Devil,Mammals,Endangered,Tasmania,-42.65599782,147.7519754,Unknown,632_542_2679_951652_m_448
Tasmanian Devil,Mammals,Endangered,Tasmania,-42.65599782,147.7519754,Unknown,632_542_2679_951653_m_448
Tasmanian Devil,Mammals,Endangered,Tasmania,-42.65599782,147.7519754,Unknown,632_542_2679_951654_m_448
Tasmanian Devil,Mammals,Endangered,Tasmania,-42.65599782,147.7519754,Unknown,632_542_2679_951655_m_448
Tasmanian Devil,Mammals,Endangered,Tasmania,-42.65599782,147.7519754,Unknown,632_542_2679_951656_m_448
Tasmanian Devil,Mammals,Endangered,Tasmania,-42.65599782,147.7519754,Unknown,632_542_2679_951657_m_448
Tasmanian Devil,Mammals,Endangered,Tasmania,-41.35822819,147.6916083,Unknown,632_542_2679_951658_m_448
Tasmanian Devil,Mammals,Endangered,Tasmania,-40.43566564,147.8210816,Unknown,632_542_2679_951659_m_448
Tasmanian Devil,Mammals,Endangered,Tasmania,-41.35822819,147.6916083,Unknown,632_542_2679_951660_m_448
Tasmanian Devil,Mammals,Endangered,Tasmania,-41.35822819,147.6916083,Unknown,632_542_2679_951661_m_448
Tasmanian Devil,Mammals,Endangered,Tasmania,-41.35822819,147.6916083,Unknown,632_542_2679_951662_m_448
Tasmanian Devil,Mammals,Endangered,Tasmania,-41.35822819,147.6916083,Unknown,632_542_2679_951663_m_448
Tasmanian Devil,Mammals,Endangered,Tasmania,-40.44800762,144.5314487,Unknown,632_542_2679_951664_m_448
Tasmanian Devil,Mammals,Endangered,Tasmania,-40.44800762,144.5314487,Unknown,632_542_2679_951665_m_448
Tasmanian Devil,Mammals,Endangered,Tasmania,-40.44800762,144.5314487,Unknown,632_542_2679_951666_m_448
Tasmanian Devil,Mammals,Endangered,Tasmania,-40.44800762,144.5314487,Unknown,632_542_2679_951667_m_448
Tasmanian Devil,Mammals,Endangered,Tasmania,-40.44800762,144.5314487,Unknown,632_542_2679_951668_m_448
Tasmanian Devil,Mammals,Endangered,Tasmania,-40.44800762,144.5314487,Unknown,632_542_2679_951669_m_448
Tasmanian Devil,Mammals,Endangered,Tasmania,-41.28197086,146.1451601,Unknown,632_542_2679_951670_m_448
Tasmanian Devil,Mammals,Endangered,Tasmania,-40.44800762,144.5314487,Unknown,632_542_2679_951671_m_448
Tasmanian Devil,Mammals,Endangered,Tasmania,-40.44800762,144.5314487,Unknown,632_542_2679_951672_m_448
Tasmanian Devil,Mammals,Endangered,Tasmania,-40.44800762,144.5314487,Unknown,632_542_2679_951673_m_448
Tasmanian Devil,Mammals,Endangered,Tasmania,-40.44800762,144.5314487,Unknown,632_542_2679_951674_m_448
Tasmanian Devil,Mammals,Endangered,Tasmania,-40.44800762,144.5314487,Unknown,632_542_2679_951675_m_448
Tasmanian Devil,Mammals,Endangered,Tasmania,-41.35822819,147.6916083,Unknown,632_542_2679_951676_m_448
Tasmanian Devil,Mammals,Endangered,Tasmania,-41.35822819,147.6916083,Unknown,632_542_2679_951677_m_448
Tasmanian Devil,Mammals,Endangered,Tasmania,-41.35822819,147.6916083,Unknown,632_542_2679_951678_m_448
Tasmanian Devil,Mammals,Endangered,Tasmania,-41.35822819,147.6916083,Unknown,632_542_2679_951679_m_448
Tasmanian Devil,Mammals,Endangered,Tasmania,-41.35822819,147.6916083,Unknown,632_542_2679_951680_m_448
Tasmanian Devil,Mammals,Endangered,Tasmania,-41.35822819,147.6916083,Unknown,632_542_2679_951681_m_448
Tasmanian Devil,Mammals,Endangered,Tasmania,-40.43566564,147.8210816,Unknown,632_542_2679_951682_m_448
Tasmanian Devil,Mammals,Endangered,Tasmania,-43.13301306,146.7428967,Unknown,632_542_2679_951683_m_448
Tasmanian Devil,Mammals,Endangered,Tasmania,-43.13301306,146.7428967,Unknown,632_542_2679_951685_m_448
Tasmanian Devil,Mammals,Endangered,Tasmania,-41.35822819,147.6916083,Unknown,632_542_2679_951686_m_448
Tasmanian Devil,Mammals,Endangered,Tasmania,-41.35822819,147.6916083,Unknown,632_542_2679_951687_m_448
Tasmanian Devil,Mammals,Endangered,Tasmania,-41.35822819,147.6916083,Unknown,632_542_2679_951688_m_448
Tasmanian Devil,Mammals,Endangered,Tasmania,-41.35822819,147.6916083,Unknown,632_542_2679_951689_m_448
Tasmanian Devil,Mammals,Endangered,Tasmania,-41.35822819,147.6916083,Unknown,632_542_2679_951690_m_448
Tasmanian Devil,Mammals,Endangered,Tasmania,-41.35822819,147.6916083,Unknown,632_542_2679_951691_m_448
Tasmanian Devil,Mammals,Endangered,Tasmania,-41.35822819,147.6916083,Unknown,632_542_2679_951692_m_448
Tasmanian Devil,Mammals,Endangered,Tasmania,-41.35822819,147.6916083,Unknown,632_542_2679_951693_m_448
Tasmanian Devil,Mammals,Endangered,Tasmania,-41.35822819,147.6916083,Unknown,632_542_2679_951694_m_448
Tasmanian Devil,Mammals,Endangered,Tasmania,-41.35822819,147.6916083,Unknown,632_542_2679_951695_m_448
Tasmanian Devil,Mammals,Endangered,Tasmania,-41.35822819,147.6916083,Unknown,632_542_2679_951696_m_448
Tasmanian Devil,Mammals,Endangered,Tasmania,-41.35822819,147.6916083,Unknown,632_542_2679_951697_m_448
Tasmanian Devil,Mammals,Endangered,Tasmania,-42.56615211,145.6211809,Unknown,632_542_2679_951698_m_448
Tasmanian Devil,Mammals,Endangered,Tasmania,-42.56615211,145.6211809,Unknown,632_542_2679_951699_m_448
Tasmanian Devil,Mammals,Endangered,Tasmania,-42.56615211,145.6211809,Unknown,632_542_2679_951700_m_448
Tasmanian Devil,Mammals,Endangered,Tasmania,-43.13301306,146.7428967,Unknown,632_542_2679_951701_m_448
Tasmanian Devil,Mammals,Endangered,Tasmania,-43.13301306,146.7428967,Unknown,632_542_2679_951702_m_448
Tasmanian Devil,Mammals,Endangered,Tasmania,-43.13301306,146.7428967,Unknown,632_542_2679_951703_m_448
Tasmanian Devil,Mammals,Endangered,Tasmania,-43.13301306,146.7428967,Unknown,632_542_2679_951704_m_448
Tasmanian Devil,Mammals,Endangered,Tasmania,-42.65599782,147.7519754,Unknown,632_542_2679_951705_m_448
Tasmanian Devil,Mammals,Endangered,Tasmania,-42.65599782,147.7519754,Unknown,632_542_2679_951706_m_448
Tasmanian Devil,Mammals,Endangered,Tasmania,-42.65599782,147.7519754,Unknown,632_542_2679_951707_m_448
Tasmanian Devil,Mammals,Endangered,Tasmania,-42.65599782,147.7519754,Unknown,632_542_2679_951708_m_448
Tasmanian Devil,Mammals,Endangered,Tasmania,-42.65599782,147.7519754,Unknown,632_542_2679_951709_m_448
Tasmanian Devil,Mammals,Endangered,Tasmania,-42.65599782,147.7519754,Unknown,632_542_2679_951710_m_448
Tasmanian Devil,Mammals,Endangered,Tasmania,-41.88347776,146.308075,Unknown,632_542_2679_951711_m_448
Tasmanian Devil,Mammals,Endangered,Tasmania,-41.88347776,146.308075,Unknown,632_542_2679_951712_m_448
Tasmanian Devil,Mammals,Endangered,Tasmania,-41.88347776,146.308075,Unknown,632_542_2679_951713_m_448
Tasmanian Devil,Mammals,Endangered,Tasmania,-41.88347776,146.308075,Unknown,632_542_2679_951714_m_448
Tasmanian Devil,Mammals,Endangered,Tasmania,-41.28197086,146.1451601,Unknown,632_542_2679_951715_m_448
Tasmanian Devil,Mammals,Endangered,Tasmania,-41.28197086,146.1451601,Unknown,632_542_2679_951716_m_448
Tasmanian Devil,Mammals,Endangered,Tasmania,-41.88347776,146.308075,Unknown,632_542_2679_951717_m_448
Tasmanian Devil,Mammals,Endangered,Tasmania,-41.42075532,145.788359,Actively managed,962_267_1864_354655_m_448
Tasmanian Devil,Mammals,Endangered,Tasmania,-42.65599782,147.7519754,Actively managed,962_267_1864_354656_m_448
Tasmanian Devil,Mammals,Endangered,Tasmania,-42.65599782,147.7519754,Actively managed,962_267_1864_354657_m_448
Tasmanian Devil,Mammals,Endangered,Tasmania,-42.65599782,147.7519754,Actively managed,962_267_1864_354658_m_448
Tasmanian Devil,Mammals,Endangered,Tasmania,-43.13301306,146.7428967,No management,1051_122_500_952457_m_448
Tasmanian Devil,Mammals,Endangered,Tasmania,-42.65599782,147.7519754,Actively managed,1051_122_500_952458_m_448
Tasmanian Devil,Mammals,Endangered,Tasmania,-42.65599782,147.7519754,No management,1051_122_500_952459_m_448
Tasmanian Devil,Mammals,Endangered,Tasmania,-42.56615211,145.6211809,No management,1051_122_500_952460_m_448
Tasmanian Devil,Mammals,Endangered,Tasmania,-42.65599782,147.7519754,No management,1051_122_500_952461_m_448
Tasmanian Devil,Mammals,Endangered,Tasmania,-41.28197086,146.1451601,Actively managed,1051_122_500_952462_m_448
Tasmanian Devil,Mammals,Endangered,Tasmania,-40.43566564,147.8210816,Actively managed,1051_122_500_952463_m_448
Tasmanian Devil,Mammals,Endangered,Tasmania,-40.44800762,144.5314487,Actively managed,1051_122_500_952464_m_448
Tasmanian Devil,Mammals,Endangered,Tasmania,-40.43566564,147.8210816,Actively managed,1051_122_500_952465_m_448
Tasmanian Devil,Mammals,Endangered,Tasmania,-43.13301306,146.7428967,Unknown,1462_551_2719_952426_m_448
Tasmanian Devil,Mammals,Endangered,Tasmania,-42.65599782,147.7519754,Unknown,1462_551_2719_952427_m_448
Tasmanian Devil,Mammals,Endangered,Tasmania,-42.65599782,147.7519754,Unknown,1462_551_2719_952428_m_448
Tasmanian Devil,Mammals,Endangered,Tasmania,-42.56615211,145.6211809,Unknown,1462_551_2719_952429_m_448
Tasmanian Devil,Mammals,Endangered,Tasmania,-42.65599782,147.7519754,Unknown,1462_551_2719_952430_m_448
Tasmanian Devil,Mammals,Endangered,Tasmania,-41.28197086,146.1451601,Unknown,1462_551_2719_952431_m_448
Tasmanian Devil,Mammals,Endangered,Tasmania,-41.28197086,146.1451601,Unknown,1462_551_2719_952432_m_448
Tasmanian Devil,Mammals,Endangered,Tasmania,-40.44800762,144.5314487,Unknown,1462_551_2719_952433_m_448
Tasmanian Devil,Mammals,Endangered,Tasmania,-40.43566564,147.8210816,Unknown,1463_551_2719_952441_m_448
Tasmanian Devil,Mammals,Endangered,Tasmania,-40.44800762,144.5314487,Unknown,1463_551_2719_952442_m_448
Tasmanian Devil,Mammals,Endangered,Tasmania,-40.44800762,144.5314487,Unknown,1463_551_2719_952443_m_448
Tasmanian Devil,Mammals,Endangered,Tasmania,-42.65599782,147.7519754,Unknown,1463_551_2719_952445_m_448
Tasmanian Devil,Mammals,Endangered,Tasmania,-41.88347776,146.308075,Unknown,1463_551_2719_952447_m_448
Julia Creek Dunnart,Mammals,Vulnerable,Queensland,-22.06345562,143.4197542,Unknown,939_3_1683_250708_m_461
Julia Creek Dunnart,Mammals,Vulnerable,Queensland,-22.06345562,143.4197542,Unknown,939_3_1683_250709_m_461
Julia Creek Dunnart,Mammals,Vulnerable,Queensland,-22.06345562,143.4197542,Unknown,939_3_1683_250710_m_461
Julia Creek Dunnart,Mammals,Vulnerable,Queensland,-22.06345562,143.4197542,Unknown,939_3_1683_250712_m_461
Kangaroo Island Dunnart,Mammals,Critically Endangered,South Australia,-35.92920857,137.2437819,Unknown,1502_2_392_955916_m_465
Kangaroo Island Dunnart,Mammals,Critically Endangered,South Australia,-35.92920857,137.2437819,Unknown,1502_2_392_955919_m_465
Kangaroo Island Dunnart,Mammals,Critically Endangered,South Australia,-35.92920857,137.2437819,Unknown,1502_2_392_955920_m_465
Kangaroo Island Dunnart,Mammals,Critically Endangered,South Australia,-35.92920857,137.2437819,Unknown,1502_2_392_955921_m_465
Kangaroo Island Dunnart,Mammals,Critically Endangered,South Australia,-35.92920857,137.2437819,Unknown,1502_2_392_955922_m_465
Kangaroo Island Dunnart,Mammals,Critically Endangered,South Australia,-35.92920857,137.2437819,Unknown,1502_2_392_955923_m_465
Kangaroo Island Dunnart,Mammals,Critically Endangered,South Australia,-35.92920857,137.2437819,Unknown,1502_2_392_955926_m_465
Kangaroo Island Dunnart,Mammals,Critically Endangered,South Australia,-35.92920857,137.2437819,Unknown,1502_2_392_955927_m_465
Kangaroo Island Dunnart,Mammals,Critically Endangered,South Australia,-35.92920857,137.2437819,Unknown,1502_2_392_955928_m_465
Kangaroo Island Dunnart,Mammals,Critically Endangered,South Australia,-35.92920857,137.2437819,Unknown,1502_2_392_955933_m_465
Kangaroo Island Dunnart,Mammals,Critically Endangered,South Australia,-35.92920857,137.2437819,Unknown,1502_2_392_955934_m_465
Kangaroo Island Dunnart,Mammals,Critically Endangered,South Australia,-35.92920857,137.2437819,Unknown,1502_2_392_955936_m_465
Kangaroo Island Dunnart,Mammals,Critically Endangered,South Australia,-35.92920857,137.2437819,Unknown,1502_2_392_955937_m_465
Kangaroo Island Dunnart,Mammals,Critically Endangered,South Australia,-35.92920857,137.2437819,Unknown,1502_2_392_955938_m_465
Kangaroo Island Dunnart,Mammals,Critically Endangered,South Australia,-35.92920857,137.2437819,Unknown,1502_2_392_955943_m_465
Kangaroo Island Dunnart,Mammals,Critically Endangered,South Australia,-35.92920857,137.2437819,Unknown,1502_2_392_955944_m_465
Kangaroo Island Dunnart,Mammals,Critically Endangered,South Australia,-35.92920857,137.2437819,Unknown,1502_2_392_955945_m_465
Kangaroo Island Dunnart,Mammals,Critically Endangered,South Australia,-35.92920857,137.2437819,Unknown,1502_2_392_955946_m_465
Kangaroo Island Dunnart,Mammals,Critically Endangered,South Australia,-35.92920857,137.2437819,Unknown,1502_2_392_955948_m_465
Kangaroo Island Dunnart,Mammals,Critically Endangered,South Australia,-35.92920857,137.2437819,Unknown,1502_2_392_955951_m_465
Kangaroo Island Dunnart,Mammals,Critically Endangered,South Australia,-35.92920857,137.2437819,Unknown,1502_2_392_955952_m_465
Kangaroo Island Dunnart,Mammals,Critically Endangered,South Australia,-35.92920857,137.2437819,Unknown,1502_2_392_955956_m_465
Kangaroo Island Dunnart,Mammals,Critically Endangered,South Australia,-35.92920857,137.2437819,Unknown,1502_2_392_955957_m_465
Kangaroo Island Dunnart,Mammals,Critically Endangered,South Australia,-35.92920857,137.2437819,Unknown,1502_2_392_955958_m_465
Kangaroo Island Dunnart,Mammals,Critically Endangered,South Australia,-35.92920857,137.2437819,Unknown,1502_2_392_955962_m_465
Kangaroo Island Dunnart,Mammals,Critically Endangered,South Australia,-35.92920857,137.2437819,Unknown,1502_2_392_955964_m_465
Kangaroo Island Dunnart,Mammals,Critically Endangered,South Australia,-35.92920857,137.2437819,Unknown,1502_2_392_955965_m_465
Kangaroo Island Dunnart,Mammals,Critically Endangered,South Australia,-35.92920857,137.2437819,Unknown,1502_2_392_955966_m_465
Kangaroo Island Dunnart,Mammals,Critically Endangered,South Australia,-35.92920857,137.2437819,Unknown,1502_2_392_955968_m_465
Kangaroo Island Dunnart,Mammals,Critically Endangered,South Australia,-35.92920857,137.2437819,Unknown,1502_2_392_955969_m_465
Kangaroo Island Dunnart,Mammals,Critically Endangered,South Australia,-35.92920857,137.2437819,Unknown,1502_2_392_955970_m_465
Kangaroo Island Dunnart,Mammals,Critically Endangered,South Australia,-35.92920857,137.2437819,Unknown,1502_2_392_955971_m_465
Kangaroo Island Dunnart,Mammals,Critically Endangered,South Australia,-35.92920857,137.2437819,Unknown,1502_2_392_955972_m_465
Kangaroo Island Dunnart,Mammals,Critically Endangered,South Australia,-35.92920857,137.2437819,Unknown,1502_2_392_955975_m_465
Kangaroo Island Dunnart,Mammals,Critically Endangered,South Australia,-35.92920857,137.2437819,Unknown,1502_2_392_955976_m_465
Kangaroo Island Dunnart,Mammals,Critically Endangered,South Australia,-35.92920857,137.2437819,Unknown,1502_2_392_955978_m_465
Kangaroo Island Dunnart,Mammals,Critically Endangered,South Australia,-35.92920857,137.2437819,Unknown,1502_2_392_955979_m_465
Kangaroo Island Dunnart,Mammals,Critically Endangered,South Australia,-35.92920857,137.2437819,Unknown,1502_2_392_955985_m_465
Kangaroo Island Dunnart,Mammals,Critically Endangered,South Australia,-35.92920857,137.2437819,Unknown,1502_2_392_955986_m_465
Kangaroo Island Dunnart,Mammals,Critically Endangered,South Australia,-35.92920857,137.2437819,Unknown,1502_2_392_955987_m_465
Kangaroo Island Dunnart,Mammals,Critically Endangered,South Australia,-35.92920857,137.2437819,Unknown,1502_2_392_955988_m_465
Kangaroo Island Dunnart,Mammals,Critically Endangered,South Australia,-35.92920857,137.2437819,Unknown,1502_2_392_955989_m_465
Kangaroo Island Dunnart,Mammals,Critically Endangered,South Australia,-35.92920857,137.2437819,Unknown,1502_2_392_955990_m_465
Kangaroo Island Dunnart,Mammals,Critically Endangered,South Australia,-35.92920857,137.2437819,Unknown,1502_2_392_955991_m_465
Kangaroo Island Dunnart,Mammals,Critically Endangered,South Australia,-35.92920857,137.2437819,Unknown,1502_2_392_955993_m_465
"Australian Hump-backed Dolphin, Australian Humpback Dolphin",Mammals,Vulnerable,Western Australia,-22.40506269,114.4195664,No management,1276_363_2230_400906_m_487
Tasmanian Bettong,Mammals,Near Threatened,Tasmania,-42.65599782,147.7519754,Actively managed,962_122_500_354652_m_49
Tasmanian Bettong,Mammals,Near Threatened,Tasmania,-42.65599782,147.7519754,Actively managed,962_122_500_354653_m_49
Tasmanian Bettong,Mammals,Near Threatened,Tasmania,-41.42075532,145.788359,Actively managed,962_267_1864_354655_m_49
Tasmanian Bettong,Mammals,Near Threatened,Tasmania,-42.65599782,147.7519754,Actively managed,962_267_1864_354656_m_49
Tasmanian Bettong,Mammals,Near Threatened,Tasmania,-42.65599782,147.7519754,Actively managed,962_267_1864_354657_m_49
Tasmanian Bettong,Mammals,Near Threatened,Tasmania,-42.65599782,147.7519754,Actively managed,962_267_1864_354658_m_49
Kangaroo Island Echidna,Mammals,Endangered,South Australia,-35.92920857,137.2437819,Unknown,1502_2_392_955916_m_502
Kangaroo Island Echidna,Mammals,Endangered,South Australia,-35.92920857,137.2437819,Unknown,1502_2_392_955917_m_502
Kangaroo Island Echidna,Mammals,Endangered,South Australia,-35.92920857,137.2437819,Unknown,1502_2_392_955919_m_502
Kangaroo Island Echidna,Mammals,Endangered,South Australia,-35.92920857,137.2437819,Unknown,1502_2_392_955920_m_502
Kangaroo Island Echidna,Mammals,Endangered,South Australia,-35.92920857,137.2437819,Unknown,1502_2_392_955921_m_502
Kangaroo Island Echidna,Mammals,Endangered,South Australia,-35.92920857,137.2437819,Unknown,1502_2_392_955922_m_502
Kangaroo Island Echidna,Mammals,Endangered,South Australia,-35.92920857,137.2437819,Unknown,1502_2_392_955923_m_502
Kangaroo Island Echidna,Mammals,Endangered,South Australia,-35.92920857,137.2437819,Unknown,1502_2_392_955926_m_502
Kangaroo Island Echidna,Mammals,Endangered,South Australia,-35.92920857,137.2437819,Unknown,1502_2_392_955927_m_502
Kangaroo Island Echidna,Mammals,Endangered,South Australia,-35.92920857,137.2437819,Unknown,1502_2_392_955933_m_502
Kangaroo Island Echidna,Mammals,Endangered,South Australia,-35.92920857,137.2437819,Unknown,1502_2_392_955934_m_502
Kangaroo Island Echidna,Mammals,Endangered,South Australia,-35.92920857,137.2437819,Unknown,1502_2_392_955935_m_502
Kangaroo Island Echidna,Mammals,Endangered,South Australia,-35.92920857,137.2437819,Unknown,1502_2_392_955936_m_502
Kangaroo Island Echidna,Mammals,Endangered,South Australia,-35.92920857,137.2437819,Unknown,1502_2_392_955937_m_502
Kangaroo Island Echidna,Mammals,Endangered,South Australia,-35.92920857,137.2437819,Unknown,1502_2_392_955938_m_502
Kangaroo Island Echidna,Mammals,Endangered,South Australia,-35.92920857,137.2437819,Unknown,1502_2_392_955942_m_502
Kangaroo Island Echidna,Mammals,Endangered,South Australia,-35.92920857,137.2437819,Unknown,1502_2_392_955943_m_502
Kangaroo Island Echidna,Mammals,Endangered,South Australia,-35.92920857,137.2437819,Unknown,1502_2_392_955945_m_502
Kangaroo Island Echidna,Mammals,Endangered,South Australia,-35.92920857,137.2437819,Unknown,1502_2_392_955946_m_502
Kangaroo Island Echidna,Mammals,Endangered,South Australia,-35.92920857,137.2437819,Unknown,1502_2_392_955948_m_502
Kangaroo Island Echidna,Mammals,Endangered,South Australia,-35.92920857,137.2437819,Unknown,1502_2_392_955949_m_502
Kangaroo Island Echidna,Mammals,Endangered,South Australia,-35.92920857,137.2437819,Unknown,1502_2_392_955950_m_502
Kangaroo Island Echidna,Mammals,Endangered,South Australia,-35.92920857,137.2437819,Unknown,1502_2_392_955951_m_502
Kangaroo Island Echidna,Mammals,Endangered,South Australia,-35.92920857,137.2437819,Unknown,1502_2_392_955952_m_502
Kangaroo Island Echidna,Mammals,Endangered,South Australia,-35.92920857,137.2437819,Unknown,1502_2_392_955953_m_502
Kangaroo Island Echidna,Mammals,Endangered,South Australia,-35.92920857,137.2437819,Unknown,1502_2_392_955955_m_502
Kangaroo Island Echidna,Mammals,Endangered,South Australia,-35.92920857,137.2437819,Unknown,1502_2_392_955956_m_502
Kangaroo Island Echidna,Mammals,Endangered,South Australia,-35.92920857,137.2437819,Unknown,1502_2_392_955957_m_502
Kangaroo Island Echidna,Mammals,Endangered,South Australia,-35.92920857,137.2437819,Unknown,1502_2_392_955958_m_502
Kangaroo Island Echidna,Mammals,Endangered,South Australia,-35.92920857,137.2437819,Unknown,1502_2_392_955964_m_502
Kangaroo Island Echidna,Mammals,Endangered,South Australia,-35.92920857,137.2437819,Unknown,1502_2_392_955965_m_502
Kangaroo Island Echidna,Mammals,Endangered,South Australia,-35.92920857,137.2437819,Unknown,1502_2_392_955966_m_502
Kangaroo Island Echidna,Mammals,Endangered,South Australia,-35.92920857,137.2437819,Unknown,1502_2_392_955969_m_502
Kangaroo Island Echidna,Mammals,Endangered,South Australia,-35.92920857,137.2437819,Unknown,1502_2_392_955970_m_502
Kangaroo Island Echidna,Mammals,Endangered,South Australia,-35.92920857,137.2437819,Unknown,1502_2_392_955971_m_502
Kangaroo Island Echidna,Mammals,Endangered,South Australia,-35.92920857,137.2437819,Unknown,1502_2_392_955972_m_502
Kangaroo Island Echidna,Mammals,Endangered,South Australia,-35.92920857,137.2437819,Unknown,1502_2_392_955975_m_502
Kangaroo Island Echidna,Mammals,Endangered,South Australia,-35.92920857,137.2437819,Unknown,1502_2_392_955976_m_502
Kangaroo Island Echidna,Mammals,Endangered,South Australia,-35.92920857,137.2437819,Unknown,1502_2_392_955977_m_502
Kangaroo Island Echidna,Mammals,Endangered,South Australia,-35.92920857,137.2437819,Unknown,1502_2_392_955978_m_502
Kangaroo Island Echidna,Mammals,Endangered,South Australia,-35.92920857,137.2437819,Unknown,1502_2_392_955979_m_502
Kangaroo Island Echidna,Mammals,Endangered,South Australia,-35.92920857,137.2437819,Unknown,1502_2_392_955981_m_502
Kangaroo Island Echidna,Mammals,Endangered,South Australia,-35.92920857,137.2437819,Unknown,1502_2_392_955982_m_502
Kangaroo Island Echidna,Mammals,Endangered,South Australia,-35.92920857,137.2437819,Unknown,1502_2_392_955985_m_502
Kangaroo Island Echidna,Mammals,Endangered,South Australia,-35.92920857,137.2437819,Unknown,1502_2_392_955986_m_502
Kangaroo Island Echidna,Mammals,Endangered,South Australia,-35.92920857,137.2437819,Unknown,1502_2_392_955987_m_502
Kangaroo Island Echidna,Mammals,Endangered,South Australia,-35.92920857,137.2437819,Unknown,1502_2_392_955988_m_502
Kangaroo Island Echidna,Mammals,Endangered,South Australia,-35.92920857,137.2437819,Unknown,1502_2_392_955989_m_502
Kangaroo Island Echidna,Mammals,Endangered,South Australia,-35.92920857,137.2437819,Unknown,1502_2_392_955990_m_502
Kangaroo Island Echidna,Mammals,Endangered,South Australia,-35.92920857,137.2437819,Unknown,1502_2_392_955991_m_502
Kangaroo Island Echidna,Mammals,Endangered,South Australia,-35.92920857,137.2437819,Unknown,1502_2_392_955993_m_502
Burrowing Bettong,Mammals,Near Threatened,Western Australia,-20.66052834,117.0795967,Actively managed,612_97_2261_455514_m_52
Burrowing Bettong,Mammals,Near Threatened,Western Australia,-28.18385451,120.3884462,Actively managed,1460_23_2261_955055_m_52
False Water-rat,Mammals,Vulnerable,Queensland,-27.20516781,153.3374921,Unknown,711_2_392_255740_m_546
False Water-rat,Mammals,Vulnerable,Queensland,-21.09202705,149.3839008,Unknown,818_2_294_371131_m_546
False Water-rat,Mammals,Vulnerable,Queensland,-21.09202705,149.3839008,Unknown,818_2_294_371132_m_546
False Water-rat,Mammals,Vulnerable,Queensland,-21.09202705,149.3839008,Unknown,818_2_294_371133_m_546
False Water-rat,Mammals,Vulnerable,Queensland,-21.09202705,149.3839008,Unknown,818_2_294_371134_m_546
"Burrowing Bettong (Shark Bay), Boodie",Mammals,Vulnerable,South Australia,-34.75516376,139.9321759,Actively managed,578_275_294_397172_m_55
"Burrowing Bettong (Shark Bay), Boodie",Mammals,Vulnerable,Western Australia,-24.98923633,113.1087818,Actively managed,609_97_2261_955757_m_55
"Burrowing Bettong (Shark Bay), Boodie",Mammals,Vulnerable,Western Australia,-24.98923633,113.1087818,Actively managed,609_97_2261_955758_m_55
"Burrowing Bettong (Shark Bay), Boodie",Mammals,Vulnerable,Western Australia,-24.98923633,113.1087818,Actively managed,622_104_441_371208_m_55
"Burrowing Bettong (Shark Bay), Boodie",Mammals,Vulnerable,Western Australia,-25.01534752,114.4114369,Actively managed,972_2_509_397180_m_55
"Burrowing Bettong (Shark Bay), Boodie",Mammals,Vulnerable,Western Australia,-25.01534752,114.4114369,Actively managed,973_89_500_397228_m_55
Arnhem Land Rock-rat,Mammals,Vulnerable,Northern Territory,-12.72421308,131.1774919,Unknown,443_2_294_251534_m_550
Arnhem Land Rock-rat,Mammals,Vulnerable,Northern Territory,-12.96289089,133.073796,Unknown,443_2_294_251550_m_550
Arnhem Land Rock-rat,Mammals,Vulnerable,Northern Territory,-12.72421308,131.1774919,Unknown,443_2_294_251587_m_550
Arnhem Land Rock-rat,Mammals,Vulnerable,Northern Territory,-12.96289089,133.073796,Unknown,443_2_294_251589_m_550
Arnhem Land Rock-rat,Mammals,Vulnerable,Northern Territory,-12.96289089,133.073796,Unknown,443_2_294_251599_m_550
Arnhem Land Rock-rat,Mammals,Vulnerable,Northern Territory,-13.42007809,132.0247895,Unknown,443_2_294_251600_m_550
Arnhem Land Rock-rat,Mammals,Vulnerable,Northern Territory,-12.96289089,133.073796,Unknown,443_2_294_251610_m_550
Arnhem Land Rock-rat,Mammals,Vulnerable,Northern Territory,-12.96289089,133.073796,Unknown,443_2_294_251612_m_550
Arnhem Land Rock-rat,Mammals,Vulnerable,Northern Territory,-12.96289089,133.073796,Unknown,443_2_294_251617_m_550
Arnhem Land Rock-rat,Mammals,Vulnerable,Northern Territory,-13.42007809,132.0247895,Unknown,443_2_294_251628_m_550
Arnhem Land Rock-rat,Mammals,Vulnerable,Northern Territory,-13.42007809,132.0247895,Unknown,443_2_294_251629_m_550
Arnhem Land Rock-rat,Mammals,Vulnerable,Northern Territory,-12.96289089,133.073796,Unknown,443_2_294_251639_m_550
Arnhem Land Rock-rat,Mammals,Vulnerable,Northern Territory,-12.96289089,133.073796,Unknown,443_2_294_251640_m_550
Arnhem Land Rock-rat,Mammals,Vulnerable,Northern Territory,-12.96289089,133.073796,Unknown,443_2_294_251648_m_550
Arnhem Land Rock-rat,Mammals,Vulnerable,Northern Territory,-12.96289089,133.073796,Unknown,443_2_294_251649_m_550
Brush-tailed Bettong,Mammals,Critically Endangered,South Australia,-34.75516376,139.9321759,Actively managed,578_275_294_397172_m_56
Brush-tailed Bettong,Mammals,Critically Endangered,Western Australia,-32.44076711,116.4003908,Actively managed,624_93_443_254208_m_56
Brush-tailed Bettong,Mammals,Critically Endangered,Western Australia,-34.15050767,116.6498318,Actively managed,624_93_443_254210_m_56
Brush-tailed Bettong,Mammals,Critically Endangered,Western Australia,-32.41332852,117.1792762,Actively managed,624_93_443_254212_m_56
Brush-tailed Bettong,Mammals,Critically Endangered,Western Australia,-32.41332852,117.1792762,Actively managed,624_93_443_254213_m_56
Brush-tailed Bettong,Mammals,Critically Endangered,Western Australia,-34.15050767,116.6498318,Actively managed,624_93_443_254215_m_56
Brush-tailed Bettong,Mammals,Critically Endangered,Western Australia,-32.44076711,116.4003908,Actively managed,624_93_443_254216_m_56
Brush-tailed Bettong,Mammals,Critically Endangered,Western Australia,-32.44076711,116.4003908,Actively managed,624_93_443_254217_m_56
Brush-tailed Bettong,Mammals,Critically Endangered,Western Australia,-32.44076711,116.4003908,Actively managed,624_93_443_254219_m_56
Brush-tailed Bettong,Mammals,Critically Endangered,Western Australia,-34.15050767,116.6498318,Actively managed,624_93_443_254223_m_56
Brush-tailed Bettong,Mammals,Critically Endangered,Western Australia,-34.15050767,116.6498318,Actively managed,624_93_443_254228_m_56
Brush-tailed Bettong,Mammals,Critically Endangered,Western Australia,-32.41332852,117.1792762,Actively managed,624_93_443_254229_m_56
Brush-tailed Bettong,Mammals,Critically Endangered,Western Australia,-34.69551507,116.1574097,Actively managed,624_93_443_254231_m_56
Brush-tailed Bettong,Mammals,Critically Endangered,South Australia,-34.75516376,139.9321759,Unknown,811_2_294_253648_m_56
Brush-tailed Bettong,Mammals,Critically Endangered,South Australia,-34.75516376,139.9321759,Unknown,811_2_294_253649_m_56
Brush-tailed Bettong,Mammals,Critically Endangered,South Australia,-34.75516376,139.9321759,Unknown,811_2_294_253650_m_56
Brush-tailed Bettong,Mammals,Critically Endangered,South Australia,-34.75516376,139.9321759,Unknown,811_2_294_253651_m_56
Brush-tailed Bettong,Mammals,Critically Endangered,South Australia,-34.75516376,139.9321759,Unknown,811_2_294_253652_m_56
Brush-tailed Bettong,Mammals,Critically Endangered,South Australia,-34.75516376,139.9321759,Unknown,811_2_294_253653_m_56
Brush-tailed Bettong,Mammals,Critically Endangered,South Australia,-34.75516376,139.9321759,Unknown,811_2_294_253654_m_56
Brush-tailed Bettong,Mammals,Critically Endangered,South Australia,-34.75516376,139.9321759,Unknown,811_2_294_253655_m_56
Brush-tailed Bettong,Mammals,Critically Endangered,South Australia,-34.75516376,139.9321759,Unknown,811_2_294_253656_m_56
Brush-tailed Bettong,Mammals,Critically Endangered,South Australia,-34.75516376,139.9321759,Unknown,811_2_294_253657_m_56
Brush-tailed Bettong,Mammals,Critically Endangered,South Australia,-34.75516376,139.9321759,Unknown,811_2_294_253658_m_56
Brush-tailed Bettong,Mammals,Critically Endangered,South Australia,-34.75516376,139.9321759,Unknown,811_2_294_253659_m_56
Brush-tailed Bettong,Mammals,Critically Endangered,South Australia,-34.75516376,139.9321759,Unknown,811_2_294_253660_m_56
Brush-tailed Bettong,Mammals,Critically Endangered,South Australia,-34.75516376,139.9321759,Unknown,811_2_294_253661_m_56
Brush-tailed Bettong,Mammals,Critically Endangered,South Australia,-34.75516376,139.9321759,Unknown,811_2_294_253662_m_56
Brush-tailed Bettong,Mammals,Critically Endangered,South Australia,-34.75516376,139.9321759,Unknown,811_2_294_253663_m_56
Brush-tailed Bettong,Mammals,Critically Endangered,South Australia,-34.75516376,139.9321759,Unknown,811_2_294_253664_m_56
Brush-tailed Bettong,Mammals,Critically Endangered,South Australia,-34.75516376,139.9321759,Unknown,811_2_294_253665_m_56
Brush-tailed Bettong,Mammals,Critically Endangered,South Australia,-34.75516376,139.9321759,Unknown,811_2_294_253666_m_56
Brush-tailed Bettong,Mammals,Critically Endangered,South Australia,-34.75516376,139.9321759,Unknown,811_2_294_253667_m_56
Brush-tailed Bettong,Mammals,Critically Endangered,South Australia,-34.75516376,139.9321759,Unknown,811_2_294_253668_m_56
Brush-tailed Bettong,Mammals,Critically Endangered,South Australia,-34.75516376,139.9321759,Unknown,811_2_294_253669_m_56
Brush-tailed Bettong,Mammals,Critically Endangered,South Australia,-34.75516376,139.9321759,Unknown,811_2_294_253670_m_56
Brush-tailed Bettong,Mammals,Critically Endangered,South Australia,-34.75516376,139.9321759,Unknown,811_2_294_253671_m_56
Brush-tailed Bettong,Mammals,Critically Endangered,South Australia,-34.75516376,139.9321759,Unknown,811_2_294_253672_m_56
Brush-tailed Bettong,Mammals,Critically Endangered,South Australia,-34.75516376,139.9321759,Unknown,811_2_294_253673_m_56
Brush-tailed Bettong,Mammals,Critically Endangered,South Australia,-34.75516376,139.9321759,Unknown,811_2_294_253693_m_56
Brush-tailed Bettong,Mammals,Critically Endangered,South Australia,-34.75516376,139.9321759,Unknown,811_2_294_253694_m_56
Brush-tailed Bettong,Mammals,Critically Endangered,South Australia,-34.75516376,139.9321759,Unknown,811_2_294_253695_m_56
Brush-tailed Bettong,Mammals,Critically Endangered,South Australia,-34.75516376,139.9321759,Unknown,811_2_294_253696_m_56
Brush-tailed Bettong,Mammals,Critically Endangered,South Australia,-34.75516376,139.9321759,Unknown,811_2_294_253697_m_56
Brush-tailed Bettong,Mammals,Critically Endangered,South Australia,-34.75516376,139.9321759,Unknown,811_2_294_253698_m_56
Brush-tailed Bettong,Mammals,Critically Endangered,South Australia,-34.75516376,139.9321759,Unknown,811_2_294_253699_m_56
Brush-tailed Bettong,Mammals,Critically Endangered,South Australia,-34.75516376,139.9321759,Unknown,811_2_294_253700_m_56
Brush-tailed Bettong,Mammals,Critically Endangered,South Australia,-34.75516376,139.9321759,Unknown,811_2_294_253701_m_56
Brush-tailed Bettong,Mammals,Critically Endangered,South Australia,-34.75516376,139.9321759,Unknown,811_2_294_253702_m_56
Brush-tailed Bettong,Mammals,Critically Endangered,South Australia,-34.75516376,139.9321759,Unknown,811_2_294_253703_m_56
Brush-tailed Bettong,Mammals,Critically Endangered,South Australia,-34.75516376,139.9321759,Unknown,811_2_294_253704_m_56
Brush-tailed Bettong,Mammals,Critically Endangered,South Australia,-34.75516376,139.9321759,Unknown,811_2_294_253705_m_56
Brush-tailed Bettong,Mammals,Critically Endangered,South Australia,-34.75516376,139.9321759,Unknown,811_2_294_253706_m_56
Brush-tailed Bettong,Mammals,Critically Endangered,South Australia,-34.75516376,139.9321759,Unknown,811_2_294_253708_m_56
Brush-tailed Bettong,Mammals,Critically Endangered,South Australia,-34.75516376,139.9321759,Unknown,811_2_294_253709_m_56
Brush-tailed Bettong,Mammals,Critically Endangered,South Australia,-34.75516376,139.9321759,Unknown,811_2_294_253710_m_56
Brush-tailed Bettong,Mammals,Critically Endangered,South Australia,-34.75516376,139.9321759,Unknown,811_2_294_253711_m_56
Brush-tailed Bettong,Mammals,Critically Endangered,South Australia,-34.75516376,139.9321759,Unknown,811_2_294_253712_m_56
Brush-tailed Bettong,Mammals,Critically Endangered,South Australia,-34.75516376,139.9321759,Unknown,811_2_294_253713_m_56
Brush-tailed Bettong,Mammals,Critically Endangered,South Australia,-34.75516376,139.9321759,Unknown,811_2_294_253714_m_56
Brush-tailed Bettong,Mammals,Critically Endangered,South Australia,-34.75516376,139.9321759,Unknown,811_2_294_253715_m_56
Brush-tailed Bettong,Mammals,Critically Endangered,South Australia,-34.75516376,139.9321759,Unknown,811_2_294_253716_m_56
Brush-tailed Bettong,Mammals,Critically Endangered,South Australia,-34.75516376,139.9321759,Unknown,811_2_294_253717_m_56
Brush-tailed Bettong,Mammals,Critically Endangered,South Australia,-34.75516376,139.9321759,Unknown,811_2_294_253718_m_56
Brush-tailed Bettong,Mammals,Critically Endangered,South Australia,-34.75516376,139.9321759,Unknown,811_2_294_253719_m_56
Brush-tailed Bettong,Mammals,Critically Endangered,South Australia,-34.75516376,139.9321759,Unknown,811_2_294_253720_m_56
Brush-tailed Bettong,Mammals,Critically Endangered,South Australia,-34.75516376,139.9321759,Unknown,811_2_294_253721_m_56
Brush-tailed Bettong,Mammals,Critically Endangered,South Australia,-34.75516376,139.9321759,Unknown,811_2_294_253722_m_56
Brush-tailed Bettong,Mammals,Critically Endangered,South Australia,-34.75516376,139.9321759,Unknown,811_2_294_253723_m_56
Brush-tailed Bettong,Mammals,Critically Endangered,South Australia,-34.75516376,139.9321759,Unknown,811_2_294_253724_m_56
Brush-tailed Bettong,Mammals,Critically Endangered,South Australia,-34.75516376,139.9321759,Unknown,811_2_294_253725_m_56
Brush-tailed Bettong,Mammals,Critically Endangered,South Australia,-34.75516376,139.9321759,Unknown,811_2_294_253726_m_56
Brush-tailed Bettong,Mammals,Critically Endangered,South Australia,-34.75516376,139.9321759,Unknown,811_2_294_253727_m_56
Brush-tailed Bettong,Mammals,Critically Endangered,South Australia,-34.75516376,139.9321759,Unknown,811_2_294_253728_m_56
Brush-tailed Bettong,Mammals,Critically Endangered,South Australia,-34.75516376,139.9321759,Unknown,811_2_294_253729_m_56
Brush-tailed Bettong,Mammals,Critically Endangered,South Australia,-34.75516376,139.9321759,Unknown,811_2_294_253730_m_56
Brush-tailed Bettong,Mammals,Critically Endangered,South Australia,-34.75516376,139.9321759,Unknown,811_2_294_253731_m_56
Brush-tailed Bettong,Mammals,Critically Endangered,South Australia,-34.75516376,139.9321759,Unknown,811_2_294_253732_m_56
Brush-tailed Bettong,Mammals,Critically Endangered,South Australia,-34.75516376,139.9321759,Unknown,811_2_294_253733_m_56
Brush-tailed Bettong,Mammals,Critically Endangered,South Australia,-34.75516376,139.9321759,Unknown,811_2_294_253734_m_56
Brush-tailed Bettong,Mammals,Critically Endangered,South Australia,-34.75516376,139.9321759,Unknown,811_2_294_253735_m_56
Brush-tailed Bettong,Mammals,Critically Endangered,South Australia,-34.75516376,139.9321759,Unknown,811_2_294_253736_m_56
Brush-tailed Bettong,Mammals,Critically Endangered,South Australia,-34.75516376,139.9321759,Unknown,811_2_294_253737_m_56
Brush-tailed Bettong,Mammals,Critically Endangered,South Australia,-34.75516376,139.9321759,Unknown,811_2_294_253738_m_56
Brush-tailed Bettong,Mammals,Critically Endangered,South Australia,-34.75516376,139.9321759,Unknown,811_2_294_253739_m_56
Brush-tailed Bettong,Mammals,Critically Endangered,South Australia,-34.75516376,139.9321759,Unknown,811_2_294_253740_m_56
Brush-tailed Bettong,Mammals,Critically Endangered,South Australia,-34.75516376,139.9321759,Unknown,811_2_294_253741_m_56
Brush-tailed Bettong,Mammals,Critically Endangered,South Australia,-34.75516376,139.9321759,Unknown,811_2_294_253745_m_56
Brush-tailed Bettong,Mammals,Critically Endangered,South Australia,-34.75516376,139.9321759,Unknown,811_2_294_253746_m_56
Brush-tailed Bettong,Mammals,Critically Endangered,South Australia,-34.75516376,139.9321759,Unknown,811_2_294_253748_m_56
Brush-tailed Bettong,Mammals,Critically Endangered,South Australia,-34.75516376,139.9321759,Unknown,811_2_294_253749_m_56
Brush-tailed Bettong,Mammals,Critically Endangered,South Australia,-34.75516376,139.9321759,Unknown,811_2_294_253751_m_56
Brush-tailed Bettong,Mammals,Critically Endangered,South Australia,-34.75516376,139.9321759,Unknown,811_2_294_253752_m_56
Brush-tailed Bettong,Mammals,Critically Endangered,South Australia,-34.75516376,139.9321759,Unknown,811_2_294_253753_m_56
Brush-tailed Bettong,Mammals,Critically Endangered,South Australia,-34.75516376,139.9321759,Unknown,811_2_294_253755_m_56
Brush-tailed Bettong,Mammals,Critically Endangered,South Australia,-34.75516376,139.9321759,Unknown,811_2_294_253756_m_56
Brush-tailed Bettong,Mammals,Critically Endangered,South Australia,-34.75516376,139.9321759,Unknown,811_2_294_253758_m_56
Brush-tailed Bettong,Mammals,Critically Endangered,South Australia,-34.75516376,139.9321759,Unknown,811_2_294_253759_m_56
Brush-tailed Bettong,Mammals,Critically Endangered,South Australia,-34.75516376,139.9321759,Unknown,811_2_294_253760_m_56
Brush-tailed Bettong,Mammals,Critically Endangered,South Australia,-34.75516376,139.9321759,Unknown,811_2_294_253761_m_56
Brush-tailed Bettong,Mammals,Critically Endangered,South Australia,-34.75516376,139.9321759,Unknown,811_2_294_253762_m_56
Brush-tailed Bettong,Mammals,Critically Endangered,South Australia,-34.75516376,139.9321759,Unknown,811_2_294_253763_m_56
Brush-tailed Bettong,Mammals,Critically Endangered,South Australia,-34.75516376,139.9321759,Unknown,811_2_294_253764_m_56
Brush-tailed Bettong,Mammals,Critically Endangered,South Australia,-34.75516376,139.9321759,Unknown,811_2_294_253767_m_56
Brush-tailed Bettong,Mammals,Critically Endangered,South Australia,-34.75516376,139.9321759,Unknown,811_2_294_253768_m_56
Brush-tailed Bettong,Mammals,Critically Endangered,South Australia,-34.75516376,139.9321759,Unknown,811_2_294_253769_m_56
Brush-tailed Bettong,Mammals,Critically Endangered,South Australia,-34.75516376,139.9321759,Unknown,811_2_294_253770_m_56
Brush-tailed Bettong,Mammals,Critically Endangered,South Australia,-34.75516376,139.9321759,Unknown,811_2_294_253771_m_56
Brush-tailed Bettong,Mammals,Critically Endangered,South Australia,-34.75516376,139.9321759,Unknown,811_2_294_253773_m_56
Brush-tailed Bettong,Mammals,Critically Endangered,South Australia,-34.75516376,139.9321759,Unknown,811_2_294_253775_m_56
Brush-tailed Bettong,Mammals,Critically Endangered,South Australia,-34.75516376,139.9321759,Unknown,811_2_294_253776_m_56
Brush-tailed Bettong,Mammals,Critically Endangered,South Australia,-34.75516376,139.9321759,Unknown,811_2_294_253777_m_56
Brush-tailed Bettong,Mammals,Critically Endangered,South Australia,-34.75516376,139.9321759,Unknown,811_2_294_253778_m_56
Brush-tailed Bettong,Mammals,Critically Endangered,South Australia,-34.75516376,139.9321759,Unknown,811_2_294_253779_m_56
Brush-tailed Bettong,Mammals,Critically Endangered,South Australia,-34.75516376,139.9321759,Unknown,811_2_294_253780_m_56
Brush-tailed Bettong,Mammals,Critically Endangered,South Australia,-34.2573977,136.2511106,Actively managed,811_2_294_253784_m_56
Brush-tailed Bettong,Mammals,Critically Endangered,South Australia,-34.2573977,136.2511106,Actively managed,811_1_294_253784_m_56
Brush-tailed Bettong,Mammals,Critically Endangered,South Australia,-34.75516376,139.9321759,Unknown,811_2_294_253785_m_56
Brush-tailed Bettong,Mammals,Critically Endangered,South Australia,-34.75516376,139.9321759,Unknown,811_2_294_253786_m_56
Brush-tailed Bettong,Mammals,Critically Endangered,South Australia,-34.75516376,139.9321759,Unknown,811_2_294_253787_m_56
Brush-tailed Bettong,Mammals,Critically Endangered,South Australia,-34.75516376,139.9321759,Unknown,811_2_294_253788_m_56
Brush-tailed Bettong,Mammals,Critically Endangered,South Australia,-34.75516376,139.9321759,Unknown,811_2_294_253789_m_56
Brush-tailed Bettong,Mammals,Critically Endangered,South Australia,-34.75516376,139.9321759,Unknown,811_2_294_253790_m_56
Brush-tailed Bettong,Mammals,Critically Endangered,South Australia,-34.75516376,139.9321759,Unknown,811_2_294_253791_m_56
Brush-tailed Bettong,Mammals,Critically Endangered,South Australia,-34.75516376,139.9321759,Unknown,811_2_294_253792_m_56
Brush-tailed Bettong,Mammals,Critically Endangered,South Australia,-34.75516376,139.9321759,Unknown,811_2_294_253793_m_56
Brush-tailed Bettong,Mammals,Critically Endangered,South Australia,-34.75516376,139.9321759,Unknown,811_2_294_253794_m_56
Brush-tailed Bettong,Mammals,Critically Endangered,South Australia,-34.75516376,139.9321759,Unknown,811_2_294_253795_m_56
Brush-tailed Bettong,Mammals,Critically Endangered,South Australia,-34.75516376,139.9321759,Unknown,811_2_294_253796_m_56
Brush-tailed Bettong,Mammals,Critically Endangered,South Australia,-34.75516376,139.9321759,Unknown,811_2_294_253797_m_56
Brush-tailed Bettong,Mammals,Critically Endangered,South Australia,-34.75516376,139.9321759,Unknown,811_2_294_253798_m_56
Brush-tailed Bettong,Mammals,Critically Endangered,South Australia,-34.75516376,139.9321759,Unknown,811_2_294_253799_m_56
Brush-tailed Bettong,Mammals,Critically Endangered,South Australia,-34.75516376,139.9321759,Unknown,811_2_294_253801_m_56
Brush-tailed Bettong,Mammals,Critically Endangered,South Australia,-34.75516376,139.9321759,Unknown,811_2_294_253813_m_56
Woylie,Mammals,Critically Endangered,Western Australia,-28.79385455,116.9420456,Actively managed,590_23_395_397192_m_57
Woylie,Mammals,Critically Endangered,Western Australia,-32.44076711,116.4003908,Actively managed,591_2_395_397185_m_57
Woylie,Mammals,Critically Endangered,Western Australia,-34.15050767,116.6498318,Actively managed,599_93_443_376552_m_57
Woylie,Mammals,Critically Endangered,Western Australia,-34.15050767,116.6498318,Actively managed,599_93_443_376553_m_57
Woylie,Mammals,Critically Endangered,Western Australia,-34.15050767,116.6498318,Actively managed,599_93_443_376554_m_57
Woylie,Mammals,Critically Endangered,Western Australia,-34.15050767,116.6498318,Actively managed,599_93_443_376555_m_57
Woylie,Mammals,Critically Endangered,Western Australia,-34.15050767,116.6498318,Actively managed,599_93_443_376556_m_57
Woylie,Mammals,Critically Endangered,Western Australia,-34.15050767,116.6498318,Actively managed,599_93_443_376557_m_57
Woylie,Mammals,Critically Endangered,Western Australia,-34.15050767,116.6498318,Actively managed,599_93_443_376558_m_57
Woylie,Mammals,Critically Endangered,Western Australia,-34.15050767,116.6498318,Actively managed,599_93_443_376559_m_57
Woylie,Mammals,Critically Endangered,Western Australia,-34.15050767,116.6498318,Actively managed,599_93_443_376560_m_57
Woylie,Mammals,Critically Endangered,Western Australia,-34.15050767,116.6498318,Actively managed,599_93_443_376561_m_57
Woylie,Mammals,Critically Endangered,Western Australia,-34.15050767,116.6498318,Actively managed,599_93_443_376562_m_57
Woylie,Mammals,Critically Endangered,Western Australia,-34.15050767,116.6498318,Actively managed,599_93_443_376563_m_57
Woylie,Mammals,Critically Endangered,Western Australia,-34.15050767,116.6498318,Actively managed,599_93_443_376564_m_57
,Mammals,Near Threatened,Queensland,-28.68404142,151.8934121,Actively managed,1027_122_500_260776_m_591
Northern Bettong,Mammals,Endangered,Queensland,-16.09418496,145.3601964,Unknown,588_4_392_165834_m_60
Northern Bettong,Mammals,Endangered,Queensland,-16.09418496,145.3601964,Unknown,588_4_392_165835_m_60
Northern Bettong,Mammals,Endangered,Queensland,-16.09418496,145.3601964,Unknown,588_4_392_165836_m_60
Northern Bettong,Mammals,Endangered,Queensland,-16.09418496,145.3601964,Unknown,588_4_392_165839_m_60
Northern Bettong,Mammals,Endangered,Queensland,-16.09418496,145.3601964,Unknown,588_4_392_165840_m_60
Northern Bettong,Mammals,Endangered,Queensland,-16.09418496,145.3601964,Unknown,588_4_392_165841_m_60
Northern Bettong,Mammals,Endangered,Queensland,-16.09418496,145.3601964,Unknown,588_4_392_165842_m_60
Northern Bettong,Mammals,Endangered,Queensland,-16.09418496,145.3601964,Unknown,588_4_392_165844_m_60
Northern Bettong,Mammals,Endangered,Queensland,-16.09418496,145.3601964,Unknown,588_4_392_165845_m_60
Northern Bettong,Mammals,Endangered,Queensland,-16.09418496,145.3601964,Unknown,588_4_392_165856_m_60
Northern Bettong,Mammals,Endangered,Queensland,-16.09418496,145.3601964,Unknown,588_4_392_165857_m_60
Northern Bettong,Mammals,Endangered,Queensland,-16.09418496,145.3601964,Unknown,588_4_392_165858_m_60
Northern Bettong,Mammals,Endangered,Queensland,-16.09418496,145.3601964,Unknown,588_4_392_165859_m_60
Northern Bettong,Mammals,Endangered,Queensland,-16.09418496,145.3601964,Unknown,588_4_392_165860_m_60
Northern Bettong,Mammals,Endangered,Queensland,-16.09418496,145.3601964,Unknown,588_4_392_165861_m_60
Northern Bettong,Mammals,Endangered,Queensland,-16.09418496,145.3601964,Unknown,588_4_392_165862_m_60
Northern Bettong,Mammals,Endangered,Queensland,-16.09418496,145.3601964,Unknown,588_4_392_165863_m_60
Northern Bettong,Mammals,Endangered,Queensland,-16.09418496,145.3601964,Unknown,588_4_392_165864_m_60
Northern Bettong,Mammals,Endangered,Queensland,-16.09418496,145.3601964,Unknown,588_4_392_165865_m_60
Northern Bettong,Mammals,Endangered,Queensland,-16.09418496,145.3601964,Unknown,588_4_392_165866_m_60
Northern Bettong,Mammals,Endangered,Queensland,-16.09418496,145.3601964,Unknown,588_4_392_165867_m_60
Northern Bettong,Mammals,Endangered,Queensland,-16.09418496,145.3601964,Unknown,588_4_392_165887_m_60
Northern Bettong,Mammals,Endangered,Queensland,-16.09418496,145.3601964,Unknown,588_4_392_165893_m_60
Northern Bettong,Mammals,Endangered,Queensland,-16.09418496,145.3601964,Unknown,588_4_392_165894_m_60
Northern Bettong,Mammals,Endangered,Queensland,-16.09418496,145.3601964,Unknown,588_4_392_165895_m_60
Northern Bettong,Mammals,Endangered,Queensland,-16.09418496,145.3601964,Unknown,588_4_392_165896_m_60
Northern Bettong,Mammals,Endangered,Queensland,-16.09418496,145.3601964,Unknown,588_4_392_165898_m_60
Northern Bettong,Mammals,Endangered,Queensland,-16.09418496,145.3601964,Unknown,588_4_392_165902_m_60
Northern Bettong,Mammals,Endangered,Queensland,-16.09418496,145.3601964,Unknown,588_4_392_165914_m_60
Northern Bettong,Mammals,Endangered,Queensland,-16.09418496,145.3601964,Unknown,588_4_392_165922_m_60
Mountain Pygmy-possum,Mammals,Critically Endangered,Victoria,-37.20899415,146.8452524,Actively managed,633_107_452_251795_m_61
Mountain Pygmy-possum,Mammals,Critically Endangered,Victoria,-37.20899415,146.8452524,Actively managed,633_108_452_251795_m_61
Mountain Pygmy-possum,Mammals,Critically Endangered,New South Wales,-36.0760009,148.4682667,Actively managed,944_2_1752_946009_m_61
Mountain Pygmy-possum,Mammals,Critically Endangered,New South Wales,-36.0760009,148.4682667,Actively managed,944_2_1752_946011_m_61
Mountain Pygmy-possum,Mammals,Critically Endangered,New South Wales,-36.0760009,148.4682667,No management,944_2_1752_946013_m_61
Mountain Pygmy-possum,Mammals,Critically Endangered,New South Wales,-36.0760009,148.4682667,No management,944_2_1752_946015_m_61
Mountain Pygmy-possum,Mammals,Critically Endangered,New South Wales,-36.0760009,148.4682667,No management,944_2_1752_946017_m_61
Mountain Pygmy-possum,Mammals,Critically Endangered,New South Wales,-36.0760009,148.4682667,Actively managed,944_2_1753_946010_m_61
Mountain Pygmy-possum,Mammals,Critically Endangered,New South Wales,-36.0760009,148.4682667,Actively managed,944_2_1753_946012_m_61
Mountain Pygmy-possum,Mammals,Critically Endangered,New South Wales,-36.0760009,148.4682667,No management,944_2_1753_946014_m_61
Mountain Pygmy-possum,Mammals,Critically Endangered,New South Wales,-36.0760009,148.4682667,No management,944_2_1753_946016_m_61
Mountain Pygmy-possum,Mammals,Critically Endangered,New South Wales,-36.0760009,148.4682667,No management,944_2_1753_946018_m_61
"Large Pied Bat, Large-eared Pied Bat",Mammals,Endangered,Queensland,-28.1389383,152.7925025,Unknown,830_122_294_254732_m_78
"Large Pied Bat, Large-eared Pied Bat",Mammals,Endangered,New South Wales,-31.48919114,149.1898468,No management,921_2_1653_256658_m_78
"Large Pied Bat, Large-eared Pied Bat",Mammals,Endangered,New South Wales,-31.48919114,149.1898468,No management,921_2_1653_256659_m_78
Little Pied Bat,Mammals,Near Threatened,New South Wales,-30.53697195,149.1361314,Unknown,938_5_1677_256046_m_82
Little Pied Bat,Mammals,Near Threatened,New South Wales,-30.53697195,149.1361314,Unknown,938_5_1677_256047_m_82
Little Pied Bat,Mammals,Near Threatened,New South Wales,-30.53697195,149.1361314,Unknown,938_5_1677_256048_m_82
Little Pied Bat,Mammals,Near Threatened,New South Wales,-30.53697195,149.1361314,Unknown,938_5_1677_256049_m_82
Little Pied Bat,Mammals,Near Threatened,New South Wales,-30.53697195,149.1361314,Unknown,938_5_1677_256050_m_82
Little Pied Bat,Mammals,Near Threatened,New South Wales,-30.53697195,149.1361314,Unknown,938_5_1677_256051_m_82
Little Pied Bat,Mammals,Near Threatened,New South Wales,-30.53697195,149.1361314,Unknown,938_5_1677_256052_m_82
Little Pied Bat,Mammals,Near Threatened,New South Wales,-30.53697195,149.1361314,Unknown,938_5_1677_256053_m_82
Little Pied Bat,Mammals,Near Threatened,New South Wales,-30.53697195,149.1361314,Unknown,938_5_1677_256054_m_82
Little Pied Bat,Mammals,Near Threatened,New South Wales,-30.53697195,149.1361314,Unknown,938_5_1677_256055_m_82
Little Pied Bat,Mammals,Near Threatened,New South Wales,-30.53697195,149.1361314,Unknown,938_5_1677_256056_m_82
Little Pied Bat,Mammals,Near Threatened,New South Wales,-30.53697195,149.1361314,Unknown,938_5_1677_256057_m_82
Little Pied Bat,Mammals,Near Threatened,New South Wales,-30.53697195,149.1361314,Unknown,938_5_1677_256058_m_82
Little Pied Bat,Mammals,Near Threatened,New South Wales,-30.53697195,149.1361314,Unknown,938_5_1677_256059_m_82
Little Pied Bat,Mammals,Near Threatened,New South Wales,-30.53697195,149.1361314,Unknown,938_5_1677_256060_m_82
Little Pied Bat,Mammals,Near Threatened,New South Wales,-30.53697195,149.1361314,Unknown,938_5_1677_256061_m_82
Little Pied Bat,Mammals,Near Threatened,New South Wales,-30.53697195,149.1361314,Unknown,938_5_1677_256062_m_82
Little Pied Bat,Mammals,Near Threatened,New South Wales,-30.53697195,149.1361314,Unknown,938_5_1677_256063_m_82
Little Pied Bat,Mammals,Near Threatened,New South Wales,-30.53697195,149.1361314,Unknown,938_5_1677_256064_m_82
Little Pied Bat,Mammals,Near Threatened,New South Wales,-30.53697195,149.1361314,Unknown,938_5_1677_256065_m_82
Little Pied Bat,Mammals,Near Threatened,New South Wales,-30.53697195,149.1361314,Unknown,938_5_1677_256066_m_82
Little Pied Bat,Mammals,Near Threatened,New South Wales,-30.53697195,149.1361314,Unknown,938_5_1677_256067_m_82
Little Pied Bat,Mammals,Near Threatened,New South Wales,-30.53697195,149.1361314,Unknown,938_5_1677_256068_m_82
Little Pied Bat,Mammals,Near Threatened,New South Wales,-30.53697195,149.1361314,Unknown,938_5_1677_256069_m_82
Little Pied Bat,Mammals,Near Threatened,New South Wales,-30.53697195,149.1361314,Unknown,938_5_1677_256070_m_82
Little Pied Bat,Mammals,Near Threatened,New South Wales,-30.53697195,149.1361314,Unknown,938_5_1677_256071_m_82
Little Pied Bat,Mammals,Near Threatened,New South Wales,-30.53697195,149.1361314,Unknown,938_5_1677_256072_m_82
Little Pied Bat,Mammals,Near Threatened,New South Wales,-30.53697195,149.1361314,Unknown,938_5_1677_256073_m_82
Little Pied Bat,Mammals,Near Threatened,New South Wales,-30.53697195,149.1361314,Unknown,938_5_1677_256074_m_82
Little Pied Bat,Mammals,Near Threatened,New South Wales,-30.53697195,149.1361314,Unknown,938_5_1677_256075_m_82
Little Pied Bat,Mammals,Near Threatened,New South Wales,-30.53697195,149.1361314,Unknown,938_5_1677_256076_m_82
Little Pied Bat,Mammals,Near Threatened,New South Wales,-30.53697195,149.1361314,Unknown,938_5_1677_256077_m_82
Little Pied Bat,Mammals,Near Threatened,New South Wales,-31.48919114,149.1898468,Unknown,938_5_1677_256078_m_82
Little Pied Bat,Mammals,Near Threatened,New South Wales,-31.48919114,149.1898468,Unknown,938_5_1677_256079_m_82
Little Pied Bat,Mammals,Near Threatened,New South Wales,-31.48919114,149.1898468,Unknown,938_5_1677_256080_m_82
Little Pied Bat,Mammals,Near Threatened,New South Wales,-31.48919114,149.1898468,Unknown,938_5_1677_256081_m_82
Little Pied Bat,Mammals,Near Threatened,New South Wales,-31.48919114,149.1898468,Unknown,938_5_1677_256082_m_82
Little Pied Bat,Mammals,Near Threatened,New South Wales,-31.48919114,149.1898468,Unknown,938_5_1677_256083_m_82
Little Pied Bat,Mammals,Near Threatened,New South Wales,-31.48919114,149.1898468,Unknown,938_5_1677_256084_m_82
Little Pied Bat,Mammals,Near Threatened,New South Wales,-31.48919114,149.1898468,Unknown,938_5_1677_256085_m_82
Little Pied Bat,Mammals,Near Threatened,New South Wales,-31.48919114,149.1898468,Unknown,938_5_1677_256086_m_82
Little Pied Bat,Mammals,Near Threatened,New South Wales,-31.48919114,149.1898468,Unknown,938_5_1677_256087_m_82
Little Pied Bat,Mammals,Near Threatened,New South Wales,-31.48919114,149.1898468,Unknown,938_5_1677_256088_m_82
Little Pied Bat,Mammals,Near Threatened,New South Wales,-31.48919114,149.1898468,Unknown,938_5_1677_256089_m_82
Little Pied Bat,Mammals,Near Threatened,New South Wales,-30.53697195,149.1361314,Unknown,938_5_1677_256090_m_82
Little Pied Bat,Mammals,Near Threatened,New South Wales,-30.53697195,149.1361314,Unknown,938_5_1677_256091_m_82
Little Pied Bat,Mammals,Near Threatened,New South Wales,-30.53697195,149.1361314,Unknown,938_5_1677_256092_m_82
Little Pied Bat,Mammals,Near Threatened,New South Wales,-30.53697195,149.1361314,Unknown,938_5_1677_256093_m_82
Little Pied Bat,Mammals,Near Threatened,New South Wales,-31.48919114,149.1898468,Unknown,938_5_1677_256094_m_82
Little Pied Bat,Mammals,Near Threatened,New South Wales,-31.48919114,149.1898468,Unknown,938_5_1677_256095_m_82
Little Pied Bat,Mammals,Near Threatened,New South Wales,-31.48919114,149.1898468,Unknown,938_5_1677_256096_m_82
Little Pied Bat,Mammals,Near Threatened,New South Wales,-31.48919114,149.1898468,Unknown,938_5_1677_256097_m_82
Little Pied Bat,Mammals,Near Threatened,New South Wales,-31.48919114,149.1898468,Unknown,938_5_1677_256098_m_82
Little Pied Bat,Mammals,Near Threatened,New South Wales,-31.48919114,149.1898468,Unknown,938_5_1677_256099_m_82
Little Pied Bat,Mammals,Near Threatened,New South Wales,-31.48919114,149.1898468,Unknown,938_5_1677_256100_m_82
Little Pied Bat,Mammals,Near Threatened,New South Wales,-31.48919114,149.1898468,Unknown,938_5_1677_256101_m_82
Little Pied Bat,Mammals,Near Threatened,New South Wales,-31.48919114,149.1898468,Unknown,938_5_1677_256102_m_82
Little Pied Bat,Mammals,Near Threatened,New South Wales,-31.48919114,149.1898468,Unknown,938_5_1677_256103_m_82
Little Pied Bat,Mammals,Near Threatened,New South Wales,-31.48919114,149.1898468,Unknown,938_5_1677_256104_m_82
Little Pied Bat,Mammals,Near Threatened,New South Wales,-31.48919114,149.1898468,Unknown,938_5_1677_256105_m_82
Little Pied Bat,Mammals,Near Threatened,New South Wales,-31.48919114,149.1898468,Unknown,938_5_1677_256106_m_82
Little Pied Bat,Mammals,Near Threatened,New South Wales,-30.53697195,149.1361314,Unknown,938_5_1677_256107_m_82
Little Pied Bat,Mammals,Near Threatened,New South Wales,-30.53697195,149.1361314,Unknown,938_5_1677_256108_m_82
Little Pied Bat,Mammals,Near Threatened,New South Wales,-30.53697195,149.1361314,Unknown,938_5_1677_256109_m_82
Little Pied Bat,Mammals,Near Threatened,New South Wales,-30.53697195,149.1361314,Unknown,938_5_1677_256110_m_82
Little Pied Bat,Mammals,Near Threatened,New South Wales,-30.53697195,149.1361314,Unknown,938_5_1677_256111_m_82
Little Pied Bat,Mammals,Near Threatened,New South Wales,-30.53697195,149.1361314,Unknown,938_5_1677_256112_m_82
Little Pied Bat,Mammals,Near Threatened,New South Wales,-30.53697195,149.1361314,Unknown,938_5_1677_256113_m_82
Little Pied Bat,Mammals,Near Threatened,New South Wales,-30.53697195,149.1361314,Unknown,938_5_1677_256114_m_82
Little Pied Bat,Mammals,Near Threatened,New South Wales,-30.53697195,149.1361314,Unknown,938_5_1677_256115_m_82
Little Pied Bat,Mammals,Near Threatened,New South Wales,-30.53697195,149.1361314,Unknown,938_5_1677_256116_m_82
Little Pied Bat,Mammals,Near Threatened,New South Wales,-30.53697195,149.1361314,Unknown,938_5_1677_256117_m_82
Little Pied Bat,Mammals,Near Threatened,New South Wales,-30.53697195,149.1361314,Unknown,938_5_1677_256118_m_82
Little Pied Bat,Mammals,Near Threatened,New South Wales,-30.53697195,149.1361314,Unknown,938_5_1677_256119_m_82
Little Pied Bat,Mammals,Near Threatened,New South Wales,-30.53697195,149.1361314,Unknown,938_5_1677_256120_m_82
Little Pied Bat,Mammals,Near Threatened,New South Wales,-30.53697195,149.1361314,Unknown,938_5_1677_256121_m_82
Little Pied Bat,Mammals,Near Threatened,New South Wales,-31.48919114,149.1898468,Unknown,938_5_1677_256122_m_82
Little Pied Bat,Mammals,Near Threatened,New South Wales,-31.48919114,149.1898468,Unknown,938_5_1677_256123_m_82
Little Pied Bat,Mammals,Near Threatened,New South Wales,-31.48919114,149.1898468,Unknown,938_5_1677_256124_m_82
Little Pied Bat,Mammals,Near Threatened,New South Wales,-31.48919114,149.1898468,Unknown,938_5_1677_256125_m_82
Little Pied Bat,Mammals,Near Threatened,New South Wales,-30.53697195,149.1361314,Unknown,938_5_1677_256126_m_82
Little Pied Bat,Mammals,Near Threatened,New South Wales,-30.53697195,149.1361314,Unknown,938_5_1677_256127_m_82
Little Pied Bat,Mammals,Near Threatened,New South Wales,-30.53697195,149.1361314,Unknown,938_5_1677_256128_m_82
Little Pied Bat,Mammals,Near Threatened,New South Wales,-30.53697195,149.1361314,Unknown,938_5_1677_256129_m_82
Little Pied Bat,Mammals,Near Threatened,New South Wales,-30.53697195,149.1361314,Unknown,938_5_1677_256130_m_82
Little Pied Bat,Mammals,Near Threatened,New South Wales,-30.53697195,149.1361314,Unknown,938_5_1677_256131_m_82
Little Pied Bat,Mammals,Near Threatened,New South Wales,-30.53697195,149.1361314,Unknown,938_5_1677_256132_m_82
Little Pied Bat,Mammals,Near Threatened,New South Wales,-30.53697195,149.1361314,Unknown,938_5_1677_256133_m_82
Little Pied Bat,Mammals,Near Threatened,New South Wales,-30.53697195,149.1361314,Unknown,938_5_1677_256134_m_82
Little Pied Bat,Mammals,Near Threatened,New South Wales,-30.53697195,149.1361314,Unknown,938_5_1677_256135_m_82
Little Pied Bat,Mammals,Near Threatened,New South Wales,-30.53697195,149.1361314,Unknown,938_5_1677_256136_m_82
Little Pied Bat,Mammals,Near Threatened,New South Wales,-30.53697195,149.1361314,Unknown,938_5_1677_256137_m_82
Little Pied Bat,Mammals,Near Threatened,New South Wales,-31.48919114,149.1898468,Unknown,938_5_1677_256138_m_82
Little Pied Bat,Mammals,Near Threatened,New South Wales,-31.48919114,149.1898468,Unknown,938_5_1677_256139_m_82
Little Pied Bat,Mammals,Near Threatened,New South Wales,-31.48919114,149.1898468,Unknown,938_5_1677_256140_m_82
Little Pied Bat,Mammals,Near Threatened,New South Wales,-31.48919114,149.1898468,Unknown,938_5_1677_256141_m_82
"Brush-tailed Rabbit-rat, Brush-tailed Tree-rat",Mammals,Vulnerable,Northern Territory,-13.42007809,132.0247895,Unknown,443_2_294_251558_m_85
"Brush-tailed Rabbit-rat, Brush-tailed Tree-rat",Mammals,Vulnerable,Northern Territory,-11.29976094,132.2350736,Unknown,446_2_294_251764_m_85
"Brush-tailed Rabbit-rat, Brush-tailed Tree-rat",Mammals,Vulnerable,Northern Territory,-11.29976094,132.2350736,Unknown,446_2_294_251765_m_85
"Brush-tailed Rabbit-rat, Brush-tailed Tree-rat",Mammals,Vulnerable,Northern Territory,-11.29976094,132.2350736,Unknown,446_2_294_251766_m_85
"Brush-tailed Rabbit-rat, Brush-tailed Tree-rat",Mammals,Vulnerable,Northern Territory,-11.29976094,132.2350736,Unknown,446_2_294_251767_m_85
"Brush-tailed Rabbit-rat, Brush-tailed Tree-rat",Mammals,Vulnerable,Northern Territory,-11.29976094,132.2350736,Unknown,446_2_294_251768_m_85
"Brush-tailed Rabbit-rat, Brush-tailed Tree-rat",Mammals,Vulnerable,Northern Territory,-11.29976094,132.2350736,Unknown,446_2_294_251769_m_85
"Brush-tailed Rabbit-rat, Brush-tailed Tree-rat",Mammals,Vulnerable,Northern Territory,-11.29976094,132.2350736,Unknown,446_2_294_251770_m_85
"Brush-tailed Rabbit-rat, Brush-tailed Tree-rat",Mammals,Vulnerable,Northern Territory,-11.29976094,132.2350736,Unknown,446_2_294_251771_m_85
"Brush-tailed Rabbit-rat, Brush-tailed Tree-rat",Mammals,Vulnerable,Northern Territory,-11.29976094,132.2350736,Unknown,446_2_294_251772_m_85
"Brush-tailed Rabbit-rat, Brush-tailed Tree-rat",Mammals,Vulnerable,Northern Territory,-11.29976094,132.2350736,Unknown,446_2_294_251773_m_85
"Brush-tailed Rabbit-rat, Brush-tailed Tree-rat",Mammals,Vulnerable,Northern Territory,-11.29976094,132.2350736,Unknown,446_2_294_251776_m_85
"Brush-tailed Rabbit-rat, Brush-tailed Tree-rat",Mammals,Vulnerable,Northern Territory,-11.29976094,132.2350736,Unknown,446_2_294_251777_m_85
"Brush-tailed Rabbit-rat, Brush-tailed Tree-rat",Mammals,Vulnerable,Northern Territory,-11.29976094,132.2350736,Unknown,446_2_294_251779_m_85
"Brush-tailed Rabbit-rat, Brush-tailed Tree-rat",Mammals,Vulnerable,Northern Territory,-11.29976094,132.2350736,Unknown,446_2_294_251780_m_85
"Brush-tailed Rabbit-rat, Brush-tailed Tree-rat",Mammals,Vulnerable,Northern Territory,-11.29976094,132.2350736,Unknown,446_2_294_251781_m_85
"Brush-tailed Rabbit-rat, Brush-tailed Tree-rat",Mammals,Vulnerable,Northern Territory,-11.29976094,132.2350736,Unknown,446_2_294_251782_m_85
"Brush-tailed Rabbit-rat, Brush-tailed Tree-rat",Mammals,Vulnerable,Northern Territory,-11.29976094,132.2350736,Unknown,446_2_294_251783_m_85
"Brush-tailed Rabbit-rat, Brush-tailed Tree-rat",Mammals,Vulnerable,Northern Territory,-11.29976094,132.2350736,Unknown,446_2_294_251784_m_85
"Brush-tailed Rabbit-rat, Brush-tailed Tree-rat",Mammals,Vulnerable,Northern Territory,-11.29976094,132.2350736,Unknown,446_2_294_251787_m_85
"Brush-tailed Rabbit-rat, Brush-tailed Tree-rat",Mammals,Vulnerable,Northern Territory,-11.29976094,132.2350736,Unknown,446_2_294_251788_m_85
"Brush-tailed Rabbit-rat, Brush-tailed Tree-rat",Mammals,Vulnerable,Northern Territory,-11.29976094,132.2350736,Unknown,446_2_294_251792_m_85
"Brush-tailed Rabbit-rat, Brush-tailed Tree-rat, Pakooma",Mammals,Vulnerable,Northern Territory,-11.51846991,130.7476904,Actively managed,694_2_500_391522_m_86
"Brush-tailed Rabbit-rat, Brush-tailed Tree-rat, Pakooma",Mammals,Vulnerable,Northern Territory,-11.51846991,130.7476904,Actively managed,694_2_500_391523_m_86
"Brush-tailed Rabbit-rat, Brush-tailed Tree-rat, Pakooma",Mammals,Vulnerable,Northern Territory,-11.51846991,130.7476904,Actively managed,694_2_500_391524_m_86
"Brush-tailed Rabbit-rat, Brush-tailed Tree-rat, Pakooma",Mammals,Vulnerable,Northern Territory,-11.51846991,130.7476904,Actively managed,694_2_500_391526_m_86
"Brush-tailed Rabbit-rat, Brush-tailed Tree-rat, Pakooma",Mammals,Vulnerable,Northern Territory,-11.51846991,130.7476904,Actively managed,694_2_500_391528_m_86
"Brush-tailed Rabbit-rat, Brush-tailed Tree-rat, Pakooma",Mammals,Vulnerable,Northern Territory,-11.51846991,130.7476904,Actively managed,694_2_500_391529_m_86
"Brush-tailed Rabbit-rat, Brush-tailed Tree-rat, Pakooma",Mammals,Vulnerable,Northern Territory,-11.51846991,130.7476904,Actively managed,694_2_500_391530_m_86
"Brush-tailed Rabbit-rat, Brush-tailed Tree-rat, Pakooma",Mammals,Vulnerable,Northern Territory,-11.51846991,130.7476904,Actively managed,694_2_500_391531_m_86
"Brush-tailed Rabbit-rat, Brush-tailed Tree-rat, Pakooma",Mammals,Vulnerable,Northern Territory,-11.51846991,130.7476904,Actively managed,694_2_500_391535_m_86
"Brush-tailed Rabbit-rat, Brush-tailed Tree-rat, Pakooma",Mammals,Vulnerable,Northern Territory,-11.51846991,130.7476904,Actively managed,694_2_500_391556_m_86
"Brush-tailed Rabbit-rat, Brush-tailed Tree-rat, Pakooma",Mammals,Vulnerable,Northern Territory,-11.51846991,130.7476904,Actively managed,694_2_500_391561_m_86
"Brush-tailed Rabbit-rat, Brush-tailed Tree-rat, Pakooma",Mammals,Vulnerable,Northern Territory,-11.51846991,130.7476904,Actively managed,694_2_500_391581_m_86
"Brush-tailed Rabbit-rat, Brush-tailed Tree-rat, Pakooma",Mammals,Vulnerable,Northern Territory,-11.51846991,130.7476904,Actively managed,694_2_500_391582_m_86
"Brush-tailed Rabbit-rat, Brush-tailed Tree-rat, Pakooma",Mammals,Vulnerable,Northern Territory,-11.51846991,130.7476904,Actively managed,694_2_500_391583_m_86
"Brush-tailed Rabbit-rat, Brush-tailed Tree-rat, Pakooma",Mammals,Vulnerable,Northern Territory,-11.51846991,130.7476904,Actively managed,694_2_500_391590_m_86
"Brush-tailed Rabbit-rat, Brush-tailed Tree-rat, Pakooma",Mammals,Vulnerable,Northern Territory,-11.51846991,130.7476904,Actively managed,694_2_500_391591_m_86
"Brush-tailed Rabbit-rat, Brush-tailed Tree-rat, Pakooma",Mammals,Vulnerable,Northern Territory,-11.51846991,130.7476904,Actively managed,694_2_500_391592_m_86
"Brush-tailed Rabbit-rat, Brush-tailed Tree-rat, Pakooma",Mammals,Vulnerable,Northern Territory,-11.51846991,130.7476904,Actively managed,694_2_500_391593_m_86
"Brush-tailed Rabbit-rat, Brush-tailed Tree-rat, Pakooma",Mammals,Vulnerable,Northern Territory,-11.51846991,130.7476904,Actively managed,694_2_500_391594_m_86
"Brush-tailed Rabbit-rat, Brush-tailed Tree-rat, Pakooma",Mammals,Vulnerable,Northern Territory,-11.51846991,130.7476904,Actively managed,694_2_500_391595_m_86
"Brush-tailed Rabbit-rat, Brush-tailed Tree-rat, Pakooma",Mammals,Vulnerable,Western Australia,-15.26774165,125.3795586,Actively managed,655_89_2495_943053_m_87
"Brush-tailed Rabbit-rat, Brush-tailed Tree-rat, Pakooma",Mammals,Vulnerable,Western Australia,-15.26774165,125.3795586,Actively managed,655_89_2495_943054_m_87
"Brush-tailed Rabbit-rat, Brush-tailed Tree-rat, Pakooma",Mammals,Vulnerable,Western Australia,-15.26774165,125.3795586,Actively managed,655_89_2495_943055_m_87
"Brush-tailed Rabbit-rat, Brush-tailed Tree-rat, Pakooma",Mammals,Vulnerable,Western Australia,-15.26774165,125.3795586,Actively managed,655_89_2495_943056_m_87
"Brush-tailed Rabbit-rat, Brush-tailed Tree-rat, Pakooma",Mammals,Vulnerable,Western Australia,-15.26774165,125.3795586,Actively managed,655_89_2495_943057_m_87
"Brush-tailed Rabbit-rat, Brush-tailed Tree-rat, Pakooma",Mammals,Vulnerable,Western Australia,-15.26774165,125.3795586,Actively managed,655_89_2495_943058_m_87
"Brush-tailed Rabbit-rat, Brush-tailed Tree-rat, Pakooma",Mammals,Vulnerable,Western Australia,-15.26774165,125.3795586,Actively managed,655_89_2495_943059_m_87
"Brush-tailed Rabbit-rat, Brush-tailed Tree-rat, Pakooma",Mammals,Vulnerable,Western Australia,-15.26774165,125.3795586,Actively managed,655_89_2495_943060_m_87
"Brush-tailed Rabbit-rat, Brush-tailed Tree-rat, Pakooma",Mammals,Vulnerable,Western Australia,-15.26774165,125.3795586,Actively managed,655_89_2495_943061_m_87
"Brush-tailed Rabbit-rat, Brush-tailed Tree-rat, Pakooma",Mammals,Vulnerable,Western Australia,-15.26774165,125.3795586,Actively managed,655_89_2495_943062_m_87
Fawn Antechinus,Mammals,Vulnerable,Northern Territory,-12.96289089,133.073796,Unknown,443_2_294_251538_m_9
Fawn Antechinus,Mammals,Vulnerable,Northern Territory,-13.42007809,132.0247895,Unknown,443_2_294_251539_m_9
Fawn Antechinus,Mammals,Vulnerable,Northern Territory,-13.42007809,132.0247895,Unknown,443_2_294_251543_m_9
Fawn Antechinus,Mammals,Vulnerable,Northern Territory,-13.42007809,132.0247895,Unknown,443_2_294_251552_m_9
Fawn Antechinus,Mammals,Vulnerable,Northern Territory,-12.96289089,133.073796,Unknown,443_2_294_251557_m_9
Fawn Antechinus,Mammals,Vulnerable,Northern Territory,-13.42007809,132.0247895,Unknown,443_2_294_251558_m_9
Fawn Antechinus,Mammals,Vulnerable,Northern Territory,-12.96289089,133.073796,Unknown,443_2_294_251561_m_9
Fawn Antechinus,Mammals,Vulnerable,Northern Territory,-13.42007809,132.0247895,Unknown,443_2_294_251563_m_9
Fawn Antechinus,Mammals,Vulnerable,Northern Territory,-13.42007809,132.0247895,Unknown,443_2_294_251564_m_9
Fawn Antechinus,Mammals,Vulnerable,Northern Territory,-13.42007809,132.0247895,Unknown,443_2_294_251567_m_9
Fawn Antechinus,Mammals,Vulnerable,Northern Territory,-12.96289089,133.073796,Unknown,443_2_294_251576_m_9
Fawn Antechinus,Mammals,Vulnerable,Northern Territory,-12.72421308,131.1774919,Unknown,443_2_294_251581_m_9
Fawn Antechinus,Mammals,Vulnerable,Northern Territory,-12.72421308,131.1774919,Unknown,443_2_294_251588_m_9
Fawn Antechinus,Mammals,Vulnerable,Northern Territory,-13.42007809,132.0247895,Unknown,443_2_294_251590_m_9
Fawn Antechinus,Mammals,Vulnerable,Northern Territory,-12.96289089,133.073796,Unknown,443_2_294_251592_m_9
Fawn Antechinus,Mammals,Vulnerable,Northern Territory,-13.42007809,132.0247895,Unknown,443_2_294_251622_m_9
Fawn Antechinus,Mammals,Vulnerable,Northern Territory,-12.72421308,131.1774919,Unknown,443_2_294_251658_m_9
Fawn Antechinus,Mammals,Vulnerable,Northern Territory,-13.42007809,132.0247895,Unknown,443_2_294_251667_m_9
Fawn Antechinus,Mammals,Vulnerable,Northern Territory,-12.72421308,131.1774919,Unknown,443_2_294_251672_m_9
Fawn Antechinus,Mammals,Vulnerable,Northern Territory,-12.72421308,131.1774919,Unknown,443_2_294_251686_m_9
Fawn Antechinus,Mammals,Vulnerable,Northern Territory,-12.72421308,131.1774919,Unknown,443_2_294_251688_m_9
Fawn Antechinus,Mammals,Vulnerable,Northern Territory,-12.72421308,131.1774919,Unknown,443_2_294_251689_m_9
Fawn Antechinus,Mammals,Vulnerable,Northern Territory,-12.72421308,131.1774919,Unknown,443_2_294_251691_m_9
Crest-tailed Mulgara,Mammals,Near Threatened,South Australia,-27.62947325,137.7210741,Actively managed,594_89_2261_397170_m_92
Crest-tailed Mulgara,Mammals,Near Threatened,South Australia,-27.62947325,137.7210741,Actively managed,595_91_399_397168_m_92
Kowari,Mammals,Endangered,Queensland,-24.10964484,142.172432,Actively managed,713_122_511_371123_m_94
Kowari,Mammals,Endangered,Queensland,-24.10964484,142.172432,Actively managed,713_122_511_371124_m_94
Kowari,Mammals,Endangered,Queensland,-24.10964484,142.172432,Actively managed,713_122_511_371125_m_94
Kowari,Mammals,Endangered,Queensland,-24.10964484,142.172432,Actively managed,713_122_511_371126_m_94
Kowari,Mammals,Endangered,South Australia,-26.95205403,139.7664607,No management,823_161_1260_252150_m_94
Kowari,Mammals,Endangered,South Australia,-26.95205403,139.7664607,No management,823_161_1260_252151_m_94
Kowari,Mammals,Endangered,Queensland,-23.09589504,140.3993365,Actively managed,1339_390_2348_400965_m_94
"Chuditch, Western Quoll",Mammals,Vulnerable,Western Australia,-34.15050767,116.6498318,Actively managed,599_93_443_376552_m_95
"Chuditch, Western Quoll",Mammals,Vulnerable,Western Australia,-34.15050767,116.6498318,Actively managed,599_93_443_376553_m_95
"Chuditch, Western Quoll",Mammals,Vulnerable,Western Australia,-34.15050767,116.6498318,Actively managed,599_93_443_376554_m_95
"Chuditch, Western Quoll",Mammals,Vulnerable,Western Australia,-34.15050767,116.6498318,Actively managed,599_93_443_376555_m_95
"Chuditch, Western Quoll",Mammals,Vulnerable,Western Australia,-34.15050767,116.6498318,Actively managed,599_93_443_376556_m_95
"Chuditch, Western Quoll",Mammals,Vulnerable,Western Australia,-34.15050767,116.6498318,Actively managed,599_93_443_376557_m_95
"Chuditch, Western Quoll",Mammals,Vulnerable,Western Australia,-34.15050767,116.6498318,Actively managed,599_93_443_376558_m_95
"Chuditch, Western Quoll",Mammals,Vulnerable,Western Australia,-34.15050767,116.6498318,Actively managed,599_93_443_376559_m_95
"Chuditch, Western Quoll",Mammals,Vulnerable,Western Australia,-34.15050767,116.6498318,Actively managed,599_93_443_376560_m_95
"Chuditch, Western Quoll",Mammals,Vulnerable,Western Australia,-34.15050767,116.6498318,Actively managed,599_93_443_376561_m_95
"Chuditch, Western Quoll",Mammals,Vulnerable,Western Australia,-34.15050767,116.6498318,Actively managed,599_93_443_376562_m_95
"Chuditch, Western Quoll",Mammals,Vulnerable,Western Australia,-34.15050767,116.6498318,Actively managed,599_93_443_376563_m_95
"Chuditch, Western Quoll",Mammals,Vulnerable,Western Australia,-34.15050767,116.6498318,Actively managed,599_93_443_376564_m_95
"Chuditch, Western Quoll",Mammals,Vulnerable,Western Australia,-32.44076711,116.4003908,Actively managed,624_93_443_254208_m_95
"Chuditch, Western Quoll",Mammals,Vulnerable,Western Australia,-32.44076711,116.4003908,Actively managed,624_93_443_254209_m_95
"Chuditch, Western Quoll",Mammals,Vulnerable,Western Australia,-32.41332852,117.1792762,Actively managed,624_93_443_254212_m_95
"Chuditch, Western Quoll",Mammals,Vulnerable,Western Australia,-32.41332852,117.1792762,Actively managed,624_93_443_254213_m_95
"Chuditch, Western Quoll",Mammals,Vulnerable,Western Australia,-34.15050767,116.6498318,Actively managed,624_93_443_254214_m_95
"Chuditch, Western Quoll",Mammals,Vulnerable,Western Australia,-34.15050767,116.6498318,Actively managed,624_93_443_254215_m_95
"Chuditch, Western Quoll",Mammals,Vulnerable,Western Australia,-32.44076711,116.4003908,Actively managed,624_93_443_254216_m_95
"Chuditch, Western Quoll",Mammals,Vulnerable,Western Australia,-32.44076711,116.4003908,Actively managed,624_93_443_254217_m_95
"Chuditch, Western Quoll",Mammals,Vulnerable,Western Australia,-32.44076711,116.4003908,Actively managed,624_93_443_254218_m_95
"Chuditch, Western Quoll",Mammals,Vulnerable,Western Australia,-32.44076711,116.4003908,Actively managed,624_93_443_254219_m_95
"Chuditch, Western Quoll",Mammals,Vulnerable,Western Australia,-34.15050767,116.6498318,Actively managed,624_93_443_254220_m_95
"Chuditch, Western Quoll",Mammals,Vulnerable,Western Australia,-34.23074081,119.1504387,Actively managed,624_93_443_254221_m_95
"Chuditch, Western Quoll",Mammals,Vulnerable,Western Australia,-34.15050767,116.6498318,Actively managed,624_93_443_254223_m_95
"Chuditch, Western Quoll",Mammals,Vulnerable,Western Australia,-34.15050767,116.6498318,Actively managed,624_93_443_254224_m_95
"Chuditch, Western Quoll",Mammals,Vulnerable,Western Australia,-34.15050767,116.6498318,Actively managed,624_93_443_254228_m_95
"Chuditch, Western Quoll",Mammals,Vulnerable,Western Australia,-34.23074081,119.1504387,Actively managed,624_93_443_254230_m_95
"Chuditch, Western Quoll",Mammals,Vulnerable,Western Australia,-32.44076711,116.4003908,Actively managed,978_357_392_397187_m_95
"Digul, Northern Quoll",Mammals,Endangered,Northern Territory,-12.96289089,133.073796,Unknown,443_2_294_251530_m_96
"Digul, Northern Quoll",Mammals,Endangered,Northern Territory,-12.96289089,133.073796,Unknown,443_2_294_251532_m_96
"Digul, Northern Quoll",Mammals,Endangered,Northern Territory,-12.72421308,131.1774919,Unknown,443_2_294_251534_m_96
"Digul, Northern Quoll",Mammals,Endangered,Northern Territory,-12.96289089,133.073796,Unknown,443_2_294_251536_m_96
"Digul, Northern Quoll",Mammals,Endangered,Northern Territory,-12.96289089,133.073796,Unknown,443_2_294_251538_m_96
"Digul, Northern Quoll",Mammals,Endangered,Northern Territory,-12.96289089,133.073796,Unknown,443_2_294_251541_m_96
"Digul, Northern Quoll",Mammals,Endangered,Northern Territory,-12.72421308,131.1774919,Unknown,443_2_294_251542_m_96
"Digul, Northern Quoll",Mammals,Endangered,Northern Territory,-12.96289089,133.073796,Unknown,443_2_294_251550_m_96
"Digul, Northern Quoll",Mammals,Endangered,Northern Territory,-13.42007809,132.0247895,Unknown,443_2_294_251552_m_96
"Digul, Northern Quoll",Mammals,Endangered,Northern Territory,-12.96289089,133.073796,Unknown,443_2_294_251554_m_96
"Digul, Northern Quoll",Mammals,Endangered,Northern Territory,-12.96289089,133.073796,Unknown,443_2_294_251556_m_96
"Digul, Northern Quoll",Mammals,Endangered,Northern Territory,-12.96289089,133.073796,Unknown,443_2_294_251557_m_96
"Digul, Northern Quoll",Mammals,Endangered,Northern Territory,-12.96289089,133.073796,Unknown,443_2_294_251561_m_96
"Digul, Northern Quoll",Mammals,Endangered,Northern Territory,-12.72421308,131.1774919,Unknown,443_2_294_251562_m_96
"Digul, Northern Quoll",Mammals,Endangered,Northern Territory,-13.42007809,132.0247895,Unknown,443_2_294_251563_m_96
"Digul, Northern Quoll",Mammals,Endangered,Northern Territory,-13.42007809,132.0247895,Unknown,443_2_294_251564_m_96
"Digul, Northern Quoll",Mammals,Endangered,Northern Territory,-12.72421308,131.1774919,Unknown,443_2_294_251580_m_96
"Digul, Northern Quoll",Mammals,Endangered,Northern Territory,-12.72421308,131.1774919,Unknown,443_2_294_251582_m_96
"Digul, Northern Quoll",Mammals,Endangered,Northern Territory,-12.72421308,131.1774919,Unknown,443_2_294_251586_m_96
"Digul, Northern Quoll",Mammals,Endangered,Northern Territory,-12.72421308,131.1774919,Unknown,443_2_294_251587_m_96
"Digul, Northern Quoll",Mammals,Endangered,Northern Territory,-12.72421308,131.1774919,Unknown,443_2_294_251588_m_96
"Digul, Northern Quoll",Mammals,Endangered,Northern Territory,-12.96289089,133.073796,Unknown,443_2_294_251589_m_96
"Digul, Northern Quoll",Mammals,Endangered,Northern Territory,-12.96289089,133.073796,Unknown,443_2_294_251595_m_96
"Digul, Northern Quoll",Mammals,Endangered,Northern Territory,-12.96289089,133.073796,Unknown,443_2_294_251596_m_96
"Digul, Northern Quoll",Mammals,Endangered,Northern Territory,-12.96289089,133.073796,Unknown,443_2_294_251610_m_96
"Digul, Northern Quoll",Mammals,Endangered,Northern Territory,-12.96289089,133.073796,Unknown,443_2_294_251615_m_96
"Digul, Northern Quoll",Mammals,Endangered,Northern Territory,-12.72421308,131.1774919,Unknown,443_2_294_251620_m_96
"Digul, Northern Quoll",Mammals,Endangered,Northern Territory,-12.96289089,133.073796,Unknown,443_2_294_251626_m_96
"Digul, Northern Quoll",Mammals,Endangered,Northern Territory,-13.42007809,132.0247895,Unknown,443_2_294_251628_m_96
"Digul, Northern Quoll",Mammals,Endangered,Northern Territory,-13.42007809,132.0247895,Unknown,443_2_294_251629_m_96
"Digul, Northern Quoll",Mammals,Endangered,Northern Territory,-13.42007809,132.0247895,Unknown,443_2_294_251630_m_96
"Digul, Northern Quoll",Mammals,Endangered,Northern Territory,-12.72421308,131.1774919,Unknown,443_2_294_251657_m_96
"Digul, Northern Quoll",Mammals,Endangered,Northern Territory,-12.72421308,131.1774919,Unknown,443_2_294_251660_m_96
"Digul, Northern Quoll",Mammals,Endangered,Northern Territory,-12.72421308,131.1774919,Unknown,443_2_294_251662_m_96
"Digul, Northern Quoll",Mammals,Endangered,Northern Territory,-12.72421308,131.1774919,Unknown,443_2_294_251663_m_96
"Digul, Northern Quoll",Mammals,Endangered,Northern Territory,-13.42007809,132.0247895,Unknown,443_2_294_251664_m_96
"Digul, Northern Quoll",Mammals,Endangered,Northern Territory,-13.42007809,132.0247895,Unknown,443_2_294_251666_m_96
"Digul, Northern Quoll",Mammals,Endangered,Northern Territory,-12.72421308,131.1774919,Unknown,443_2_294_251674_m_96
"Digul, Northern Quoll",Mammals,Endangered,Northern Territory,-12.72421308,131.1774919,Unknown,443_2_294_251676_m_96
"Digul, Northern Quoll",Mammals,Endangered,Northern Territory,-14.28789015,131.6463585,Unknown,443_2_294_251679_m_96
"Digul, Northern Quoll",Mammals,Endangered,Northern Territory,-14.28789015,131.6463585,Unknown,443_2_294_251680_m_96
"Digul, Northern Quoll",Mammals,Endangered,Northern Territory,-14.28789015,131.6463585,Unknown,443_2_294_251682_m_96
"Digul, Northern Quoll",Mammals,Endangered,Northern Territory,-12.72421308,131.1774919,Unknown,443_2_294_251688_m_96
"Digul, Northern Quoll",Mammals,Endangered,Northern Territory,-12.72421308,131.1774919,Unknown,443_2_294_251689_m_96
"Digul, Northern Quoll",Mammals,Endangered,Northern Territory,-12.72421308,131.1774919,Unknown,443_2_294_251690_m_96
"Digul, Northern Quoll",Mammals,Endangered,Northern Territory,-12.72421308,131.1774919,Unknown,443_2_294_251691_m_96
"Digul, Northern Quoll",Mammals,Endangered,Northern Territory,-13.42007809,132.0247895,Unknown,443_2_294_251694_m_96
"Digul, Northern Quoll",Mammals,Endangered,Northern Territory,-12.72421308,131.1774919,Unknown,443_2_294_251695_m_96
"Digul, Northern Quoll",Mammals,Endangered,Queensland,-16.09418496,145.3601964,Actively managed,581_168_391_387487_m_96
"Digul, Northern Quoll",Mammals,Endangered,Queensland,-16.45259805,144.7336049,Actively managed,581_168_391_387488_m_96
"Digul, Northern Quoll",Mammals,Endangered,Queensland,-16.09418496,145.3601964,Actively managed,582_2_392_371074_m_96
"Digul, Northern Quoll",Mammals,Endangered,Western Australia,-15.26774165,125.3795586,Actively managed,655_89_2495_943053_m_96
"Digul, Northern Quoll",Mammals,Endangered,Western Australia,-15.26774165,125.3795586,Actively managed,655_89_2495_943055_m_96
"Digul, Northern Quoll",Mammals,Endangered,Western Australia,-15.26774165,125.3795586,Actively managed,655_89_2495_943058_m_96
"Digul, Northern Quoll",Mammals,Endangered,Western Australia,-15.26774165,125.3795586,Actively managed,655_89_2495_943059_m_96
"Digul, Northern Quoll",Mammals,Endangered,Western Australia,-15.26774165,125.3795586,Actively managed,655_89_2495_943060_m_96
"Digul, Northern Quoll",Mammals,Endangered,Western Australia,-15.26774165,125.3795586,Actively managed,655_89_2495_943061_m_96
"Digul, Northern Quoll",Mammals,Endangered,Western Australia,-15.26774165,125.3795586,Actively managed,655_89_2495_943062_m_96
"Digul, Northern Quoll",Mammals,Endangered,Western Australia,-15.26774165,125.3795586,Actively managed,655_89_2495_943063_m_96
"Digul, Northern Quoll",Mammals,Endangered,Western Australia,-15.26774165,125.3795586,Actively managed,655_89_2495_943064_m_96
"Digul, Northern Quoll",Mammals,Endangered,Western Australia,-15.26774165,125.3795586,Actively managed,655_89_2495_943065_m_96
"Digul, Northern Quoll",Mammals,Endangered,Western Australia,-15.26774165,125.3795586,Actively managed,655_89_2495_943066_m_96
"Digul, Northern Quoll",Mammals,Endangered,Western Australia,-15.26774165,125.3795586,Actively managed,655_89_2495_943067_m_96
"Digul, Northern Quoll",Mammals,Endangered,Western Australia,-15.26774165,125.3795586,Actively managed,655_89_2495_943068_m_96
"Digul, Northern Quoll",Mammals,Endangered,Western Australia,-15.26774165,125.3795586,Actively managed,655_89_2495_943069_m_96
"Digul, Northern Quoll",Mammals,Endangered,Western Australia,-15.26774165,125.3795586,Actively managed,655_89_2495_943070_m_96
"Digul, Northern Quoll",Mammals,Endangered,Western Australia,-15.26774165,125.3795586,Actively managed,655_89_2495_943071_m_96
"Digul, Northern Quoll",Mammals,Endangered,Western Australia,-15.26774165,125.3795586,Actively managed,655_89_2495_943072_m_96
"Digul, Northern Quoll",Mammals,Endangered,Western Australia,-15.26774165,125.3795586,Actively managed,655_89_2495_943073_m_96
"Digul, Northern Quoll",Mammals,Endangered,Western Australia,-15.26774165,125.3795586,Actively managed,655_89_2495_943075_m_96
"Digul, Northern Quoll",Mammals,Endangered,Western Australia,-15.26774165,125.3795586,Actively managed,655_89_2495_943076_m_96
"Digul, Northern Quoll",Mammals,Endangered,Western Australia,-15.26774165,125.3795586,Actively managed,655_89_2495_943077_m_96
"Digul, Northern Quoll",Mammals,Endangered,Western Australia,-15.26774165,125.3795586,No management,655_89_2495_943078_m_96
"Digul, Northern Quoll",Mammals,Endangered,Western Australia,-15.26774165,125.3795586,No management,655_89_2495_943079_m_96
"Digul, Northern Quoll",Mammals,Endangered,Western Australia,-15.26774165,125.3795586,No management,655_89_2495_943080_m_96
"Digul, Northern Quoll",Mammals,Endangered,Western Australia,-15.26774165,125.3795586,No management,655_89_2495_943081_m_96
"Digul, Northern Quoll",Mammals,Endangered,Western Australia,-16.86243886,126.7464497,No management,655_89_2495_943083_m_96
"Digul, Northern Quoll",Mammals,Endangered,Western Australia,-16.86243886,126.7464497,No management,655_89_2495_943084_m_96
"Digul, Northern Quoll",Mammals,Endangered,Western Australia,-15.26774165,125.3795586,No management,655_89_2495_943085_m_96
"Digul, Northern Quoll",Mammals,Endangered,Western Australia,-15.26774165,125.3795586,No management,655_89_2495_943086_m_96
"Digul, Northern Quoll",Mammals,Endangered,Western Australia,-15.26774165,125.3795586,No management,655_89_2495_943087_m_96
"Digul, Northern Quoll",Mammals,Endangered,Western Australia,-16.86243886,126.7464497,No management,655_89_2495_943088_m_96
"Digul, Northern Quoll",Mammals,Endangered,Western Australia,-16.86243886,126.7464497,No management,655_89_2495_943089_m_96
"Digul, Northern Quoll",Mammals,Endangered,Western Australia,-16.86243886,126.7464497,No management,655_89_2495_943090_m_96
"Digul, Northern Quoll",Mammals,Endangered,Western Australia,-16.86243886,126.7464497,No management,655_89_2495_943091_m_96
"Digul, Northern Quoll",Mammals,Endangered,Western Australia,-16.86243886,126.7464497,No management,655_89_2495_943092_m_96
"Digul, Northern Quoll",Mammals,Endangered,Western Australia,-16.86243886,126.7464497,No management,655_89_2495_943093_m_96
"Digul, Northern Quoll",Mammals,Endangered,Western Australia,-16.86243886,126.7464497,No management,655_89_2495_943094_m_96
"Digul, Northern Quoll",Mammals,Endangered,Western Australia,-16.86243886,126.7464497,No management,655_89_2495_943095_m_96
"Digul, Northern Quoll",Mammals,Endangered,Western Australia,-16.86243886,126.7464497,No management,655_89_2495_943096_m_96
"Digul, Northern Quoll",Mammals,Endangered,Western Australia,-21.49127026,119.3147524,Unknown,702_3_506_250604_m_96
"Digul, Northern Quoll",Mammals,Endangered,Western Australia,-21.49127026,119.3147524,Unknown,702_3_506_250605_m_96
"Digul, Northern Quoll",Mammals,Endangered,Western Australia,-16.86243886,126.7464497,Actively managed,974_89_395_269644_m_96
"Digul, Northern Quoll",Mammals,Endangered,Western Australia,-22.61249048,117.4847952,No management,1040_122_500_269158_m_96
"Digul, Northern Quoll",Mammals,Endangered,Western Australia,-21.49127026,119.3147524,No management,1040_122_500_269160_m_96
"Digul, Northern Quoll",Mammals,Endangered,Western Australia,-22.61249048,117.4847952,Actively managed,1040_122_500_269161_m_96
"Digul, Northern Quoll",Mammals,Endangered,Western Australia,-20.66052834,117.0795967,No management,1040_122_500_269164_m_96
"Digul, Northern Quoll",Mammals,Endangered,Western Australia,-21.49127026,119.3147524,No management,1040_122_500_269165_m_96
"Digul, Northern Quoll",Mammals,Endangered,Western Australia,-21.49127026,119.3147524,Actively managed,1040_122_500_269170_m_96
"Digul, Northern Quoll",Mammals,Endangered,Western Australia,-21.49127026,119.3147524,No management,1040_122_500_269171_m_96
"Digul, Northern Quoll",Mammals,Endangered,Western Australia,-21.49127026,119.3147524,No management,1040_122_500_269172_m_96
"Digul, Northern Quoll",Mammals,Endangered,Northern Territory,-12.96289089,133.073796,Unknown,1044_2_500_269691_m_96
"Bindjulang, Spotted-tailed Quoll",Mammals,Near Threatened,New South Wales,-34.57821037,150.4553103,Unknown,920_2_1704_257166_m_97
"Bindjulang, Spotted-tailed Quoll",Mammals,Near Threatened,New South Wales,-36.53324171,149.7389788,Unknown,920_2_1704_257167_m_97
"Bindjulang, Spotted-tailed Quoll",Mammals,Near Threatened,New South Wales,-33.80681428,149.7264713,Unknown,920_2_1704_257168_m_97
"Spotted-tailed Quoll (North Queensland), Yarri",Mammals,Endangered,Queensland,-16.09418496,145.3601964,No management,1048_277_392_276323_m_98
"Spotted-tailed Quoll (North Queensland), Yarri",Mammals,Endangered,Queensland,-16.09418496,145.3601964,No management,1048_277_392_276324_m_98
"Spotted-tailed Quoll (North Queensland), Yarri",Mammals,Endangered,Queensland,-16.09418496,145.3601964,No management,1048_277_392_276325_m_98
"Spotted-tailed Quoll (North Queensland), Yarri",Mammals,Endangered,Queensland,-16.09418496,145.3601964,No management,1048_277_392_276326_m_98
