name,status,taxa,state_count
Norfolk Island Abutilon,Critically Endangered,Plants,0
-,Vulnerable,Plants,1
"Grass Wattle, Chittering Grass Wattle",Vulnerable,Plants,1
Leafless Rock Wattle,Vulnerable,Plants,1
Blunt Wattle,Endangered,Plants,1
"Spidery Wattle, Balcanoona Wattle",Vulnerable,Plants,1
Watheroo Wattle,Endangered,Plants,1
Large-fruited Tammin Wattle,Endangered,Plants,1
Myall Creek Wattle,Critically Endangered,Plants,1
-,Vulnerable,Plants,1
Orange-flowered Wattle,Endangered,Plants,1
Stirling Range Wattle,Vulnerable,Plants,1
"Midlands Mimosa, Midlands Wattle",Vulnerable,Plants,1
-,Endangered,Plants,1
Blay's Wattle,Critically Endangered,Plants,1
Western Wheatbelt Wattle,Endangered,Plants,1
"Bynoe's Wattle, Tiny Wattle",Vulnerable,Plants,1
"Limestone Blue Wattle, Buchan Blue, Buchan Blue Wattle",Vulnerable,Plants,1
"Needle Wattle, Dead Finish, Purple-wood Wattle",Vulnerable,Plants,2
-,Endangered,Plants,1
Spiral-fruited Wattle,Endangered,Plants,1
Velvety Spiral Pod Wattle,Critically Endangered,Plants,1
Narrabarba Wattle,Critically Endangered,Plants,1
"Three Brothers Wattle, Brother Wattle, Northern Brother Wattle",Endangered,Plants,1
Chalky Wattle,Endangered,Plants,1
Pink Gidgee,Vulnerable,Plants,1
Curly-bark Wattle,Vulnerable,Plants,2
-,Critically Endangered,Plants,1
Sandpaper Wattle,Vulnerable,Plants,1
Echidna Wattle,Vulnerable,Plants,1
-,Vulnerable,Plants,1
Jumping-jack Wattle,Endangered,Plants,2
a shrub,Critically Endangered,Plants,1
-,Vulnerable,Plants,1
Flockton Wattle,Vulnerable,Plants,1
Forest's Wattle,Vulnerable,Plants,1
-,Critically Endangered,Plants,1
Bega Wattle,Vulnerable,Plants,1
Hairy-pod Wattle,Vulnerable,Plants,2
-,Endangered,Plants,1
-,Vulnerable,Plants,1
"Hando's Wattle, Percy Grant Wattle",Vulnerable,Plants,1
Gibson Wattle,Endangered,Plants,1
Yornaning Wattle,Endangered,Plants,1
-,Extinct,Plants,1
-,Endangered,Plants,2
Woolly Wattle,Endangered,Plants,1
Latz's Wattle,Vulnerable,Plants,2
Tara Wattle,Vulnerable,Plants,1
Chinocup Wattle,Endangered,Plants,1
-,Critically Endangered,Plants,1
Chiddarcooping Wattle,Endangered,Plants,1
Girringun wattle,Critically Endangered,Plants,1
McNutt's Wattle,Vulnerable,Plants,1
-,Endangered,Plants,1
Menzel's Wattle,Vulnerable,Plants,1
"Waddy, Waddi, Waddy-wood, Birdsville Wattle",Vulnerable,Plants,3
Wongan Gully Wattle,Endangered,Plants,1
Phantom Wattle,Vulnerable,Plants,2
Birds Nest Wattle,Vulnerable,Plants,2
"Fat-leaved Wattle,  Fat-leaf Wattle",Endangered,Plants,1
-,Endangered,Plants,1
Senna Wattle,Vulnerable,Plants,1
a shrub,Vulnerable,Plants,1
Diels' Wattle,Critically Endangered,Plants,1
"Downy Wattle, Hairy Stemmed Wattle",Vulnerable,Plants,1
Velvet Wattle,Endangered,Plants,2
Purple-flowered Wattle,Critically Endangered,Plants,1
Bolivia Wattle,Vulnerable,Plants,1
Dwarf Rock Wattle,Endangered,Plants,1
Recurved Wattle,Endangered,Plants,1
Kundip Wattle,Endangered,Plants,1
"Neat Wattle, Resin Wattle (SA)",Vulnerable,Plants,1
Rupp's Wattle,Endangered,Plants,2
"Wundowlin Wattle, Ghost Wattle",Endangered,Plants,1
Spiller's Wattle,Endangered,Plants,1
"Splendid Wattle, Dandaragan Wattle",Endangered,Plants,1
Hairy-stemmed Zig-Zag Wattle,Endangered,Plants,1
Sunshine Wattle (Sydney region),Endangered,Plants,1
"Undoolya Wattle, Sickle-leaf Wattle",Vulnerable,Plants,1
a shrub,Critically Endangered,Plants,1
Vassal's Wattle,Endangered,Plants,1
"Tangled Wattle, Tangle Wattle",Endangered,Plants,1
"Whibley Wattle, Whibley's Wattle",Endangered,Plants,1
Wilson's Wattle,Endangered,Plants,1
Woodman's Wattle,Endangered,Plants,1
Slender-billed Thornbill (Gulf St Vincent),Vulnerable,Birds,1
Kangaroo Island Striated Thornbill,Vulnerable,Birds,1
"King Island Brown Thornbill, Brown Thornbill (King Island)",Endangered,Birds,1
"Spiny Everlasting, Spiny Daisy",Critically Endangered,Plants,2
Plains Death Adder,Vulnerable,Reptiles,3
"King Island Scrubtit, Scrubtit (King Island)",Critically Endangered,Birds,1
Christmas Island Goshawk,Endangered,Birds,0
"Chaff Tree, Soft-wood",Critically Endangered,Plants,0
Phillip Island Chaffy Tree,Critically Endangered,Plants,0
-,Extinct,Plants,1
Pale Chandelier Orchid,Vulnerable,Plants,1
Scented Acronychia,Endangered,Plants,2
-,Vulnerable,Plants,1
-,Vulnerable,Plants,1
Desert Flannel-flower,Vulnerable,Plants,1
Brigalow Woodland Snail,Endangered,Invertebrates,1
"Boggomoss Snail, Dawson River Snail, Dawson Valley Snail",Critically Endangered,Invertebrates,1
Dulacca Woodland Snail,Endangered,Invertebrates,1
Fitzgerald Woollybush,Endangered,Plants,1
Oval-leaf Adenanthos,Vulnerable,Plants,1
Toolinna Adenanthos,Endangered,Plants,1
Sprawling Spiky Adenanthos,Endangered,Plants,1
Spiky Adenanthos,Vulnerable,Plants,1
Velvet Woollybush,Endangered,Plants,1
Campbell's Keeled Glass-snail,Critically Endangered,Invertebrates,0
"Short-nosed Sea Snake, Short-nosed Seasnake",Critically Endangered,Reptiles,1
"Leaf-scaled Sea Snake, Leaf-scaled Seasnake",Critically Endangered,Reptiles,1
Dusky Sea Snake,Endangered,Reptiles,1
Isis Tamarind,Endangered,Plants,1
Dwarf Heath Casuarina,Endangered,Plants,1
"Emu Mountain Sheoak, Mt Emu She-oak",Endangered,Plants,1
Woolly Sheoak,Vulnerable,Plants,1
-,Endangered,Plants,1
Nielsen Park She-oak,Endangered,Plants,1
Mount Compass Oak-bush,Endangered,Plants,1
Nabiac Casuarina,Vulnerable,Plants,1
-,Endangered,Plants,2
Twisted Sheoak,Vulnerable,Plants,1
"Red Silky Oak, Queensland Waratah, Tree Waratah",Vulnerable,Plants,1
Torrington Pea,Endangered,Plants,2
Yass Daisy,Vulnerable,Plants,2
Ammonite Pinwheel Snail,Critically Endangered,Invertebrates,1
-,Extinct,Plants,1
"River Swamp Wallaby-grass, Floating Swamp Wallaby-grass",Vulnerable,Plants,4
-,Extinct,Plants,1
"Whitesnout Anemonefish, McCulloch's Anemonefish",Critically Endangered,Fish,1
-,Endangered,Plants,2
"Bulloo Grey Grasswren, Grey Grasswren (Bulloo)",Endangered,Birds,3
Carpentarian Grasswren,Endangered,Birds,2
Short-tailed Grasswren (Flinders Ranges),Vulnerable,Birds,1
"Gawler Ranges Short-tailed Grasswren, Short-tailed Grasswren (Gawler Ranges)",Endangered,Birds,1
Thick-billed Grasswren,Vulnerable,Birds,3
"Grey Range Thick-billed Grasswren, Thick-billed Grasswren (north-west NSW)",Critically Endangered,Birds,1
"Murray Mallee Striated Grasswren, Striated Grasswren (sandplain)",Endangered,Birds,3
"Mukarrthippi Grasswren, Striated Grasswren (sandplain)",Critically Endangered,Birds,1
Western Grasswren (Gawler Ranges),Vulnerable,Birds,1
"White-throated Grasswren, Yirlinkirrkirr",Vulnerable,Birds,1
-,Critically Endangered,Plants,1
Giant Andersonia,Critically Endangered,Plants,1
Slender Andersonia,Endangered,Plants,1
Two Peoples Bay Andersonia,Vulnerable,Plants,1
-,Critically Endangered,Plants,1
-,Critically Endangered,Plants,1
Straggling Androcalva,Critically Endangered,Plants,1
-,Critically Endangered,Plants,1
Headland Commersonia,Critically Endangered,Plants,1
Pearl-like Androcalva,Endangered,Plants,1
-,Vulnerable,Plants,1
Sandy Hollow Commersonia,Endangered,Plants,1
Charmhaven Apple,Vulnerable,Plants,1
Sandstone Rough-barked Apple,Vulnerable,Plants,1
"Little Kangaroo Paw, Two-coloured Kangaroo Paw, Small Two-colour Kangaroo Paw",Endangered,Plants,1
Dwarf Green Kangaroo Paw,Vulnerable,Plants,1
Fassifern Blind Snake,Critically Endangered,Reptiles,1
"Five-clawed Worm-skink, Long-legged Worm-skink",Vulnerable,Reptiles,2
Australian Lesser Noddy,Vulnerable,Birds,1
Silver-headed Antechinus,Endangered,Mammals,1
Black-tailed Antechinus,Endangered,Mammals,2
Fawn Antechinus,Vulnerable,Mammals,1
Swamp Antechinus (mainland),Vulnerable,Mammals,2
Slender Tailflower,Vulnerable,Plants,1
Kangaroo Island Little Wattlebird,Vulnerable,Birds,1
Regent Honeyeater,Critically Endangered,Birds,5
Phillip Island Wheat Grass,Critically Endangered,Plants,1
"Tasmanian Chaostola Skipper, Heath-sand Skipper",Endangered,Invertebrates,1
"Border Ranges Lined Fern, Lamington Ox Tongue Fern",Critically Endangered,Plants,2
-,Vulnerable,Plants,1
Southern Whiteface,Vulnerable,Birds,7
"Fine-leaved Apium, Porongurup Celery",Vulnerable,Plants,1
Tasman Starling,Extinct,Birds,1
-,Endangered,Plants,1
an aquatic herb,Endangered,Plants,1
"Eared Worm-lizard, Mallee Worm-lizard",Endangered,Reptiles,2
"Pink-tailed Worm-lizard, Pink-tailed Legless Lizard",Vulnerable,Reptiles,3
Flinders Ranges Worm-lizard,Vulnerable,Reptiles,1
"Tasmanian Wedge-tailed Eagle, Wedge-tailed Eagle (Tasmanian)",Endangered,Birds,1
"Bacon Wood, Tulip Siris",Vulnerable,Plants,1
"Myola Palm, Myola Archontophoenix",Endangered,Plants,1
Subantarctic Fur-seal,Endangered,Mammals,1
Sooty Shearwater,Vulnerable,Birds,6
Ruddy Turnstone,Vulnerable,Birds,7
Australian Fritillary,Critically Endangered,Invertebrates,2
Shining Cudweed,Vulnerable,Plants,3
-,Vulnerable,Plants,1
-,Endangered,Plants,1
Thompson's wiregrass,Endangered,Plants,1
Hairy-joint Grass,Vulnerable,Plants,2
Trailing Woodruff,Vulnerable,Plants,1
Kangaroo Island Woodruff,Vulnerable,Plants,1
Maidenhair Spleenwort,Vulnerable,Plants,2
Christmas Island Spleenwort,Critically Endangered,Plants,0
-,Vulnerable,Plants,1
-,Vulnerable,Plants,1
Pouched Frog,Vulnerable,Frogs,2
"Mount Wollumbin Hip-pocket Frog, Wollumbin Pouched Frog",Critically Endangered,Frogs,1
"Giant Freshwater Crayfish, Tasmanian Giant Freshwater Lobster",Vulnerable,Invertebrates,1
Tall Astelia,Vulnerable,Plants,1
White Star-bush,Critically Endangered,Plants,1
Dungowan Starbush,Critically Endangered,Plants,1
-,Critically Endangered,Plants,1
-,Endangered,Plants,1
Bindoon Starbush,Vulnerable,Plants,1
Downy Star-bush,Vulnerable,Plants,2
Thick-leaf Star-hair,Vulnerable,Plants,1
-,Endangered,Plants,2
Long-leaf Star-hair,Critically Endangered,Plants,2
Wingan Star-hair,Endangered,Plants,1
-,Critically Endangered,Plants,1
Yarwun Whitewood,Endangered,Plants,1
"Noisy Scrub-bird, Tjimiluk",Endangered,Birds,1
Rufous Scrub-bird,Endangered,Birds,2
-,Vulnerable,Plants,1
-,Endangered,Plants,1
"Lyon's Grassland Striped Skink, Lyon's Snake-eyed Skink",Critically Endangered,Reptiles,1
Sydney Hawk Dragonfly,Endangered,Invertebrates,1
-,Endangered,Plants,1
-,Critically Endangered,Plants,1
-,Vulnerable,Plants,3
-,Endangered,Plants,2
"Macquarie Azorella, Macquarie Cushions",Critically Endangered,Plants,1
-,Critically Endangered,Plants,1
a shrub,Endangered,Plants,1
Sei Whale,Vulnerable,Mammals,6
Blue Whale,Endangered,Mammals,7
Fin Whale,Vulnerable,Mammals,6
Southern Shepherd's Purse,Endangered,Plants,2
"Marbled Balogia, Jointed Baloghia",Vulnerable,Plants,2
Dense Cord-rush,Vulnerable,Plants,1
Cactus Dryandra,Critically Endangered,Plants,1
Orange Dryandra,Critically Endangered,Plants,1
"Brown's Banksia, Feather-leaved Banksia",Critically Endangered,Plants,1
-,Vulnerable,Plants,1
"Matchstick Banksia, Quairading Banksia",Endangered,Plants,1
Dark-bract Banksia,Critically Endangered,Plants,1
Good's Banksia,Vulnerable,Plants,1
Kamballup Dryandra,Endangered,Plants,1
Summer Honeypot,Endangered,Plants,1
Stirling Range Dryandra,Critically Endangered,Plants,1
Swamp Honeypot,Endangered,Plants,1
Wagin Banksia,Endangered,Plants,1
a banksia,Critically Endangered,Plants,1
a banksia,Endangered,Plants,1
False Plumed-Banksia,Endangered,Plants,1
-,Endangered,Plants,1
Northern Serrate Dryandra,Critically Endangered,Plants,1
Southern Serrate Dryandra,Vulnerable,Plants,1
"Ironcaps Banksia, Ironcap Banksia",Vulnerable,Plants,1
Whicher Range Dryandra,Vulnerable,Plants,1
"Granite Banksia, Albany Banksia, River Banksia",Vulnerable,Plants,1
-,Critically Endangered,Plants,1
"Native Wintercress, Riverbed Wintercress",Endangered,Plants,1
Arnhem Land Egernia,Endangered,Reptiles,1
Eastern Stirling Range Pygmy Trapdoor Spider,Vulnerable,Invertebrates,1
Tingle Pygmy Trapdoor Spider,Endangered,Invertebrates,1
a shrub,Vulnerable,Plants,1
Mt Ernest Bertya,Vulnerable,Plants,1
a shrub,Endangered,Plants,1
a shrub,Endangered,Plants,1
-,Endangered,Plants,1
-,Vulnerable,Plants,2
a shrub,Vulnerable,Plants,2
-,Endangered,Plants,1
Tasmanian Bertya,Endangered,Plants,1
Desert Bettong,Extinct,Mammals,2
"Eastern Bettong (mainland), Eastern Rat-kangaroo",Extinct,Mammals,4
"Boodie, Burrowing Bettong (Barrow and Boodie Islands)",Vulnerable,Mammals,1
"Boodie (inland), Burrowing Bettong (inland)",Extinct,Mammals,5
"Burrowing Bettong (Shark Bay), Boodie",Vulnerable,Mammals,3
Woylie,Endangered,Mammals,3
"Brush-tailed Bettong (central and south-east), Brush-tailed Bettong (south-east mainland)",Extinct,Mammals,6
Nullarbor Dwarf Bettong,Extinct,Mammals,2
Northern Bettong,Endangered,Mammals,2
"Small-petalled Beyeria, Short-petalled Beyeria",Endangered,Plants,1
Kangaroo Island Turpentine Bush,Vulnerable,Plants,1
"Silver Perch, Bidyan",Endangered,Fish,5
Norfolk Island Water-fern,Endangered,Plants,0
"Tree Nettle, Nettletree",Critically Endangered,Plants,0
Barbalin Boronia,Vulnerable,Plants,1
-,Critically Endangered,Plants,1
a shrub,Endangered,Plants,1
Bremer Boronia,Endangered,Plants,1
-,Endangered,Plants,1
-,Endangered,Plants,1
Scott River Boronia,Endangered,Plants,1
"Aniseed Boronia, Galbraith's Boronia",Vulnerable,Plants,1
Granite Boronia,Endangered,Plants,2
Grimshaw's boronia,Critically Endangered,Plants,1
"Gunn's Boronia, Cataract Gorge Boronia",Vulnerable,Plants,1
Mt Arthur Boronia,Vulnerable,Plants,1
Velvet Boronia,Vulnerable,Plants,1
-,Critically Endangered,Plants,1
-,Critically Endangered,Plants,1
Key's Boronia,Vulnerable,Plants,1
a shrub,Vulnerable,Plants,1
"Repand Boronia, Border Boronia",Endangered,Plants,2
Ironcap Boronia,Endangered,Plants,1
Awl-leaved Boronia,Endangered,Plants,1
Orara Boronia,Vulnerable,Plants,1
a shrub,Vulnerable,Plants,1
Grampians Pincushion-lily,Endangered,Plants,1
"Three-leaved Bosistoa, Yellow Satinheart",Vulnerable,Plants,2
-,Critically Endangered,Plants,1
-,Vulnerable,Plants,1
Sword Bossiaea,Endangered,Plants,1
-,Endangered,Plants,1
Australasian Bittern,Endangered,Birds,7
Satin-top Grass,Vulnerable,Plants,1
Spotted Handfish,Critically Endangered,Fish,1
"Ziebell's Handfish, Waterfall Bay Handfish",Vulnerable,Fish,1
Blackwall Range Kurrajong,Critically Endangered,Plants,1
Ormeau Bottle Tree,Critically Endangered,Plants,1
Ironstone Brachyscias,Critically Endangered,Plants,1
-,Critically Endangered,Plants,1
Corunna Daisy,Endangered,Plants,1
Mueller Daisy,Vulnerable,Plants,2
Mossgiel Daisy,Vulnerable,Plants,1
-,Vulnerable,Plants,1
Haines's Orange Mangrove,Critically Endangered,Plants,1
Budawangs Cliff-heath,Vulnerable,Plants,1
"Miniature Moss-orchid, Hoop Pine Orchid",Vulnerable,Plants,2
Wispy Umbrella Orchid,Vulnerable,Plants,1
Pale Umbrella Orchid,Vulnerable,Plants,1
-,Endangered,Plants,1
Mountain Pygmy-possum,Endangered,Mammals,2
Ooline,Vulnerable,Plants,2
Daintree Rainbowfish,Critically Endangered,Fish,1
"Cairns Rainbowfish, Northern Soft-spined Sunfish",Endangered,Fish,1
Canberra Spider Orchid,Critically Endangered,Plants,1
-,Endangered,Plants,1
Charming Spider-orchid,Endangered,Plants,1
"Genoa Spider-orchid, Gippsland Spider Orchid",Critically Endangered,Plants,2
Black-tipped Spider-orchid,Critically Endangered,Plants,1
Sand-hill Spider-orchid,Endangered,Plants,1
White-beauty Spider-orchid,Endangered,Plants,1
Black-clubbed Spider-orchid,Endangered,Plants,2
Duramana Fingers,Critically Endangered,Plants,1
"McIvor Spider-orchid, Audas' Spider-orchid",Endangered,Plants,1
"Small Dragon Orchid, Common Dragon Orchid",Endangered,Plants,1
Pink-lipped Spider-orchid,Endangered,Plants,1
Short Spider-orchid,Extinct,Plants,2
Winter Spider-orchid,Vulnerable,Plants,1
Dwarf Spider-orchid,Endangered,Plants,1
Northern Dwarf Spider-orchid,Vulnerable,Plants,1
Bussell's Spider-orchid,Endangered,Plants,1
Cape Spider-orchid,Endangered,Plants,1
Limestone Spider-orchid,Vulnerable,Plants,2
"Thick-stem Caladenia, Thick-stem Fairy Fingers",Critically Endangered,Plants,1
Tailed Spider-orchid,Vulnerable,Plants,1
Christine's Spider Orchid,Vulnerable,Plants,1
"Coloured Spider-orchid, Small Western Spider-orchid, Painted Spider-orchid",Endangered,Plants,2
"Crimson Spider-orchid, Maroon Spider-orchid",Vulnerable,Plants,3
Coast Spider-orchid,Endangered,Plants,1
"Don's Spider Orchid, Beady Spider Orchid",Critically Endangered,Plants,1
Windswept Spider-orchid,Endangered,Plants,1
Cossack Spider-orchid,Endangered,Plants,1
Hinged Dragon Orchid,Endangered,Plants,1
Elegant Spider-orchid,Endangered,Plants,1
Giant Spider-orchid,Endangered,Plants,1
"Elegant Spider-orchid, Blood-red Spider-orchid",Vulnerable,Plants,2
Tawny Spider-orchid,Endangered,Plants,2
"Bayonet Spider-orchid, Clubbed Spider-orchid",Endangered,Plants,1
"Pingaring Spider-orchid, Granite Spider-orchid",Endangered,Plants,1
-,Endangered,Plants,1
"Harrington's Spider-orchid, Pink Spider-orchid",Vulnerable,Plants,1
Melblom's Spider-orchid,Endangered,Plants,1
Hoffman's Spider-orchid,Endangered,Plants,1
"Quindanning Spider Orchid, Boddington Spider Orchid",Endangered,Plants,1
"King Spider-orchid, Grand Spider-orchid, Rusty Spider-orchid",Endangered,Plants,1
French Island Spider-orchid,Vulnerable,Plants,1
Ghost Spider-orchid,Critically Endangered,Plants,1
Collie Spider Orchid,Endangered,Plants,1
Lindley's Spider-orchid,Critically Endangered,Plants,1
Lodge's Spider-orchid,Critically Endangered,Plants,1
Wimmera Spider-orchid,Endangered,Plants,2
Lemon Spider Orchid,Critically Endangered,Plants,1
Large-club Spider-orchid,Endangered,Plants,1
"Ballerina Orchid, Ballerina Spider Orchid",Critically Endangered,Plants,1
Eastern Spider Orchid,Endangered,Plants,1
Ornate Pink Fingers,Vulnerable,Plants,2
Kangaroo Island Spider-orchid,Endangered,Plants,1
"Rosy Spider Orchid, Pale Spider-orchid, Summer Spider-orchid",Critically Endangered,Plants,1
Carbunup King Spider Orchid,Critically Endangered,Plants,1
Dwarf Spider-orchid,Critically Endangered,Plants,1
Little Dip Spider-orchid,Endangered,Plants,1
Stiff White Spider-orchid,Endangered,Plants,1
Frankston Spider-orchid,Endangered,Plants,1
"Rosella Spider-orchid, Little Pink Spider-orchid",Endangered,Plants,2
Sagg Spider-orchid,Critically Endangered,Plants,1
Kilsyth South Spider-orchid,Critically Endangered,Plants,1
Forest Fingers,Critically Endangered,Plants,1
"Greencomb Spider-orchid, Rigid Spider-orchid",Endangered,Plants,3
"Thick-lipped Spider-orchid, Daddy Long-legs",Vulnerable,Plants,2
Fringed Spider-orchid,Endangered,Plants,1
Robust Fingers,Critically Endangered,Plants,1
Candy Spider-orchid,Vulnerable,Plants,2
Dunsborough Spider-orchid,Endangered,Plants,1
Kalbarri Spider-orchid,Vulnerable,Plants,1
Williams Spider Orchid,Endangered,Plants,1
Majestic Spider-orchid,Endangered,Plants,1
Woolcock's Spider-orchid,Vulnerable,Plants,1
Yellow-lip Spider-orchid,Endangered,Plants,3
"White Rabbits, Flinders Ranges White Caladenia",Endangered,Plants,1
Chestnut-rumped Heathwren (Mt Lofty Ranges),Endangered,Birds,1
Blue Tinsel Lily,Critically Endangered,Plants,1
Elegant Tinsel Lily,Critically Endangered,Plants,1
Stilted Tinsel Lily,Vulnerable,Plants,1
Sharp-tailed Sandpiper,Vulnerable,Birds,8
"Red Knot, Knot",Vulnerable,Birds,7
Curlew Sandpiper,Critically Endangered,Birds,8
Great Knot,Vulnerable,Birds,7
Forrester's Bottlebrush,Vulnerable,Plants,2
Betka Bottlebrush,Vulnerable,Plants,1
Megalong Valley Bottlebrush,Critically Endangered,Plants,1
-,Vulnerable,Plants,2
a bottlebrush,Critically Endangered,Plants,1
Wimmera Bottlebrush,Critically Endangered,Plants,1
Corang Pine,Critically Endangered,Invertebrates,1
South Esk Pine,Endangered,Invertebrates,1
-,Critically Endangered,Invertebrates,1
Gang-gang Cockatoo,Endangered,Birds,4
Copper Beard Orchid,Critically Endangered,Plants,1
Cardwell Beard Orchid,Endangered,Plants,1
"Pretty Beard Orchid, Pretty Beard-orchid",Endangered,Plants,2
Bald-tip Beard-orchid,Endangered,Plants,1
-,Vulnerable,Plants,1
Desert Rat-kangaroo,Extinct,Mammals,2
Mauve Burr-daisy,Vulnerable,Plants,2
Moore's Burr-daisy,Endangered,Plants,1
South-eastern Red-tailed Black-Cockatoo,Endangered,Birds,2
"Forest Red-tailed Black-Cockatoo, Karrak",Vulnerable,Birds,1
"Baudin's Cockatoo, Long-billed Black-Cockatoo",Endangered,Birds,1
"Kangaroo Island Glossy Black-Cockatoo, Glossy Black-Cockatoo (South Australian)",Endangered,Birds,1
South-eastern Glossy Black-Cockatoo,Vulnerable,Birds,4
"Carnaby's Cockatoo,  Short-billed Black-Cockatoo",Endangered,Birds,1
-,Critically Endangered,Plants,1
Swamp Starflower,Endangered,Plants,1
-,Vulnerable,Plants,1
-,Vulnerable,Plants,1
-,Vulnerable,Plants,1
Grey Nurse Shark (east coast population),Critically Endangered,Fish,3
Grey Nurse Shark (west coast population),Vulnerable,Fish,1
"White Shark, Great White Shark",Vulnerable,Fish,7
Loggerhead Turtle,Endangered,Reptiles,7
"Pig-nosed Turtle, Pitted Shell Turtle",Vulnerable,Reptiles,1
"Alpine Cool-skink, Northern Snow Skink",Endangered,Reptiles,1
"Boulder Cool-skink, Southern Snow Skink",Endangered,Reptiles,1
"Heath Cool-skink, Mountain Skink",Endangered,Reptiles,1
"Pedra Branca Skink,  Pedra Branca Cool-skink, Red-throated Skink",Critically Endangered,Reptiles,1
-,Endangered,Plants,1
-,Endangered,Plants,1
"Wrinkled Cassinia, Wrinkled Dollybush",Vulnerable,Plants,3
Avenue Cassinia,Critically Endangered,Plants,2
Kaputar Cassinia,Endangered,Plants,1
"Southern Cassowary, Australian Cassowary, Double-wattled Cassowary",Endangered,Birds,1
"Pedder Centrolepis, Pedder Bristlewort",Endangered,Plants,1
an orchid,Vulnerable,Plants,1
"Cape Barren Goose (south-western), Recherche Cape Barren Goose",Vulnerable,Birds,1
Tasmanian Azure Kingfisher,Endangered,Birds,1
"Pig-footed Bandicoot, Kanjilpa, Wilalya",Extinct,Mammals,6
"Yirratji, Northern Pig-footed Bandicoot",Extinct,Mammals,4
"Christmas Island Emerald Dove, Emerald Dove (Christmas Island)",Endangered,Birds,0
"Large-eared Pied Bat, Large Pied Bat",Endangered,Mammals,2
Griffin's Waxflower,Vulnerable,Plants,1
Gingin Wax,Endangered,Plants,1
Royce's Waxflower,Vulnerable,Plants,1
"Greater Sand Plover, Large Sand Plover",Vulnerable,Birds,7
"Lesser Sand Plover, Mongolian Plover",Endangered,Birds,7
Twining Finger-flower,Vulnerable,Plants,1
Green Turtle,Vulnerable,Reptiles,7
Sand Yabby,Vulnerable,Invertebrates,1
"Hairy Marron, Margaret River Hairy Marron, Margaret River Marron",Critically Endangered,Invertebrates,1
Duck's-head Wasp-orchid,Endangered,Plants,1
-,Endangered,Plants,1
Dalhousie Goby,Critically Endangered,Fish,1
Elizabeth Springs Goby,Endangered,Fish,1
Edgbaston Goby,Vulnerable,Fish,1
Manypeaks Rush,Endangered,Plants,1
Spiked Sour-bush,Endangered,Plants,1
Prostrate Flame Pea,Endangered,Plants,1
Limestone Pea,Endangered,Plants,1
"Lord Howe Island Gecko, Lord Howe Island Southern Gecko",Vulnerable,Reptiles,1
"Mt Lofty Ranges Spotted Quail-thrush, Spotted Quail-thrush (Mt Lofty Ranges)",Critically Endangered,Birds,1
-,Critically Endangered,Plants,1
"a creeper, Clematis",Critically Endangered,Plants,0
Stream Clematis,Vulnerable,Plants,2
Brown Treecreeper (south-eastern),Vulnerable,Birds,4
"Slender Bell-fruit, Camel Poison",Vulnerable,Plants,2
Three-toed Snake-tooth Skink,Vulnerable,Reptiles,2
Hidden Coleanthera,Extinct,Plants,1
Millmerran Mint Bush,Critically Endangered,Plants,1
Curtis' Colobanth,Vulnerable,Plants,1
"Lord Howe White-throated Pigeon, White-throated Pigeon (Lord Howe Island)",Extinct,Birds,1
Byfield Matchstick,Vulnerable,Plants,1
Many-flowered Commersonia,Critically Endangered,Plants,1
Trigwell's Rulingia,Endangered,Plants,1
Dwarf Kerrawang,Endangered,Plants,2
"White-footed Rabbit-rat, Parroo, White-footed Tree-rat",Extinct,Mammals,4
Capricorn Rabbit-rat,Extinct,Mammals,1
"Brush-tailed Rabbit-rat, Brush-tailed Tree-rat, Pakooma",Vulnerable,Mammals,3
One-headed Smokebush,Endangered,Plants,1
-,Critically Endangered,Plants,1
Variable Smoke-bush,Vulnerable,Plants,1
-,Critically Endangered,Plants,1
Wavy-leaved Smokebush,Vulnerable,Plants,1
Irwin's Conostylis,Endangered,Plants,1
Drummond's Conostylis,Endangered,Plants,1
Sedge Conostylis,Endangered,Plants,1
Small-flowered Conostylis,Endangered,Plants,1
Grass Conostylis,Endangered,Plants,1
"Kulin Conostylis, Single-flowered Conostylis",Vulnerable,Plants,1
Hairy Mat Conostylis,Endangered,Plants,1
Boscabel Conostylis,Critically Endangered,Plants,1
Wongan Conostylis,Endangered,Plants,1
Mauve Coopernookia,Endangered,Plants,1
-,Vulnerable,Plants,1
Tapping Nursery-frog,Endangered,Frogs,1
Elegant Frog,Critically Endangered,Frogs,1
"Hosmer's Frog, Rattling Nursery-frog",Critically Endangered,Frogs,1
"McDonald's Frog, Mt Elliot Nursery-frog",Critically Endangered,Frogs,1
Mountain-top Nursery-frog,Critically Endangered,Frogs,1
"Neglected Frog, Bellenden Ker Nursery-frog",Critically Endangered,Frogs,1
Coastal Coprosma,Endangered,Plants,0
Mountain Coprosma,Endangered,Plants,0
Native Jute,Endangered,Plants,2
Ti,Vulnerable,Plants,0
a beetle,Critically Endangered,Invertebrates,1
-,Endangered,Plants,1
Chef's Cap,Vulnerable,Plants,1
Hindmarsh Correa,Vulnerable,Plants,1
Deep Creek Correa,Endangered,Plants,1
Genoa River Correa,Endangered,Plants,2
"Short-spiked Midge-orchid, Rocky Cape Midge Orchid",Endangered,Plants,1
"Brindabella Midge-orchid, Ectopic Midge-orchid",Critically Endangered,Plants,1
Firth's Midge-orchid,Critically Endangered,Plants,1
"Wyong Midge Orchid 1, Variable Midge Orchid 1",Critically Endangered,Plants,1
Tuncurry Midge Orchid,Critically Endangered,Plants,1
Wyong Midge Orchid 2,Critically Endangered,Plants,1
"Toothed Helmet-orchid, Finniss Helmet-orchid",Vulnerable,Plants,1
Small Helmet-orchid,Vulnerable,Plants,1
Grooved Helmet-orchid,Critically Endangered,Plants,1
-,Vulnerable,Plants,1
Yellowjacket,Vulnerable,Plants,1
-,Vulnerable,Plants,1
Glen Geddes Bloodwood,Vulnerable,Plants,1
Glenugie Karaka,Vulnerable,Plants,1
Cossinia,Endangered,Plants,1
Preminghana Billybutton,Endangered,Plants,1
Dalhousie Hardyhead,Critically Endangered,Fish,1
Murray Hardyhead,Endangered,Fish,3
-,Endangered,Plants,1
Sloane's Froglet,Endangered,Frogs,2
Christmas Island Shrew,Critically Endangered,Mammals,0
Bahrs Scrub Croton,Critically Endangered,Plants,1
"Christmas Island Blue-tailed Skink, Blue-tailed Snake-eyed Skink",Critically Endangered,Reptiles,0
Arafura Snake-eyed Skink,Endangered,Reptiles,1
"Stinking Cryptocarya, Stinking Laurel",Vulnerable,Plants,2
Leafless Tongue-orchid,Vulnerable,Plants,3
Yinnietharra Rock-Dragon,Vulnerable,Reptiles,1
-,Vulnerable,Plants,1
Lancelin Island Skink,Vulnerable,Reptiles,1
Gravel Downs Ctenotus,Critically Endangered,Reptiles,1
Hamelin Ctenotus,Vulnerable,Reptiles,1
Wedge-leaf Tuckeroo,Vulnerable,Plants,1
Boonah Tuckeroo,Vulnerable,Plants,1
"Norfolk Island Green Parrot, Tasman Parakeet, Norfolk Island Parakeet",Endangered,Birds,0
"Macquarie Island Red-fronted Parakeet, Red-crowned Parakeet (Macquarie Island)",Extinct,Birds,1
"Lord Howe Tasman Parakeet, Red-crowned Parakeet (Lord Howe Island)",Extinct,Birds,1
a tree-fern,Endangered,Plants,1
a cycad,Vulnerable,Plants,1
-,Endangered,Plants,1
-,Endangered,Plants,1
a cycad,Vulnerable,Plants,1
-,Vulnerable,Plants,1
Alpine She-oak Skink,Endangered,Reptiles,2
a shrub,Vulnerable,Plants,1
Coxen's Fig-Parrot,Critically Endangered,Birds,2
White-flowered Wax Plant,Endangered,Plants,1
-,Endangered,Plants,1
-,Vulnerable,Plants,2
-,Endangered,Plants,1
Christmas Island Giant Gecko,Endangered,Reptiles,0
Bonville Leafless Orchid,Critically Endangered,Plants,1
Illawarra Socketwood,Endangered,Plants,1
Fine-leaved Darwinia,Endangered,Plants,1
Scarp Darwinia,Endangered,Plants,1
-,Vulnerable,Plants,1
"Mogumber Bell, Narrogin Bell",Endangered,Plants,1
Chapman's Bell,Endangered,Plants,1
Yellow Mountain Bell,Critically Endangered,Plants,1
Scott River Darwinia,Endangered,Plants,1
Muchea Bell,Critically Endangered,Plants,1
Mason's Darwinia,Vulnerable,Plants,1
Cranbrook Bell,Vulnerable,Plants,1
"Success Bell, Red Mountain Bell",Vulnerable,Plants,1
Gillam's Bell,Endangered,Plants,1
Harlequin Bell,Endangered,Plants,1
"Fringed Mountain Bell, Pink Mountain Bell",Vulnerable,Plants,1
Abba Bell,Endangered,Plants,1
Wittwer's Mountain Bell,Endangered,Plants,1
Native Foxglove,Critically Endangered,Plants,1
Eastern Bristlebird,Endangered,Birds,3
"Rufous Bristlebird (western), South-western Rufous Bristlebird",Extinct,Birds,1
Western Bristlebird,Endangered,Birds,1
"Kowari, brushy-tailed marsupial rat, Byrne's crest-tailed marsupial rat",Endangered,Mammals,3
"Chuditch, Western Quoll",Vulnerable,Mammals,7
"Northern Quoll, Digul [Gogo-Yimidir], Wijingadda [Dambimangari], Wiminji [Martu]",Endangered,Mammals,3
"Spotted-tailed Quoll (North Queensland), Yarri",Endangered,Mammals,1
"Spot-tailed Quoll, Spotted-tail Quoll, Tiger Quoll (southeastern mainland population)",Endangered,Mammals,5
"Spotted-tail Quoll, Spot-tailed Quoll, Tiger Quoll (Tasmanian population)",Vulnerable,Mammals,1
"Eastern Quoll, Luaner",Endangered,Mammals,5
Davidson's Plum,Endangered,Plants,1
"Smooth Davidsonia, Smooth Davidson's Plum, Small-leaved Davidson's Plum",Endangered,Plants,2
Three Springs Daviesia,Endangered,Plants,1
Cunderdin Daviesia,Endangered,Plants,1
Diels' Daviesia,Endangered,Plants,1
-,Vulnerable,Plants,1
Long-leaved Daviesia,Vulnerable,Plants,1
Wongan Cactus,Endangered,Plants,1
Maroon-flowered Daviesia,Critically Endangered,Plants,1
Grampians Bitter-pea,Vulnerable,Plants,1
Long-sepalled Daviesia,Endangered,Plants,1
Norseman Pea,Endangered,Plants,1
Paddle-leaf Daviesia,Endangered,Plants,1
Broad-leaf Daviesia,Critically Endangered,Plants,1
Stirling Range Daviesia,Critically Endangered,Plants,1
Beautiful Daviesia,Endangered,Plants,1
Struck Oil Myrtle,Critically Endangered,Plants,1
"Striped Legless Lizard, Striped Snake-lizard",Vulnerable,Reptiles,4
"Atherton Delma, Legless Lizard",Vulnerable,Reptiles,1
"Adorned Delma, Collared Delma",Vulnerable,Reptiles,1
Hunter Valley Delma,Endangered,Reptiles,1
Antelope Orchid,Endangered,Plants,1
Cooktown Orchid,Vulnerable,Plants,1
Norfolk Island Orchid,Endangered,Plants,0
Chocolate Tea Tree Orchid,Vulnerable,Plants,1
"Dark-stemmed Antler Orchid, Mangrove Orchid",Endangered,Plants,1
an orchid,Endangered,Plants,1
Cauliflower Soft Coral,Endangered,Invertebrates,2
Large-fruited Denhamia,Endangered,Plants,1
Small-leaved Denhamia,Vulnerable,Plants,1
Ornamental Snake,Vulnerable,Reptiles,1
"Leatherback Turtle, Leathery Turtle, Luth",Endangered,Reptiles,7
Thorny Pea,Vulnerable,Plants,1
-,Endangered,Plants,1
"Drummond's Grass, Drummond Grass",Endangered,Plants,1
-,Extinct,Plants,1
Narrow-leaf Bent-grass,Vulnerable,Plants,1
Climbing Bent-grass,Critically Endangered,Plants,1
Skirted Bent-grass,Endangered,Plants,2
Matted Flax-lily,Endangered,Plants,2
King Blue-grass,Endangered,Plants,1
bluegrass,Vulnerable,Plants,2
-,Extinct,Plants,1
-,Endangered,Plants,1
Amsterdam Albatross,Endangered,Birds,5
Antipodean Albatross,Vulnerable,Birds,6
Gibson's Albatross,Vulnerable,Birds,4
Tristan Albatross,Endangered,Birds,2
Southern Royal Albatross,Vulnerable,Birds,6
Wandering Albatross,Vulnerable,Birds,6
Northern Royal Albatross,Endangered,Birds,6
"Red-fruited Ebony, Silky Persimmon, Ebony",Endangered,Plants,1
-,Vulnerable,Plants,1
-,Endangered,Plants,1
Small-leaved Tamarind,Endangered,Plants,2
-,Endangered,Plants,1
Bell Flower Hyacinth Orchid,Endangered,Plants,2
-,Endangered,Plants,1
-,Vulnerable,Plants,1
Buttercup Doubletail,Endangered,Plants,1
"Small Golden Moths Orchid, Early Golden Moths",Endangered,Plants,1
-,Extinct,Plants,1
Tall Donkey Orchid,Vulnerable,Plants,1
-,Endangered,Plants,1
"Pale Yellow Doubletail, Wingham Doubletail",Critically Endangered,Plants,1
"Sunshine Diuris, Fragrant Doubletail, White Diuris",Endangered,Plants,1
Snake Orchid,Endangered,Plants,1
Dwarf Bee-orchid,Vulnerable,Plants,1
Pale Golden Moths,Vulnerable,Plants,2
"Small Snake Orchid, Two-leaved Golden Moths, Golden Moths, Cowslip Orchid, Snake Orchid",Endangered,Plants,1
Newcastle Doubletail,Vulnerable,Plants,1
Purdie's Donkey-orchid,Endangered,Plants,1
"Veined Doubletail, Goat Orchid, Veined Donkey-orchid",Vulnerable,Plants,1
Trailing Hop-bush,Vulnerable,Plants,4
Velvet Hopbush,Vulnerable,Plants,1
Peep Hill Hop-bush,Endangered,Plants,1
Kneeling Hammer-orchid,Vulnerable,Plants,1
Late Hammer-orchid,Endangered,Plants,1
"Glossy-leafed Hammer Orchid, Glossy-leaved Hammer Orchid,  Warty Hammer Orchid",Endangered,Plants,1
Lonely Hammer-orchid,Endangered,Plants,1
Dwarf Hammer-orchid,Vulnerable,Plants,1
King Island Emu,Extinct,Birds,1
Kangaroo Island Emu,Extinct,Birds,1
"Tasmanian Emu, Emu (Tasmanian)",Extinct,Birds,1
-,Critically Endangered,Plants,1
-,Vulnerable,Plants,1
-,Vulnerable,Plants,1
Morseby Range Drummondita,Endangered,Plants,1
Peak Charles Drummondita,Vulnerable,Plants,1
"Lord Howe Island Phasmid, Land Lobster",Critically Endangered,Invertebrates,1
Remote Thorny Lignum,Critically Endangered,Plants,1
"Sharkwood, a tree",Vulnerable,Plants,0
"Kaputar Rock Skink, Mt Kaputar Rock Skink",Critically Endangered,Reptiles,1
Yakka Skink,Vulnerable,Reptiles,1
"Western Spiny-tailed Skink, Baudin Island Spiny-tailed Skink",Endangered,Reptiles,1
Nightcap Oak,Critically Endangered,Plants,1
-,Endangered,Plants,1
Minyon Quandong,Endangered,Plants,1
Hairy Quandong,Endangered,Plants,1
Mountain Procris,Critically Endangered,Plants,0
Keighery's Eleocharis,Vulnerable,Plants,1
a spike rush,Vulnerable,Plants,2
Dwarf Desert Spike-rush,Vulnerable,Plants,3
a sedge,Vulnerable,Plants,2
"Southern Snapping Turtle, White-throated Snapping Turtle",Critically Endangered,Reptiles,1
"Irwin's Turtle, White-headed Snapping Turtle",Vulnerable,Reptiles,1
Gulf Snapping Turtle,Endangered,Reptiles,2
"Mary River Turtle, Mary River Tortoise",Critically Endangered,Reptiles,1
"Christmas Island Forest Skink, Christmas Island Whiptail-skink",Extinct,Reptiles,0
"Jardine River Turtle, Red-flushed River Turtle",Critically Endangered,Reptiles,1
-,Endangered,Plants,1
"Floyd's Walnut, Crystal Creek Walnut",Endangered,Plants,2
"Rusty Rose Walnut, Velvet Laurel",Vulnerable,Plants,2
Central North Burrowing Crayfish,Endangered,Invertebrates,1
Furneaux Burrowing Crayfish,Endangered,Invertebrates,1
Mount Arthur Burrowing Crayfish,Vulnerable,Invertebrates,1
Scottsdale Burrowing Crayfish,Endangered,Invertebrates,1
Burnie Burrowing Crayfish,Vulnerable,Invertebrates,1
Margaret River Burrowing Crayfish,Critically Endangered,Invertebrates,1
Dunsborough Burrowing Crayfish,Critically Endangered,Invertebrates,1
Walpole Burrowing Crayfish,Endangered,Invertebrates,1
Apsley Heath,Endangered,Plants,1
"Bearded Heath, Freycinet Heath",Endangered,Plants,1
South Esk Heath,Endangered,Plants,1
"Funnel Heath, Smooth Heath",Endangered,Plants,1
"Grand Heath, Tall Heath",Endangered,Plants,1
"Mt Cameron Heath, Granite Heath",Critically Endangered,Plants,1
-,Endangered,Plants,1
"Border Heath, Bordered Heath",Critically Endangered,Plants,1
-,Endangered,Plants,1
"Southport Heath, Stuart's Heath",Critically Endangered,Plants,1
"Pretty Heath, Dan Hill Heath",Endangered,Plants,1
Bog Willow-herb,Vulnerable,Plants,1
"Black Rockcod, Black Cod, Saddled Rockcod",Vulnerable,Fish,3
"Capricorn Yellow Chat, Yellow Chat (Dawson)",Critically Endangered,Birds,1
"Alligator Rivers Yellow Chat, Yellow Chat (Alligator Rivers)",Endangered,Birds,1
-,Endangered,Plants,1
-,Endangered,Plants,1
Fitzgerald Eremophila,Vulnerable,Plants,1
Cumquat Eremophila,Endangered,Plants,1
-,Endangered,Plants,1
-,Critically Endangered,Plants,1
"Koobabbie Eremophila, Koobabbie Poverty Bush",Critically Endangered,Plants,1
Milky Emu Bush,Endangered,Plants,1
Silky Eremophila,Endangered,Plants,1
Pinnate-leaf Eremophila,Endangered,Plants,1
Rainbow Valley Fuchsia Bush,Vulnerable,Plants,1
Resinous Eremophila,Endangered,Plants,1
Beaked Eremophila,Critically Endangered,Plants,1
Rough Emu Bush,Endangered,Plants,1
-,Critically Endangered,Plants,1
Lake King Eremophila,Endangered,Plants,1
Wongan Eremophila,Endangered,Plants,1
Resinous Poverty Bush,Vulnerable,Plants,1
Whorled Eremophila,Endangered,Plants,1
"Campion Eremophila, Green-flowered Emu bush",Endangered,Plants,1
Varnish Bush,Endangered,Plants,1
Hawksbill Turtle,Vulnerable,Reptiles,4
"Austral Pipewort, Southern Pipewort",Endangered,Plants,3
"Salt Pipewort, Button Grass",Endangered,Plants,3
Blue Devil,Endangered,Plants,1
Red Goshawk,Endangered,Birds,4
-,Vulnerable,Plants,1
Gouldian Finch,Endangered,Birds,3
"Narrow Euastacus, Slender Dwarf Crayfish, Narrow Dwarf Crayfish",Critically Endangered,Invertebrates,1
Murray Crayfish,Vulnerable,Invertebrates,3
Balan Spiny Crayfish,Endangered,Invertebrates,1
"Bidhawal Crayfish, Bidawal Crayfish, East Gippsland Spiny Crayfish",Endangered,Invertebrates,2
Mt Elliot Crayfish,Critically Endangered,Invertebrates,1
Embezee's Crayfish,Critically Endangered,Invertebrates,1
"Glenelg Spiny Freshwater Crayfish, Pricklyback",Endangered,Invertebrates,2
"Ellen Clark's Crayfish, Clark's Crayfish",Endangered,Invertebrates,1
Mud Gully Crayfish,Critically Endangered,Invertebrates,2
Fitzroy Falls Spiny Crayfish,Critically Endangered,Invertebrates,1
Orbost Spiny Crayfish,Endangered,Invertebrates,1
Eungella Spiny Crayfish,Endangered,Invertebrates,1
"Flecker's Crayfish, Red and Blue Spiny Crayfish",Endangered,Invertebrates,1
"Gamilaroi Crayfish, Gamilaroi Spiny Crayfish, Hanging Rock Crayfish",Endangered,Invertebrates,1
Smooth Crayfish,Endangered,Invertebrates,1
"Bloodclaw Crayfish, Blood Crayfish",Endangered,Invertebrates,1
Swollen Crayfish,Critically Endangered,Invertebrates,1
Tianjara Crayfish,Critically Endangered,Invertebrates,1
Conondale Spiny Crayfish,Endangered,Invertebrates,1
Blue-black Crayfish,Critically Endangered,Invertebrates,1
Jagara Hairy Crayfish,Critically Endangered,Invertebrates,1
Terrestrial Crayfish,Endangered,Invertebrates,1
"Hinterland Spiny Crayfish, Hinterland Crayfish",Critically Endangered,Invertebrates,1
Orange-bellied Crayfish,Endangered,Invertebrates,2
"Monteith's Crayfish, Monteith's Spiny Crayfish",Endangered,Invertebrates,1
Morgan's Crayfish,Critically Endangered,Invertebrates,1
Many-bristled Crayfish,Endangered,Invertebrates,1
Riek's Crayfish,Endangered,Invertebrates,2
"Robert's Crayfish, Robert's Spiny Crayfish",Endangered,Invertebrates,1
"Simple Crayfish, Small Mountain Crayfish",Endangered,Invertebrates,1
"Coughran's Crayfish, Arte Spiny Crayfish",Endangered,Invertebrates,1
Small Crayfish,Endangered,Invertebrates,1
Sutton's Crayfish,Endangered,Invertebrates,2
Maleny Crayfish,Endangered,Invertebrates,1
Cudgegong Giant Spiny Crayfish,Critically Endangered,Invertebrates,1
"Cardwell Crayfish, Cardwell Hairy Crayfish",Critically Endangered,Invertebrates,1
Southern Right Whale,Endangered,Mammals,6
Badgingarra Box,Endangered,Plants,1
Black Gum,Vulnerable,Plants,3
Lima Stringybark,Endangered,Plants,1
a stringybark,Vulnerable,Plants,1
"Mountain Swamp Gum, Broad-leaved Sallee, Broad-leaved Sally",Critically Endangered,Plants,1
"Queensland White Gum, Queensland Western White Gum, Lapunyah, Scrub Gum, White Gum",Vulnerable,Plants,1
"Yanchep Mallee, Wabling Hill Mallee",Vulnerable,Plants,1
Ponton Creek Mallee,Vulnerable,Plants,1
Bean's Ironbark,Vulnerable,Plants,1
Beard's Mallee,Vulnerable,Plants,1
"Camden White Gum, Nepean River Gum",Critically Endangered,Plants,1
"Bolivia Stringybark, Bolivia Hill Stringybark",Critically Endangered,Plants,1
Mukinbudin Mallee,Endangered,Plants,1
-,Endangered,Plants,1
Burdett Gum,Endangered,Plants,1
Warby Range Swamp Gum,Vulnerable,Plants,1
Ovenden's Ironbark,Vulnerable,Plants,1
Camfield's Stringybark,Vulnerable,Plants,1
"Silver-leaf Candlebark, Mt Canobolas Candlebark",Endangered,Plants,1
Seppelt Range Gum,Vulnerable,Plants,1
Swamp Stringybark,Endangered,Plants,1
-,Endangered,Plants,1
Crowned Mallee,Vulnerable,Plants,1
"Silver Gum, Buxton Gum",Endangered,Plants,1
Yandanooka Mallee,Vulnerable,Plants,1
Silver Mallee,Vulnerable,Plants,1
Paynes Find Mallee,Endangered,Plants,1
Mallee Box,Endangered,Plants,1
Dalveen Blue Box,Critically Endangered,Plants,1
"Dandaragan Mallee, Mount Misery Mallee",Endangered,Plants,1
Brumby Sallee,Endangered,Plants,2
Slaty Red Gum,Vulnerable,Plants,2
Miena Cider Gum,Endangered,Plants,1
Goodwood Gum,Vulnerable,Plants,1
"Imlay Mallee, Mount Imlay Mallee",Critically Endangered,Plants,1
Eneabba Mallee,Endangered,Plants,1
Durikai Mallee,Vulnerable,Plants,1
Twin Peak Island Mallee,Endangered,Plants,1
Johnson's Mallee,Vulnerable,Plants,1
Mount Beerwah Mallee,Vulnerable,Plants,1
Araluen Gum,Vulnerable,Plants,1
"Albatross Mallee, Green Mallee Ash",Vulnerable,Plants,1
Craven Grey Box,Endangered,Plants,1
Laterite Mallee,Vulnerable,Plants,1
"Scaly Butt Mallee, Scaly-butt Mallee",Endangered,Plants,1
"Camden Woollybutt, Paddys River Box",Endangered,Plants,1
McKie's Stringybark,Vulnerable,Plants,1
Goblet Mallee,Vulnerable,Plants,1
"Mountain White Gum,  King Leopold Range Mallee, Moore's Gum",Vulnerable,Plants,1
"Morrisby's Gum, Morrisbys Gum",Critically Endangered,Plants,1
"Narrow-leaved Peppermint, Narrow-leaved Black Peppermint",Vulnerable,Plants,1
Mt Isa Mallee,Endangered,Plants,1
Banyabba Shiny-barked Gum,Endangered,Plants,1
Mt Stuart Ironbark,Vulnerable,Plants,1
Wadbilliga Ash,Critically Endangered,Plants,1
"Mount Compass Swamp Gum, Fleurieu Swamp Gum, Marsh Gum",Endangered,Plants,1
"Earp's Gum, Earp's Dirty Gum",Vulnerable,Plants,1
Small-leaved Gum,Vulnerable,Plants,1
Brumby Mallee-gum,Critically Endangered,Plants,1
Jimberlana Mallee,Vulnerable,Plants,1
"Midlands Gum, Jingymia Gum",Endangered,Plants,1
"Silver-leaved Mountain Gum, Silver-leaved Gum",Vulnerable,Plants,1
Pokolbin Mallee,Vulnerable,Plants,1
Black Ironbox,Vulnerable,Plants,1
Silver Mallet,Endangered,Plants,1
Mongarlowe Mallee,Critically Endangered,Plants,1
Rose Mallee,Vulnerable,Plants,1
Robertson's Peppermint,Vulnerable,Plants,1
Blackbutt Candlebark,Vulnerable,Plants,1
"Wallangarra White Gum, Willow Gum",Vulnerable,Plants,2
-,Critically Endangered,Plants,1
-,Critically Endangered,Plants,1
Steedmans Gum,Vulnerable,Plants,1
Jillaga Ash,Endangered,Plants,1
Strzelecki Gum,Vulnerable,Plants,1
Ettrema Mallee,Endangered,Plants,1
"Cork Mallee, Mount Lesueur Mallee",Vulnerable,Plants,1
Jingymia Mallee,Vulnerable,Plants,1
Helidon Ironbark,Endangered,Plants,1
Square-fruited Ironbark,Vulnerable,Plants,1
-,Vulnerable,Plants,1
"Cadda Road Mallee, Cadda Mallee",Endangered,Plants,1
Meelup Mallee,Endangered,Plants,1
-,Vulnerable,Plants,1
Alpine Water Skink,Vulnerable,Reptiles,3
Blue Mountains Water Skink,Endangered,Reptiles,1
"Corangamite Water Skink, Dreeite Water Skink",Endangered,Reptiles,1
-,Vulnerable,Plants,1
Norfolk Island Euphorbia,Critically Endangered,Plants,0
a herb,Vulnerable,Plants,1
Shiny Cliff Eyebright,Vulnerable,Plants,1
-,Critically Endangered,Plants,1
"Lamington Eyebright, Mt. Merino Eyebright",Vulnerable,Plants,2
-,Vulnerable,Plants,1
"Purple Eyebright, Mueller's Eyebright",Endangered,Plants,3
Osborn's Eyebright,Endangered,Plants,1
Thick Eyebright,Vulnerable,Plants,1
Bogong Eyebright,Vulnerable,Plants,1
"Shy Eyebright, Southport Eyebright",Critically Endangered,Plants,1
Swamp Eyebright,Critically Endangered,Plants,1
"Bufton's Eyebright, Hairy Cliff Eyebright",Vulnerable,Plants,1
subshrub,Extinct,Plants,1
Peninsula Eyebright,Endangered,Plants,1
"Masked Eyebright, Masked Cliff Eyebright",Endangered,Plants,1
Grey Falcon,Vulnerable,Birds,7
"Crested Shrike-tit (northern), Northern Shrike-tit",Vulnerable,Birds,2
-,Endangered,Plants,1
"Ball Nut, Possum Nut, Big Nut, Beefwood",Vulnerable,Plants,2
Southern Fontainea,Vulnerable,Plants,2
Coastal Fontainea,Critically Endangered,Plants,1
-,Vulnerable,Plants,1
-,Critically Endangered,Plants,1
-,Vulnerable,Plants,1
Silky Frankenia,Endangered,Plants,1
Decurrent-leaved Frankenia,Extinct,Plants,1
Short-leaved Frankenia,Endangered,Plants,1
-,Endangered,Plants,1
"Christmas Island Frigatebird, Andrew's Frigatebird",Endangered,Birds,0
"White-bellied Storm-Petrel (Tasman Sea), White-bellied Storm-Petrel (Australasian)",Vulnerable,Birds,4
Dunmall's Snake,Vulnerable,Reptiles,2
Western Victorian Blackfish,Endangered,Fish,1
East Gippsland Galaxias,Critically Endangered,Fish,1
Golden Galaxias,Endangered,Fish,1
Short-tail Galaxias,Critically Endangered,Fish,1
Swan Galaxias,Endangered,Fish,1
Barred Galaxias,Endangered,Fish,1
Shaw Galaxias,Critically Endangered,Fish,1
Clarence Galaxias,Endangered,Fish,1
Tapered Galaxias,Critically Endangered,Fish,1
West Gippsland Galaxias,Critically Endangered,Fish,1
McDowall's Galaxias,Critically Endangered,Fish,1
Dargo Galaxias,Critically Endangered,Fish,1
Swamp Galaxias,Vulnerable,Fish,1
"Flathead Galaxias, Beaked Minnow, Flat-headed Galaxias, Flat-headed Jollytail, Flat-headed Minnow",Critically Endangered,Fish,3
"Hunter Galaxias, Hunter Upland Galaxias",Critically Endangered,Fish,1
Moroka Galaxias,Critically Endangered,Fish,1
Morwell Galaxias,Critically Endangered,Fish,1
Yalmy Galaxias,Critically Endangered,Fish,1
Kosciuszko Galaxias,Critically Endangered,Fish,1
Stocky Galaxias,Critically Endangered,Fish,1
Saddled Galaxias,Vulnerable,Fish,1
Roundsnout Galaxias,Endangered,Fish,2
Western Trout Minnow,Endangered,Fish,1
"Western Dwarf Galaxias, Western Mud Minnow",Vulnerable,Fish,1
"Blackstriped Dwarf Galaxias, Black-stripe Minnow",Endangered,Fish,1
"Eastern Dwarf Galaxias, Dwarf Galaxias",Endangered,Fish,2
Subantarctic Bedstraw,Critically Endangered,Plants,1
"Latham's Snipe, Japanese Snipe",Vulnerable,Birds,6
-,Endangered,Plants,1
Hann Gardenia,Vulnerable,Plants,1
Scale-leaf Poison,Vulnerable,Plants,1
Metricup Pea,Critically Endangered,Plants,1
Bodallin Poison,Critically Endangered,Plants,1
"Spike Poison, Wongan Poison",Endangered,Plants,1
Granite Poison,Endangered,Plants,1
Hook-point Poison,Endangered,Plants,1
-,Endangered,Plants,1
Cranbrook Pea,Vulnerable,Plants,1
Yellow-leafed Gastrolobium,Critically Endangered,Plants,1
Broad-leaved Gastrolobium,Vulnerable,Plants,1
Butterfly-leaved Gastrolobium,Endangered,Plants,1
-,Critically Endangered,Plants,1
Green Waxberry,Endangered,Plants,2
-,Endangered,Plants,1
"Yellow Gnat-orchid, Bauer's Midge Orchid, Brittle Midge Orchid",Endangered,Plants,1
"Plumed Midge-orchid, Tallong Midge Orchid",Endangered,Plants,1
Pambula Midge-orchid,Endangered,Plants,1
Cardwell Midge Orchid,Endangered,Plants,1
East Lynne Midge-orchid,Vulnerable,Plants,1
Baeuerlen's Gentian,Critically Endangered,Plants,2
Bredbo Gentian,Critically Endangered,Plants,1
Wingecarribee Gentian,Endangered,Plants,1
New England Gentian,Critically Endangered,Plants,1
"White-bellied Frog, Creek Frog",Critically Endangered,Frogs,1
Orange-bellied Frog,Vulnerable,Frogs,1
Squatter Pigeon (southern),Vulnerable,Birds,2
Partridge Pigeon (western),Vulnerable,Birds,1
Partridge Pigeon (eastern),Vulnerable,Birds,2
-,Vulnerable,Plants,1
"Lord Howe Gerygone, Lord Howe Warbler",Extinct,Birds,1
"Mountain Angelica, Broad-leafed Carrot",Endangered,Plants,1
Nangetty Grass,Endangered,Plants,1
"Clover Glycine, Purple Clover",Vulnerable,Plants,4
"Northern River Shark, New Guinea River Shark",Endangered,Fish,2
Speartooth Shark,Critically Endangered,Fish,2
-,Endangered,Plants,1
Gypsum Goodenia,Vulnerable,Plants,1
-,Vulnerable,Plants,1
"Sweet Myrtle, Small-leaved Myrtle",Endangered,Plants,2
Angle-stemmed Myrtle,Endangered,Plants,1
"Western Woolly Cyphanthera, Western Cyphanthera",Endangered,Plants,1
Painted Honeyeater,Vulnerable,Birds,6
"Holly-leaved Graptophyllum, Mt Blackwood Holly",Vulnerable,Plants,1
Veiny Graptophyllum,Endangered,Plants,1
Bog Grevillea,Endangered,Plants,1
-,Endangered,Plants,1
-,Endangered,Plants,1
-,Vulnerable,Plants,1
Mt Lesueur Grevillea,Endangered,Plants,1
Beadle's Grevillea,Endangered,Plants,1
Enfield Grevillea,Vulnerable,Plants,1
-,Vulnerable,Plants,1
Large-flowered Short-styled Grevillea,Critically Endangered,Plants,1
-,Critically Endangered,Plants,1
Burrowa Grevillea,Critically Endangered,Plants,1
Caley's Grevillea,Critically Endangered,Plants,1
"Foote's Grevillea, Cataby Grevillea, Black Magic Grevillea",Endangered,Plants,1
"Colquhoun Grevillea, Nowa Nowa Grevillea",Vulnerable,Plants,1
Christine's Grevillea,Endangered,Plants,1
a shrub,Endangered,Plants,1
Curved-leaf Grevillea,Endangered,Plants,1
Narrow curved-leaf Grevillea,Endangered,Plants,1
Phalanx Grevillea,Endangered,Plants,1
Hairy Phalanx Grevillea,Endangered,Plants,1
Ironstone Grevillea,Vulnerable,Plants,1
-,Vulnerable,Plants,1
Zig Zag Grevillea,Vulnerable,Plants,1
"Drooping Grevillea, Ben Major Grevillea",Vulnerable,Plants,1
-,Vulnerable,Plants,1
-,Endangered,Plants,1
Coochin Hills Grevillea,Critically Endangered,Plants,1
Spreading Grevillea,Endangered,Plants,1
Wee Jasper Grevillea,Endangered,Plants,1
Anglesea Grevillea,Vulnerable,Plants,1
Fan-leaf Grevillea,Endangered,Plants,1
Lake Varley Grevillea,Endangered,Plants,1
"Pine Mountain Grevillea, Green Grevillea",Endangered,Plants,1
Flame Spider-flower,Vulnerable,Plants,2
McCutcheon's Grevillea,Endangered,Plants,1
-,Endangered,Plants,1
Maxwell's Grevillea,Endangered,Plants,1
-,Endangered,Plants,1
-,Endangered,Plants,1
Langi Ghiran Grevillea,Vulnerable,Plants,1
-,Endangered,Plants,1
Grey Grevillea,Endangered,Plants,1
Small-flower Grevillea,Vulnerable,Plants,1
Pythara Grevillea,Endangered,Plants,1
-,Vulnerable,Plants,2
Rare Grevillea,Endangered,Plants,1
-,Vulnerable,Plants,1
-,Endangered,Plants,1
Carrington Falls Grevillea,Critically Endangered,Plants,1
Corrigin Grevillea,Endangered,Plants,1
Black Grevillea,Critically Endangered,Plants,1
-,Vulnerable,Plants,1
-,Critically Endangered,Plants,1
Spider Net Grevillea,Critically Endangered,Plants,1
"Mt Finke Grevillea, Scarlet Grevillea",Vulnerable,Plants,1
Tumut Grevillea,Critically Endangered,Plants,1
Magnificent Helicarionid Land Snail,Critically Endangered,Invertebrates,1
-,Critically Endangered,Plants,1
Leadbeater's Possum,Critically Endangered,Mammals,1
Net-veined Gyrostemon,Critically Endangered,Plants,1
Whiskered Rein Orchid,Endangered,Plants,1
Column Hakea,Vulnerable,Plants,1
-,Vulnerable,Plants,1
Kowmung Hakea,Critically Endangered,Plants,1
"Gnarled Corkbark, Fraser's Hakea",Vulnerable,Plants,1
-,Vulnerable,Plants,1
-,Endangered,Plants,2
Lesueur Hakea,Vulnerable,Plants,1
Lake Keepit Hakea,Endangered,Plants,1
Three-veined Hakea,Vulnerable,Plants,1
Lord Howe Abalone,Critically Endangered,Invertebrates,1
Blue Petrel,Vulnerable,Birds,6
"Wingless Raspwort, Square Raspwort",Vulnerable,Plants,3
Tall Velvet Sea-berry,Vulnerable,Plants,2
Prickly Raspwort,Endangered,Plants,1
Broad-fruited Haloragis,Critically Endangered,Plants,1
Hal,Endangered,Plants,1
Rainforest Cool-skink,Vulnerable,Reptiles,2
"Giant Burrowing Frog, Eastern Owl Frog",Endangered,Frogs,1
"Southern Owl Frog, Southern Giant Burrowing Frog",Endangered,Frogs,2
-,Vulnerable,Plants,1
-,Endangered,Plants,1
Red Snakebush,Endangered,Plants,1
"Sargents Snakebush, Colourful Snakebush",Endangered,Plants,1
Grey Snake,Endangered,Reptiles,2
Lemuroid Ringtail Possum,Endangered,Mammals,1
Branched Hemigenia,Critically Endangered,Plants,1
"New Zealand Pigeon (Norfolk Island race), Norfolk Island New Zealand Pigeon",Extinct,Birds,0
Chapman's Hensmania,Vulnerable,Plants,1
"Douglas' Broad-headed Bee, Rottnest Bee",Critically Endangered,Invertebrates,1
-,Vulnerable,Plants,1
Bandalup Buttercup,Critically Endangered,Plants,1
-,Endangered,Plants,1
Basalt Guinea-flower,Endangered,Plants,1
-,Critically Endangered,Plants,1
-,Endangered,Plants,1
Ooldea Guinea-flower,Vulnerable,Plants,2
Dergholm Guinea-flower,Vulnerable,Plants,1
Euroa Guinea-flower,Vulnerable,Plants,1
-,Vulnerable,Plants,1
Bundanoon Guinea-flower,Endangered,Plants,1
-,Critically Endangered,Plants,1
-,Critically Endangered,Plants,1
-,Critically Endangered,Plants,1
Julian's Hibbertia,Critically Endangered,Plants,1
-,Critically Endangered,Plants,1
Yundi Guinea-flower,Critically Endangered,Plants,1
Wheeler's Buttercup,Critically Endangered,Plants,1
a shrub,Vulnerable,Plants,1
-,Vulnerable,Plants,1
Phillip Island Hibiscus,Critically Endangered,Plants,0
"Monkey Nut, Bopple Nut, Red Bopple, Red Bopple Nut, Red Nut, Beef Nut, Red Apple Nut, Red Boppel Nut, Ivory Silky Oak",Vulnerable,Plants,2
"White's Seahorse, Crowned Seahorse, Sydney Seahorse",Endangered,Fish,2
Arnhem Leaf-nosed Bat,Endangered,Mammals,1
"Semon's Leaf-nosed Bat, Greater Wart-nosed Horseshoe-bat",Vulnerable,Mammals,1
White-throated Needletail,Vulnerable,Birds,6
Belson's Panic,Vulnerable,Plants,2
-,Critically Endangered,Plants,1
-,Critically Endangered,Plants,1
Bolivia Homoranthus,Critically Endangered,Plants,1
-,Vulnerable,Plants,1
a shrub,Endangered,Plants,1
-,Critically Endangered,Plants,1
-,Vulnerable,Plants,1
-,Vulnerable,Plants,1
-,Vulnerable,Plants,1
-,Vulnerable,Plants,1
-,Vulnerable,Plants,1
Broad-headed Snake,Endangered,Reptiles,1
Bornemissza's Stag Beetle,Critically Endangered,Invertebrates,1
Simson's Stag Beetle,Vulnerable,Invertebrates,1
Vanderschoor's Stag Beetle,Vulnerable,Invertebrates,1
a vine,Vulnerable,Plants,1
Water Tassel-fern,Extinct,Plants,1
Ninghan Violet,Critically Endangered,Plants,1
a palm,Vulnerable,Plants,1
Shy Heathwren (Kangaroo Island),Vulnerable,Birds,1
-,Extinct,Plants,1
a filmy fern,Extinct,Plants,1
-,Endangered,Plants,1
Long-leaved Myrtle,Vulnerable,Plants,1
-,Endangered,Plants,1
chittering Myrtle,Endangered,Plants,1
Bulloak Jewel Butterfly,Critically Endangered,Invertebrates,1
"Downy Ground-fern, Brake Fern, Ground Fern",Vulnerable,Plants,0
Scrambling Ground-fern,Endangered,Plants,1
Lake Pedder Earthworm,Extinct,Invertebrates,1
"Buff-banded Rail (Cocos (Keeling) Islands), Ayam Hutan",Endangered,Birds,0
"Macquarie Island Buff-banded Rail, Buff-banded Rail (Macquarie Island)",Extinct,Birds,1
Lord Howe Woodhen,Endangered,Birds,1
Bald Carp Gudgeon,Critically Endangered,Fish,1
Glenelg Freshwater Mussel,Critically Endangered,Invertebrates,1
"Shield-backed Trapdoor Spider, Black Rugose Trapdoor Spider",Vulnerable,Invertebrates,1
Mistletoe,Vulnerable,Plants,0
-,Endangered,Plants,1
"Delicate Cress, Illawarra Irene",Endangered,Plants,1
Isoglossa,Endangered,Plants,1
Golden Bandicoot (mainland),Vulnerable,Mammals,6
Golden Bandicoot (Barrow Island),Vulnerable,Mammals,1
Southern Brown Bandicoot (Nuyts Archipelago),Vulnerable,Mammals,1
"Southern Brown Bandicoot (eastern), Southern Brown Bandicoot (south-eastern)",Endangered,Mammals,4
Fletcher's Drumsticks,Vulnerable,Plants,1
Robust Coneflower,Critically Endangered,Plants,1
"Albany Cone Bush, Hook-leaf Isopogon",Endangered,Plants,1
"Sand Ixodia, Ixodia",Vulnerable,Plants,2
Pungent Jacksonia,Endangered,Plants,1
"Quairading Jacksonia, Quairading Stinkwood",Endangered,Plants,1
Collie Jacksonia,Endangered,Plants,1
a shrub,Vulnerable,Plants,1
-,Critically Endangered,Plants,1
Woodland Babingtonia,Endangered,Plants,2
Kelleria,Vulnerable,Plants,1
Northcliffe Kennedia,Vulnerable,Plants,1
Augusta Kennedia,Endangered,Plants,1
-,Vulnerable,Plants,1
Key's Matchstick Grasshopper,Endangered,Invertebrates,3
Cape Range Remipede,Vulnerable,Invertebrates,1
-,Vulnerable,Plants,1
-,Vulnerable,Plants,1
-,Endangered,Plants,1
-,Vulnerable,Plants,1
-,Critically Endangered,Plants,1
"Adamson's Blown-grass, Adamson's Blowngrass",Endangered,Plants,1
"Spalding Blown Grass, Spalding Blowngrass",Endangered,Plants,1
"Kuluwarri, Central Hare-wallaby",Extinct,Mammals,2
Spectacled Hare-wallaby (Barrow Island),Vulnerable,Mammals,1
Rufous Hare-wallaby (Bernier Island),Vulnerable,Mammals,1
"Mala, Rufous Hare-Wallaby (Central Australia)",Endangered,Mammals,4
Rufous Hare-wallaby (Dorre Island),Vulnerable,Mammals,1
"Rufous Hare-wallaby (south-western), Woorap",Extinct,Mammals,1
Eastern Hare-wallaby,Extinct,Mammals,4
Banded Hare-wallaby (mainland),Extinct,Mammals,1
"Banded Hare-wallaby, Merrnine, Marnine, Munning",Vulnerable,Mammals,1
Norfolk Island Long-tailed Triller,Extinct,Birds,0
Prickly Honeysuckle,Endangered,Plants,1
Western Prickly Honeysuckle,Endangered,Plants,1
Fairall's Honeysuckle,Critically Endangered,Plants,1
Roundleaf Honeysuckle,Endangered,Plants,1
Long Sunskink,Critically Endangered,Reptiles,1
-,Vulnerable,Plants,1
-,Vulnerable,Plants,1
Wing-fruited Lasiopetalum,Endangered,Plants,1
Round-leaf Lasiopetalum,Endangered,Plants,1
-,Critically Endangered,Plants,1
Proston Lasiopetalum,Critically Endangered,Plants,1
"Northern Hairy-nosed Wombat, Yaminon",Critically Endangered,Mammals,2
"Shield-fern, Shieldfern",Endangered,Plants,0
a fern,Vulnerable,Plants,1
Swift Parrot,Critically Endangered,Birds,6
-,Critically Endangered,Plants,1
-,Vulnerable,Plants,1
Kalbarri Leschenaultia,Vulnerable,Plants,1
Scarlet Leschenaultia,Endangered,Plants,1
-,Critically Endangered,Plants,1
Wrinkled Buttons,Vulnerable,Plants,1
-,Critically Endangered,Plants,1
Kangaroo Island Phebalium,Endangered,Plants,1
-,Endangered,Plants,1
-,Critically Endangered,Plants,1
-,Vulnerable,Plants,1
-,Vulnerable,Plants,1
Rylstone Bell,Vulnerable,Plants,1
-,Critically Endangered,Plants,1
a short-tongued bee,Critically Endangered,Invertebrates,1
Malleefowl,Vulnerable,Birds,5
-,Extinct,Plants,1
-,Critically Endangered,Plants,2
Spiny Peppercress,Vulnerable,Plants,3
Drummond's Lepidium,Extinct,Plants,1
Ginninderra Peppercress,Critically Endangered,Plants,1
"Basalt Pepper-cress, Peppercress, Rubble Pepper-cress, Pepperweed",Endangered,Plants,4
Winged Pepper-cress,Endangered,Plants,4
Wandering Pepper-cress,Endangered,Plants,2
Erect Pepper-cress,Vulnerable,Plants,2
"Olive Ridley Turtle, Pacific Ridley Turtle",Endangered,Reptiles,4
"Christmas Island Gecko, Lister's Gecko",Critically Endangered,Reptiles,0
"Little Mountain Palm, Moorei Palm",Critically Endangered,Plants,1
Beaked Lepidosperma,Endangered,Plants,1
"Lesser Stick-nest Rat,Tjooyalpi, White-tailed Stick-nest Rat",Extinct,Mammals,5
"Wopilkara, Greater Stick-nest Rat",Vulnerable,Mammals,3
Diels' Currant Bush,Vulnerable,Plants,1
-,Critically Endangered,Plants,1
-,Critically Endangered,Plants,1
Deane's Tea-tree,Vulnerable,Plants,1
Stringybark Tea-tree,Critically Endangered,Plants,1
-,Critically Endangered,Plants,1
Monga Tea-tree,Endangered,Plants,1
"Allan's Lerista, Retro Slider",Endangered,Reptiles,1
Nubbined Fine-lined Slider,Endangered,Reptiles,1
Nevin's Slider,Endangered,Reptiles,1
Rochford Slider,Endangered,Reptiles,1
"Mount Cooper Striped Skink, Mount Cooper Striped Lerista",Vulnerable,Reptiles,1
"Imperial Shag (Heard Island), Heard Shag",Vulnerable,Birds,0
Imperial Shag (Macquarie Island),Vulnerable,Birds,1
"Hoary Sunray, Grassland Paper-daisy",Endangered,Plants,5
Blind Velvet Worm,Endangered,Invertebrates,1
Torrington Beard-heath,Endangered,Plants,1
Small-flowered Leucopogon,Extinct,Plants,1
Woronora Beard-heath,Vulnerable,Plants,1
Stirling Range Beard Heath,Critically Endangered,Plants,1
Thick-margined Leucopogon,Endangered,Plants,1
-,Endangered,Plants,1
Hidden Beard-heath,Endangered,Plants,1
-,Endangered,Plants,1
-,Critically Endangered,Plants,1
-,Vulnerable,Plants,1
Ironstone Beard-heath,Critically Endangered,Plants,1
"Western Australian Lewin's Rail, Lewin's Rail (western)",Extinct,Birds,1
Pilbara Olive Python,Vulnerable,Reptiles,1
"Helmeted Honeyeater, Yellow-tufted Honeyeater (Helmeted)",Critically Endangered,Birds,1
Asian Dowitcher,Vulnerable,Birds,4
Baudin's Sea-lavender,Vulnerable,Plants,1
"Nunivak Bar-tailed Godwit, Western Alaskan Bar-tailed Godwit",Endangered,Birds,7
"Northern Siberian Bar-tailed Godwit, Russkoye Bar-tailed Godwit",Endangered,Birds,3
Black-tailed Godwit,Endangered,Birds,7
Granite Mudwort,Vulnerable,Plants,1
-,Vulnerable,Plants,1
Guthega Skink,Endangered,Reptiles,2
"Great Desert Skink, Tjakura, Warrarna, Mulyamiji, Tjalapa, Nampu",Vulnerable,Reptiles,3
Mountain Skink,Endangered,Reptiles,3
"Jurien Bay Skink, Jurien Bay Rock-skink",Vulnerable,Reptiles,1
"Slater's Skink, Floodplain Skink",Endangered,Reptiles,1
"Swamp Skink, Eastern Mourning Skink",Endangered,Reptiles,3
"Broad-toothed Stag Beetle, Wielangta Stag Beetle",Endangered,Invertebrates,1
Green and Golden Bell Frog,Vulnerable,Frogs,3
Booroolong Frog,Endangered,Frogs,3
"Yellow-spotted Tree Frog, Yellow-spotted Bell Frog",Critically Endangered,Frogs,2
Davies' Tree Frog,Vulnerable,Frogs,1
"Australian Lace-lid, Lace-eyed Tree Frog, Day's Big-eyed Treefrog",Vulnerable,Frogs,1
Kroombit Treefrog,Critically Endangered,Frogs,1
"Northern Heath Frog, Littlejohn's Tree Frog",Endangered,Frogs,1
Armoured Mist Frog,Critically Endangered,Frogs,1
Kuranda Tree Frog,Critically Endangered,Frogs,1
"Mountain Mist Frog, Nyakala Frog",Critically Endangered,Frogs,1
Wallum Sedge Frog,Vulnerable,Frogs,2
Peppered Tree Frog,Vulnerable,Frogs,1
"Southern Bell Frog, Growling Grass Frog, Green and Golden Frog, Warty Swamp Frog, Golden Bell Frog",Vulnerable,Frogs,5
Spotted Tree Frog,Critically Endangered,Frogs,2
"New England Tree Frog, Glandular Frog",Vulnerable,Frogs,2
"Alpine Tree Frog, Verreaux's Alpine Tree Frog",Vulnerable,Frogs,3
"Southern Heath Frog, Watson's Tree Frog",Endangered,Frogs,2
Waxy Cabbage Palm,Vulnerable,Plants,1
"Central Australian Cabbage Palm, Red Cabbage Palm",Endangered,Plants,1
-,Critically Endangered,Plants,1
-,Vulnerable,Plants,1
-,Vulnerable,Plants,1
Kangaroo Island Logania,Vulnerable,Plants,1
King's Lomatia,Critically Endangered,Plants,1
"Major Mitchell's Cockatoo (eastern), Eastern Major Mitchell's Cockatoo, Pink Cockatoo (eastern)",Endangered,Birds,4
Tall Yellow-top,Endangered,Plants,2
"Yellow-snouted Gecko, Yellow-snouted Ground Gecko",Endangered,Reptiles,1
a green alga,Endangered,Invertebrates,1
-,Extinct,Plants,1
Woolly Lysiosepalum,Critically Endangered,Plants,1
"Macadamia Nut, Queensland Nut Tree, Smooth-shelled Macadamia, Bush Nut, Nut Oak",Vulnerable,Plants,2
"Bulberin Nut, Bulburin Nut Tree",Endangered,Plants,1
"Small-fruited Queensland Nut, Gympie Nut",Vulnerable,Plants,1
"Rough-shelled Bush Nut, Macadamia Nut, Rough-shelled Macadamia, Rough-leaved Queensland Nut",Vulnerable,Plants,2
Keighery's Macarthuria,Endangered,Plants,1
"Clarence River Cod, Eastern Freshwater Cod",Endangered,Fish,1
Trout Cod,Endangered,Fish,4
Mary River Cod,Endangered,Fish,1
Murray Cod,Vulnerable,Fish,5
Macquarie Perch,Endangered,Fish,4
Ghost Bat,Vulnerable,Mammals,4
"Southern Giant-Petrel, Southern Giant Petrel",Endangered,Birds,6
Northern Giant Petrel,Vulnerable,Birds,6
-,Vulnerable,Plants,1
Greater Bilby,Vulnerable,Mammals,5
"Yallara, Lesser Bilby, Djoonpi",Extinct,Mammals,4
-,Vulnerable,Plants,1
-,Endangered,Plants,1
-,Endangered,Plants,1
cycad,Endangered,Plants,1
MacDonnell Ranges Cycad,Vulnerable,Plants,1
-,Vulnerable,Plants,1
-,Vulnerable,Plants,1
-,Vulnerable,Plants,1
Pineapple Zamia,Endangered,Plants,1
cycad,Endangered,Plants,1
Chariot Wheels,Vulnerable,Plants,3
Purple-crowned Fairy-wren (western),Endangered,Birds,2
"White-winged Fairy-wren (Barrow Island), Barrow Island Black-and-white Fairy-wren",Vulnerable,Birds,1
"White-winged Fairy-wren (Dirk Hartog Island), Dirk Hartog Black-and-White Fairy-wren",Vulnerable,Birds,1
Black-eared Miner,Endangered,Birds,3
"King Fern, Para, Potato Fern",Endangered,Plants,0
Derwent River Seastar,Critically Endangered,Invertebrates,1
-,Endangered,Plants,1
-,Vulnerable,Plants,1
Clear Milkvine,Vulnerable,Plants,2
-,Vulnerable,Plants,1
"Broad-toothed Rat (mainland), Tooarrana",Endangered,Mammals,4
Gray's Helicarionid Land Snail,Critically Endangered,Invertebrates,0
Phillip Island Helicarionid Land Snail,Critically Endangered,Invertebrates,0
Suter's Striped Glass-snail,Critically Endangered,Invertebrates,0
-,Vulnerable,Plants,1
-,Vulnerable,Plants,1
Giant Gippsland Earthworm,Vulnerable,Invertebrates,1
Biconvex Paperbark,Vulnerable,Plants,1
Deane's Melaleuca,Vulnerable,Plants,1
-,Vulnerable,Plants,1
Wongan Melaleuca,Endangered,Plants,1
-,Endangered,Plants,1
"South-eastern Hooded Robin, Hooded Robin (south-eastern)",Endangered,Birds,5
"Tiwi Islands Hooded Robin, Hooded Robin (Tiwi Islands)",Critically Endangered,Birds,1
Lake Eacham Rainbowfish,Endangered,Fish,1
Malanda Rainbowfish,Critically Endangered,Fish,1
Running River Rainbowfish,Critically Endangered,Fish,1
Narrow-leaf Melichrus,Critically Endangered,Plants,1
Hairy Melichrus,Endangered,Plants,1
Shade Tree,Vulnerable,Plants,0
Norfolk Island Mahoe,Critically Endangered,Plants,0
"Whiteywood, a tree",Vulnerable,Plants,0
Kangaroo Island Brown-headed Honeyeater,Endangered,Birds,1
Bramble Cay Melomys,Extinct,Mammals,1
"Maroubra Woodland Snail, Maroubra Land Snail",Endangered,Invertebrates,1
Narrow-leaved Meryta,Vulnerable,Plants,0
"Shade Tree, Broad-leaved Meryta",Critically Endangered,Plants,0
"Black-footed Tree-rat (Kimberley and mainland Northern Territory), Djintamoonga, Manbul",Endangered,Mammals,2
Black-footed Tree-rat (Melville Island),Vulnerable,Mammals,1
"Black-footed Tree-rat (north Queensland), Shaggy Rabbit-rat",Vulnerable,Mammals,1
Fitzroy Land Snail,Endangered,Invertebrates,1
-,Endangered,Plants,1
Wongan Microcorys,Vulnerable,Plants,1
-,Vulnerable,Plants,1
-,Vulnerable,Plants,1
-,Endangered,Plants,1
-,Vulnerable,Plants,1
"Francistown Cave Cricket, Southern sandstone cave cricket",Critically Endangered,Invertebrates,1
Angus's Onion Orchid,Endangered,Plants,1
South-Coast Mignonette Orchid,Vulnerable,Plants,1
Barrow Cave Gudgeon,Endangered,Fish,1
"Cape Range Cave Gudgeon, Blind Gudgeon",Vulnerable,Fish,1
Southern Bent-wing Bat,Critically Endangered,Mammals,2
Minnie Daisy,Vulnerable,Plants,2
Horsfield's Bushlark (Tiwi Islands),Vulnerable,Birds,1
Southern Elephant Seal,Vulnerable,Mammals,2
-,Critically Endangered,Plants,1
a vine,Vulnerable,Plants,1
"Stuttering Frog, Southern Barred Frog (in Victoria)",Vulnerable,Frogs,3
Fleay's Frog,Endangered,Frogs,2
"Giant Barred Frog, Southern Barred Frog",Vulnerable,Frogs,2
Kangaroo Island Micro-trapdoor Spider,Endangered,Invertebrates,1
Southern Purple Spotted Gudgeon (Murray-Darling Basin population),Endangered,Fish,4
"Flinders Ranges Mogurnda, Flinders Ranges Purple-spotted Gudgeon",Vulnerable,Fish,2
"Dalhousie Mogurnda, Dalhousie Purple-spotted Gudgeon",Critically Endangered,Fish,1
Grass Fern,Extinct,Plants,1
Trailing Monotoca,Endangered,Plants,2
"Non-parasitic Lamprey, Precocious Lamprey",Endangered,Invertebrates,3
"Shrubby Creeper, Pohuehue",Endangered,Plants,0
Tuggeranong Lignum,Endangered,Plants,1
Daintree's River Banana,Extinct,Plants,1
Jerramungup Myoporum,Vulnerable,Plants,1
"Popwood, Sandalwood",Critically Endangered,Plants,0
-,Extinct,Plants,1
-,Vulnerable,Plants,1
Chiddarcooping Myriophyllum,Endangered,Plants,1
Ridged Water-milfoil,Vulnerable,Plants,1
Numbat,Endangered,Mammals,4
Ant Plant,Vulnerable,Plants,1
Beech,Vulnerable,Plants,0
"Purple-leaf Muttonwood, Lismore Muttonwood",Endangered,Plants,1
Masters' Charopid Land Snail,Critically Endangered,Invertebrates,1
Western Sawshelled Turtle,Endangered,Reptiles,2
Purvis' Turtle,Endangered,Reptiles,1
Nangur Spiny Skink,Critically Endangered,Reptiles,1
Balston's Pygmy Perch,Vulnerable,Fish,1
Southern Pygmy Perch (Murray-Darling Basin lineage),Vulnerable,Fish,3
Yarra Pygmy Perch,Endangered,Fish,2
Oxleyan Pygmy Perch,Endangered,Fish,2
Little Pygmy Perch,Endangered,Fish,1
"Variegated Pygmy Perch, Ewens Pygmy Perch, Golden Pygmy Perch",Vulnerable,Fish,2
Flatback Turtle,Vulnerable,Reptiles,4
-,Vulnerable,Plants,1
Windswept Helmet-orchid,Critically Endangered,Plants,1
Leafy Nematolepis,Critically Endangered,Plants,1
-,Critically Endangered,Plants,1
Harsh Nematolepis,Vulnerable,Plants,1
Shiny Nematolepis,Vulnerable,Plants,1
-,Vulnerable,Plants,1
"Australian Lungfish, Queensland Lungfish",Vulnerable,Invertebrates,1
"Star Finch (eastern), Star Finch (southern)",Endangered,Birds,2
A native bee,Critically Endangered,Invertebrates,1
Orange-bellied Parrot,Critically Endangered,Birds,4
Blue-winged Parrot,Vulnerable,Birds,7
"Australian Sea-lion, Australian Sea Lion",Endangered,Mammals,3
-,Vulnerable,Plants,1
Dalhousie Catfish,Critically Endangered,Fish,1
marine brown alga,Endangered,Invertebrates,3
Kangaroo Island White-eared Honeyeater,Endangered,Birds,1
Norfolk Island Kaka,Extinct,Birds,0
-,Vulnerable,Plants,1
"Christmas Island Hawk-Owl, Christmas Boobook",Vulnerable,Birds,0
"Lord Howe Southern Boobook, Lord Howe Boobook Owl",Extinct,Birds,1
"Norfolk Island Boobook, Norfolk Island Morepork, Southern Boobook (Norfolk Island)",Endangered,Birds,0
a green alga,Critically Endangered,Invertebrates,1
Toolache Wallaby,Extinct,Mammals,2
Parma Wallaby,Vulnerable,Mammals,1
Krefft's Tiger Snake (Flinders Ranges),Vulnerable,Reptiles,1
Cooneana Olive,Critically Endangered,Plants,1
Lloyd's Olive,Vulnerable,Plants,1
"Short-tailed Hopping-mouse, Yoontoo",Extinct,Mammals,3
"Northern Hopping-mouse, Woorrentinta",Endangered,Mammals,2
"Dusky Hopping-mouse, Wilkiniti",Vulnerable,Mammals,4
"Long-tailed Hopping-mouse, Koolawa, Talamba",Extinct,Mammals,4
"Large-eared Hopping-mouse, Noompa, Big -eared Hopping-mouse",Extinct,Mammals,1
"Darling Downs Hopping-mouse, Payi",Extinct,Mammals,2
"Broad-cheeked Hopping-mouse, Great Hopping-mouse",Extinct,Mammals,1
"Eastern Curlew, Far Eastern Curlew",Critically Endangered,Birds,7
"Nawaran, Oenpelli Python, Oenpelli Rock Python",Vulnerable,Reptiles,1
"Corben's Long-eared Bat, South-eastern Long-eared Bat",Vulnerable,Mammals,4
"Lord Howe Long-eared Bat, Lord Howe Island Bat",Extinct,Mammals,1
Mossman Fairy Orchid,Critically Endangered,Plants,1
Southern Ochrosia,Endangered,Plants,2
Arcadia Velvet Gecko,Critically Endangered,Reptiles,1
Arid Bronze Azure,Critically Endangered,Invertebrates,1
Minnie Waters Olax,Vulnerable,Plants,1
Arckaringa Daisy,Endangered,Plants,1
Marble Daisy-bush,Vulnerable,Plants,1
-,Vulnerable,Plants,1
Dorrigo Daisy-bush,Endangered,Plants,1
"Swamp Daisy, Water Daisy",Endangered,Plants,1
-,Vulnerable,Plants,1
Small-flowered Daisy-bush,Endangered,Plants,1
-,Extinct,Plants,1
"Silver Daisy-bush, Silver-leaved Daisy, Velvet Daisy-bush",Vulnerable,Plants,1
-,Endangered,Plants,2
"Lord Howe and Norfolk Islands Skink, Lord Howe Island Skink",Vulnerable,Reptiles,1
-,Vulnerable,Plants,1
"Bridled Nail-tail Wallaby, Bridled Nailtail Wallaby",Endangered,Mammals,4
"Crescent Nailtail Wallaby, Tjawalpa, Wurrung",Extinct,Mammals,4
Esperance Dog Weed,Extinct,Plants,1
Bronzeback Snake-lizard,Vulnerable,Reptiles,2
Blind Cave Eel,Vulnerable,Fish,1
Australian Snubfin  Dolphin,Vulnerable,Mammals,3
Rosewood Keeled Snail,Critically Endangered,Invertebrates,2
"Marrawah Skipper, Alpine Sedge Skipper, Alpine Skipper",Vulnerable,Invertebrates,1
"Ptunarra Brown, Ptunarra Brown Butterfly, Ptunarra Xenica",Endangered,Invertebrates,1
-,Vulnerable,Plants,1
Mountain Villarsia,Endangered,Plants,1
"Long-necked Northern Leaf-tailed Gecko, McIlwraith Leaf-tailed Gecko",Critically Endangered,Reptiles,1
"Barrow Island Wallaroo, Barrow Island Euro",Vulnerable,Mammals,1
"Onionwood, Bog Onion, Onion Cedar",Vulnerable,Plants,2
-,Vulnerable,Plants,1
Reflexed Everlasting,Vulnerable,Plants,1
"Clubmoss Everlasting, Table Mountain Daisy Bush",Extinct,Plants,1
-,Vulnerable,Plants,1
Wollumbin Dogwood,Vulnerable,Plants,2
Golden Whistler (Norfolk Island),Vulnerable,Birds,0
Red-lored Whistler,Vulnerable,Birds,3
Fairy Prion (southern),Vulnerable,Birds,6
Edgar Range Pandanus,Endangered,Plants,1
Abbott's Booby,Endangered,Birds,0
Sandplain Duck Orchid,Endangered,Plants,1
Shannon Paragalaxias,Vulnerable,Fish,1
Great Lake Paragalaxias,Vulnerable,Fish,1
Arthurs Paragalaxias,Endangered,Fish,1
-,Critically Endangered,Plants,1
Eltham Copper Butterfly,Endangered,Invertebrates,1
"Bathurst Copper Butterfly, Purple Copper Butterfly, Bathurst Copper, Bathurst Copper Wing, Bathurst-Lithgow Copper, Purple Copper",Vulnerable,Invertebrates,1
Dibbler,Endangered,Mammals,1
Forty-spotted Pardalote,Endangered,Birds,1
Milky Silkpod,Endangered,Plants,1
Mt Larcom Silk Pod,Vulnerable,Plants,1
Tasmanian Live-bearing Seastar,Vulnerable,Invertebrates,1
a grass,Vulnerable,Plants,2
-,Extinct,Plants,1
Spiral-leaved Patersonia,Endangered,Plants,1
Plains-wanderer,Critically Endangered,Birds,5
Omeo Stork's-bill,Endangered,Plants,3
Pennantia,Endangered,Plants,0
Shark Bay Bandicoot,Endangered,Mammals,3
"Western Barred Bandicoot (eastern), Liverpool Plains Striped Bandicoot",Extinct,Mammals,1
"Desert Bandicoot, Walilya",Extinct,Mammals,3
Eastern Barred Bandicoot (Tasmania),Vulnerable,Mammals,1
Eastern Barred Bandicoot (Mainland),Endangered,Mammals,2
"Marl, Western Barred Bandicoot",Extinct,Mammals,1
South-eastern Striped Bandicoot,Extinct,Mammals,2
"Butterfly Bandicoot, Nullarbor Barred Bandicoot",Extinct,Mammals,2
Lord Howe Earthworm,Critically Endangered,Invertebrates,1
"Knotweed, Tall Knotweed",Vulnerable,Plants,2
Needle Geebung,Endangered,Plants,1
Bargo Geebung,Endangered,Plants,1
Mittagong Geebung,Vulnerable,Plants,1
-,Endangered,Plants,1
"Hairy Geebung, Hairy Persoonia",Endangered,Plants,1
-,Extinct,Plants,1
Clandulla Geebung,Vulnerable,Plants,1
Small-flowered Snottygobble,Critically Endangered,Plants,1
-,Endangered,Plants,1
-,Vulnerable,Plants,1
Nodding Geebung,Endangered,Plants,1
-,Endangered,Plants,1
North Rothbury Persoonia,Critically Endangered,Plants,1
-,Extinct,Plants,1
"Greater Glider (northern), Greater Glider (north-eastern Queensland)",Vulnerable,Mammals,1
Greater Glider (southern and central),Endangered,Mammals,4
Yellow-bellied Glider (south-eastern),Vulnerable,Mammals,4
"Yellow-bellied Glider (Wet Tropics), Fluffy Glider",Endangered,Mammals,1
Mahogany Glider,Endangered,Mammals,1
Cape York Rock-wallaby,Endangered,Mammals,1
Nabarlek (Top End),Endangered,Mammals,1
Nabarlek (Victoria River District),Critically Endangered,Mammals,1
Nabarlek (Kimberley),Endangered,Mammals,1
"Warru, Central Australian Rock-wallaby",Vulnerable,Mammals,3
Recherche Rock-wallaby,Vulnerable,Mammals,1
"Wiliji, West Kimberley Rock-wallaby",Endangered,Mammals,1
"Black-flanked Rock-wallaby, Moororong, Black-footed Rock Wallaby",Endangered,Mammals,1
Brush-tailed Rock-wallaby,Vulnerable,Mammals,4
Proserpine Rock-wallaby,Endangered,Mammals,1
"Mount Claro Rock Wallaby, Sharman's Rock Wallaby",Vulnerable,Mammals,1
Yellow-footed Rock-wallaby (central-western Queensland),Vulnerable,Mammals,1
Yellow-footed Rock-wallaby (SA and NSW),Vulnerable,Mammals,2
"Norfolk Island Robin, Pacific Robin",Vulnerable,Birds,0
Laterite Petrophile,Endangered,Plants,1
-,Vulnerable,Plants,1
"Western Ground Parrot, Kyloring",Critically Endangered,Birds,1
Night Parrot,Critically Endangered,Birds,6
"Christmas Island White-tailed Tropicbird, Golden Bosunbird",Endangered,Birds,0
"Red-tailed Tropicbird (Indian Ocean), Indian Ocean Red-tailed Tropicbird",Endangered,Birds,1
Lesser Swamp-orchid,Endangered,Plants,2
Yellow Swamp-orchid,Endangered,Plants,1
-,Vulnerable,Plants,1
Native Moth Orchid,Endangered,Plants,1
-,Vulnerable,Plants,1
"Red-tailed Phascogale, Red-tailed Wambenger, Kenngoor",Vulnerable,Mammals,5
Northern Brush-tailed Phascogale,Vulnerable,Mammals,1
"Kimberley brush-tailed phascogale, Brush-tailed Phascogale (Kimberley)",Vulnerable,Mammals,1
"Koala (combined populations of Queensland, New South Wales and the Australian Capital Territory)",Endangered,Mammals,3
"Davies' Waxflower, St Helens Waxflower",Critically Endangered,Plants,1
Mt Berryman Phebalium,Endangered,Plants,1
Rusty Desert Phebalium,Vulnerable,Plants,2
Lowan Phebalium,Vulnerable,Plants,2
-,Critically Endangered,Plants,1
-,Vulnerable,Plants,1
Dwarf Mountain Pine,Critically Endangered,Invertebrates,1
Baw Baw Frog,Critically Endangered,Frogs,1
Mount Ballow Mountain Frog,Endangered,Frogs,2
Mountain Frog,Endangered,Frogs,2
Pugh's Sphagnum Frog,Endangered,Frogs,1
Richmond Range Sphagnum Frog,Endangered,Frogs,1
Sphagnum Frog,Vulnerable,Frogs,1
White-flowered Philotheca,Endangered,Plants,1
Sickle-leaved Waxflower,Critically Endangered,Plants,1
Freycinet Waxflower,Endangered,Plants,1
Mountain Wax-flower,Vulnerable,Plants,2
-,Vulnerable,Plants,1
Wongan Eriostemon,Endangered,Plants,1
Keeled Tassel-fern,Endangered,Plants,1
Blue Tassel-fern,Endangered,Plants,1
Rat's Tail Tassel-fern,Endangered,Plants,1
-,Vulnerable,Plants,1
Water Tassel-fern,Vulnerable,Plants,1
"Rock Tassel-fern, Water Tassel-fern",Critically Endangered,Plants,1
Square Tassel Fern,Vulnerable,Plants,1
Sooty Albatross,Vulnerable,Birds,6
Norfolk Island Phreatia,Critically Endangered,Plants,0
White Lace Orchid,Endangered,Plants,0
Pink Underwing Moth,Endangered,Invertebrates,2
Dwarf Phyllota,Vulnerable,Plants,1
Ringed Thin-tail Gecko,Endangered,Reptiles,1
Gulbaru Gecko,Critically Endangered,Reptiles,1
Oakview Leaf-tailed Gecko,Critically Endangered,Reptiles,1
Pinnacles Leaf-tailed Gecko,Critically Endangered,Reptiles,1
Hawkweed,Vulnerable,Plants,2
Bungonia Rice-flower,Endangered,Plants,1
-,Critically Endangered,Plants,1
-,Critically Endangered,Plants,1
-,Vulnerable,Plants,1
-,Vulnerable,Plants,1
Grampians Rice-flower,Vulnerable,Plants,1
Spiked Rice-flower,Endangered,Plants,1
Wimmera Rice-flower,Critically Endangered,Plants,1
"Plains Rice-flower, Spiny Rice-flower, Prickly Pimelea",Critically Endangered,Plants,1
Bolivia Hill Rice-flower,Endangered,Plants,1
Christmas Island Pipistrelle,Extinct,Mammals,0
Oleander,Vulnerable,Plants,0
Big Banana Pittosporum,Critically Endangered,Plants,1
Mt Augustus Foxglove,Vulnerable,Plants,1
-,Endangered,Plants,1
-,Endangered,Plants,1
"Lord Howe Flax Snail, Lord Howe Placostylus",Endangered,Invertebrates,1
Bastard Ironwood,Endangered,Plants,0
"Shiny-leaved Condoo, Black Plum, Wild Apple",Endangered,Plants,1
Green Rosella (King Island),Vulnerable,Birds,1
Kangaroo Island Crimson Rosella,Vulnerable,Birds,1
-,Vulnerable,Plants,1
-,Endangered,Plants,1
-,Vulnerable,Plants,1
"Nightcap Plectranthus, Silver Plectranthus",Endangered,Plants,2
-,Endangered,Plants,1
-,Endangered,Plants,1
-,Endangered,Plants,1
Silver Candles,Vulnerable,Plants,1
Budawangs Wallaby-grass,Critically Endangered,Plants,1
Grey Plover,Vulnerable,Birds,7
fern,Critically Endangered,Plants,0
Salt-lake Tussock-grass,Vulnerable,Plants,1
Southern Black-throated Finch,Endangered,Birds,2
-,Vulnerable,Plants,1
Middle Filmy Fern,Endangered,Plants,1
-,Vulnerable,Plants,1
Rock Shield Fern,Endangered,Plants,1
"Princess Parrot, Alexandra's Parrot",Vulnerable,Birds,3
Regent Parrot (eastern),Vulnerable,Birds,3
Superb Parrot,Vulnerable,Birds,3
"Rufous Pomaderris, Brown Pomaderris",Vulnerable,Plants,2
-,Vulnerable,Plants,1
-,Endangered,Plants,1
Cotoneaster Pomaderris,Endangered,Plants,2
-,Critically Endangered,Plants,1
Grey Deua Pomaderris,Critically Endangered,Plants,1
-,Endangered,Plants,1
Kangaroo Island Pomaderris,Vulnerable,Plants,1
Pale Pomaderris,Vulnerable,Plants,2
Parris' Pomaderris,Vulnerable,Plants,1
Moleskin Dogwood,Vulnerable,Plants,1
Denman Pomaderris,Critically Endangered,Plants,1
Bent Pomaderris,Critically Endangered,Plants,2
Concave Pomaderris,Vulnerable,Plants,1
Round-leaf Pomaderris,Critically Endangered,Plants,1
Carrington Falls Pomaderris,Critically Endangered,Plants,1
Dural Land Snail,Endangered,Invertebrates,1
Mountain Poranthera,Vulnerable,Plants,1
White Gallinule,Extinct,Birds,1
"Gilbert's Potoroo, Ngilkat",Critically Endangered,Mammals,1
Long-footed Potoroo,Endangered,Mammals,2
"Broad-faced Potoroo, Moda",Extinct,Mammals,1
Long-nosed Potoroo (northern),Vulnerable,Mammals,2
Long-nosed Potoroo (southern mainland),Vulnerable,Mammals,3
Jervis Bay Leek Orchid,Endangered,Plants,1
Dainty Leek-orchid,Endangered,Plants,1
Tapered Leek-orchid,Endangered,Plants,1
Three Hummock Leek-orchid,Critically Endangered,Plants,1
Bago Leek-orchid,Critically Endangered,Plants,1
Chestnut Leek-orchid,Critically Endangered,Plants,1
Lilac Leek-orchid,Vulnerable,Plants,1
Gaping Leek-orchid,Endangered,Plants,1
Crowded Leek-Orchid,Endangered,Plants,1
Gorae Leek-orchid,Endangered,Plants,1
Western Leek-orchid,Critically Endangered,Plants,1
"Maroon Leek-orchid, Slaty Leek-orchid, Stout Leek-orchid, French's Leek-orchid, Swamp Leek-orchid",Endangered,Plants,2
"Tawny Leek-orchid, Slaty Leek-orchid",Vulnerable,Plants,1
Goldsack's Leek-orchid,Endangered,Plants,1
Golfers Leek-orchid,Critically Endangered,Plants,1
Brandy Marys Leek-orchid,Critically Endangered,Plants,1
Kelton's Leek-orchid,Critically Endangered,Plants,1
Lax Leek Orchid,Critically Endangered,Plants,1
Marsh Leek-orchid,Critically Endangered,Plants,1
Coastal Leek Orchid,Critically Endangered,Plants,2
Milford Leek-orchid,Critically Endangered,Plants,1
"Mignonette Leek-orchid, Cobungra Leek-orchid, Dense Leek-orchid",Vulnerable,Plants,2
Fleurieu Leek Orchid,Critically Endangered,Plants,1
Pungent Leek-orchid,Critically Endangered,Plants,1
Pale Leek-orchid,Vulnerable,Plants,2
Knocklofty Leek-orchid,Critically Endangered,Plants,1
Tarengo Leek Orchid,Endangered,Plants,2
Plum Leek-orchid,Endangered,Plants,1
Pretty Leek-orchid,Critically Endangered,Plants,1
Robust Leek-orchid,Critically Endangered,Plants,1
Northern Leek-orchid,Endangered,Plants,1
a leek-orchid,Critically Endangered,Plants,1
Dense Leek-orchid,Vulnerable,Plants,2
Ben Lomond Leek-orchid,Critically Endangered,Plants,1
Fragrant Leek-orchid,Endangered,Plants,1
Pomonal Leek-orchid,Endangered,Plants,1
Graveside Leek-orchid,Critically Endangered,Plants,1
Tunbridge Leek-orchid,Endangered,Plants,1
Shelley Leek Orchid,Critically Endangered,Plants,1
"Sturdy Leek-orchid, Mount Remarkable Leek-orchid",Vulnerable,Plants,2
Wallum Leek-orchid,Vulnerable,Plants,1
"Dwarf Sawfish, Queensland Sawfish",Vulnerable,Fish,3
"Largetooth Sawfish, Freshwater Sawfish, River Sawfish, Leichhardt's Sawfish, Northern Sawfish",Endangered,Fish,3
"Green Sawfish, Dindagubba, Narrowsnout Sawfish",Vulnerable,Fish,4
Palm Cockatoo (Australian),Vulnerable,Birds,1
a beetle,Critically Endangered,Invertebrates,1
-,Critically Endangered,Plants,1
"Tranquillity Mintbush, Tranquility Mintbush",Endangered,Plants,1
"West Coast Mintbush, Limestone Mintbush, Red Mintbush",Vulnerable,Plants,1
-,Vulnerable,Plants,1
-,Critically Endangered,Plants,1
Wollemi Mint-bush,Vulnerable,Plants,1
Villous Mintbush,Vulnerable,Plants,1
-,Vulnerable,Plants,1
Monarto Mintbush,Endangered,Plants,1
Wellington Mintbush,Vulnerable,Plants,1
-,Critically Endangered,Plants,1
Somersby Mintbush,Endangered,Plants,1
Seaforth Mintbush,Critically Endangered,Plants,1
Mount Illbilie Mintbush,Vulnerable,Plants,1
Swamp Mint-bush,Critically Endangered,Plants,1
-,Vulnerable,Plants,1
-,Vulnerable,Plants,1
-,Critically Endangered,Plants,1
-,Vulnerable,Plants,1
a mint-bush,Critically Endangered,Plants,1
Mount Vincent Mintbush,Vulnerable,Plants,1
-,Endangered,Plants,1
Australian Grayling,Vulnerable,Fish,4
"Golden-shouldered Parrot, Alwal, Thaku, Arrmorral, Minpin",Endangered,Birds,1
Paradise Parrot,Extinct,Birds,2
"Alpine Bog Skink, Alpine Bog-skink",Endangered,Reptiles,2
"Glossy Grass Skink, Swampland Cool-skink, Rawlinson's Window-eyed Skink",Vulnerable,Reptiles,5
Western Swamp Tortoise,Critically Endangered,Reptiles,1
Alpine Leafy Liverwort,Vulnerable,Invertebrates,2
Mount Lidgbird Charopid Land Snail,Critically Endangered,Invertebrates,1
Whitelegge's Land Snail,Critically Endangered,Invertebrates,1
"Western Ringtail Possum, Ngwayir, Womp, Woder, Ngoor, Ngoolangit",Critically Endangered,Mammals,1
Banksia montana mealybug,Critically Endangered,Invertebrates,1
"Honey Blue Eye, Honey Blue-eye",Endangered,Fish,1
Long-eared Mouse,Extinct,Mammals,2
"Plains Rat, Palyoora, Plains Mouse",Vulnerable,Mammals,5
"Shark Bay Mouse, Djoongari, Alice Springs Mouse",Vulnerable,Mammals,3
"Smoky Mouse, Konoom",Endangered,Mammals,4
Blue-grey Mouse,Extinct,Mammals,2
"Gould's Mouse, Koontin",Extinct,Mammals,5
"New Holland Mouse, Pookila",Vulnerable,Mammals,5
"Hastings River Mouse, Koontoo",Endangered,Mammals,2
"Pilliga Mouse, Poolkoo",Vulnerable,Mammals,1
"Heath Mouse, Dayang, Heath Rat",Endangered,Mammals,3
Southern Corroboree Frog,Critically Endangered,Frogs,1
Magnificent Brood Frog,Vulnerable,Frogs,1
Northern Corroboree Frog,Critically Endangered,Frogs,2
Mallee Whipbird,Endangered,Birds,2
Western Whipbird (Kangaroo Island),Endangered,Birds,1
Western Heath Whipbird,Endangered,Birds,1
King's Brakefern,Endangered,Plants,0
Netted Brakefern,Endangered,Plants,0
Herald Petrel,Critically Endangered,Birds,1
"Gould's Petrel, Australian Gould's Petrel",Endangered,Birds,5
Soft-plumaged Petrel,Vulnerable,Birds,4
Kermadec Petrel (western),Vulnerable,Birds,2
"Percy Island Flying-fox, Dusky Fruit Bat",Extinct,Mammals,1
Spectacled Flying-fox,Endangered,Mammals,1
"Christmas Island Flying-fox, Christmas Island Fruit-bat",Critically Endangered,Mammals,0
Grey-headed Flying-fox,Vulnerable,Mammals,5
Sandhill Greenhood Orchid,Vulnerable,Plants,1
Basalt Greenhood,Endangered,Plants,1
-,Vulnerable,Plants,2
Hindmarsh Valley Greenhood,Critically Endangered,Plants,1
Floodplain Rustyhood,Vulnerable,Plants,1
Green-striped Greenhood,Vulnerable,Plants,2
Midland Greenhood,Critically Endangered,Plants,1
Leafy Greenhood,Vulnerable,Plants,3
Lowly Greenhood,Endangered,Plants,3
"Illawarra Greenhood, Rufa Greenhood, Pouched Greenhood",Endangered,Plants,1
Halbury Greenhood,Endangered,Plants,1
Metcalfe's Greenhood,Endangered,Plants,1
Nodding Rufoushood,Vulnerable,Plants,1
"Blue-tongued Orchid, Kiandra Greenhood",Critically Endangered,Plants,3
Liawenee Greenhood,Vulnerable,Plants,1
Two-bristle Greenhood,Critically Endangered,Plants,1
Pretty Greenhood,Vulnerable,Plants,1
Arthur River Greenhood,Endangered,Plants,1
Sydney Plains Greenhood,Endangered,Plants,1
"Northampton Midget Greenhood, Western Swan Greenhood",Endangered,Plants,1
"Botany Bay Bearded Greenhood, Botany Bay Bearded Orchid",Endangered,Plants,1
Hale Dwarf Greenhood,Endangered,Plants,1
"Swamp Greenhood, Dainty Swamp Orchid",Vulnerable,Plants,2
Robust Greenhood,Critically Endangered,Plants,1
Halbury Rustyhood,Critically Endangered,Plants,1
Fleshy Greenhood,Critically Endangered,Plants,1
Enigmatic Greenhood,Endangered,Plants,1
Desert Greenhood,Vulnerable,Plants,2
"Grassland Greenhood, Cape Portland Greenhood",Vulnerable,Plants,1
Ironstone Mulla Mulla,Vulnerable,Plants,1
-,Endangered,Plants,1
Pyramid Mulla-mulla,Critically Endangered,Plants,1
-,Endangered,Plants,1
Dwarf Pea,Vulnerable,Plants,1
-,Endangered,Plants,1
-,Vulnerable,Plants,1
Budawangs Bush-pea,Endangered,Plants,1
Elusive Bush-pea,Endangered,Plants,1
"Smooth Bush-pea, Swamp Bush-pea",Vulnerable,Plants,1
Beyeria Bush-pea,Critically Endangered,Plants,1
Maiden's Bush-pea,Extinct,Plants,1
-,Vulnerable,Plants,2
-,Vulnerable,Plants,1
Narrogin Pea,Vulnerable,Plants,1
-,Vulnerable,Plants,1
"Genowlan Point Pultenaea, Genowlan Pultenaea",Critically Endangered,Plants,1
Tufted Bush-pea,Endangered,Plants,1
"Yellow Bush-pea, Splendid Bush-pea",Vulnerable,Plants,1
Williamsons Bush-pea,Vulnerable,Plants,1
Pilotbird,Vulnerable,Birds,3
Stoddart's Helicarionid Land Snail,Critically Endangered,Invertebrates,0
"Christmas Island Blind Snake, Christmas Island Pink Blind Snake",Vulnerable,Reptiles,0
Spiny Gardenia,Endangered,Plants,2
Anemone Buttercup,Vulnerable,Plants,1
"Midlands Buttercup, Tunbridge Buttercup",Endangered,Plants,1
"Maclear's Rat, Christmas Island Rat",Extinct,Mammals,0
"Bulldog Rat, Christmas Island Burrowing Rat",Extinct,Mammals,0
Reedia,Critically Endangered,Plants,1
Wongan Rhagodia,Vulnerable,Plants,1
-,Vulnerable,Plants,2
"Austral Cornflower, Native Thistle",Vulnerable,Plants,3
Southern Gastric-brooding Frog,Extinct,Frogs,1
"Northern Gastric-brooding Frog, Eungella Gastric-brooding Frog",Extinct,Frogs,1
"Fitzroy River Turtle, Fitzroy Tortoise, Fitzroy Turtle, White-eyed River Diver",Endangered,Reptiles,1
Whale Shark,Vulnerable,Fish,6
-,Vulnerable,Plants,1
"Large-eared Horseshoe Bat, Greater Large-eared Horseshoe Bat, Lesser Large-eared Horseshoe Bat",Vulnerable,Mammals,1
Pilbara Leaf-nosed Bat,Vulnerable,Mammals,1
"Lord Howe Grey Fantail, Grey Fantail (Lord Howe Island)",Extinct,Birds,1
"Western Underground Orchid, Underground Orchid",Critically Endangered,Plants,1
South Coast Underground Orchid,Critically Endangered,Plants,1
Eastern Underground Orchid,Endangered,Plants,1
Narrow-leaved Malletwood,Critically Endangered,Plants,1
-,Critically Endangered,Plants,1
Smooth Scrub Turpentine,Critically Endangered,Plants,2
"Scrub Turpentine, Brown Malletwood",Critically Endangered,Plants,2
Iron Malletwood,Endangered,Plants,1
White Malletwood,Endangered,Plants,1
Native Guava,Critically Endangered,Plants,2
-,Endangered,Plants,1
Glory of the Centre,Vulnerable,Plants,1
Barrens Wedding Bush,Endangered,Plants,1
Mount Donna Buang Wingless Stonefly,Critically Endangered,Invertebrates,1
-,Vulnerable,Plants,1
-,Vulnerable,Plants,1
Australian Painted Snipe,Endangered,Birds,7
Saltmat,Endangered,Plants,1
Heath Wrinklewort,Vulnerable,Plants,1
Monaro Golden Daisy,Vulnerable,Plants,1
Button Wrinklewort,Endangered,Plants,3
Feldmark Grass,Vulnerable,Plants,1
"Bare-rumped Sheath-tailed Bat, Bare-rumped Sheathtail Bat",Vulnerable,Mammals,3
Tasmanian Pearlwort,Endangered,Plants,1
Cape Melville Leaf-tail Gecko,Critically Endangered,Reptiles,1
Kate's Leaf-tail Gecko,Endangered,Reptiles,1
"New England Leaf-tailed Gecko, Moritz's Leaf-tailed Gecko",Endangered,Reptiles,1
Granite Leaf-tailed Gecko,Endangered,Reptiles,2
Quassia,Vulnerable,Plants,1
-,Endangered,Plants,1
-,Endangered,Plants,1
Fern-leaf Baeckea,Vulnerable,Plants,1
a shrub,Vulnerable,Plants,1
-,Critically Endangered,Plants,1
Ravine Orchid,Vulnerable,Plants,2
"Waxy Sarcochilus, Blue Knob Orchid",Vulnerable,Plants,2
-,Vulnerable,Plants,1
"Blotched Sarcochilus, Weinthals Sarcanth",Vulnerable,Plants,2
Tasmanian Devil,Endangered,Mammals,1
Large-flowered Scaevola,Critically Endangered,Plants,1
"Redfin Blue Eye, Redfin Blue-eye",Endangered,Fish,1
Mingenew Everlasting,Endangered,Plants,1
-,Vulnerable,Plants,1
Turnip Copperburr,Endangered,Plants,2
-,Vulnerable,Plants,1
Tallebudgera spikemoss,Vulnerable,Plants,2
a land snail,Endangered,Invertebrates,1
a daisy,Vulnerable,Plants,0
"Stiff Groundsel, Behr's Groundsel",Endangered,Plants,3
a daisy,Endangered,Plants,0
Grey Groundsel,Extinct,Plants,4
a daisy,Vulnerable,Plants,0
"Large-fruit Fireweed, Large-fruit Groundsel",Vulnerable,Plants,4
Superb Groundsel,Vulnerable,Plants,1
"Swamp Fireweed, Smooth-fruited Groundsel",Vulnerable,Plants,3
Fringed Fire-bush,Critically Endangered,Plants,1
Quokka,Vulnerable,Mammals,1
Bednall's Land Snail,Endangered,Invertebrates,1
Butler's Dunnart,Vulnerable,Mammals,2
Julia Creek Dunnart,Vulnerable,Mammals,1
Kangaroo Island Dunnart,Endangered,Mammals,1
Sandhill Dunnart,Endangered,Mammals,3
Bridal Flower,Extinct,Plants,1
-,Endangered,Plants,1
-,Vulnerable,Plants,1
Granite Nightshade,Endangered,Plants,1
-,Endangered,Plants,1
Menindee Nightshade,Vulnerable,Plants,3
Capella Potato Bush,Critically Endangered,Plants,1
-,Endangered,Plants,1
-,Vulnerable,Plants,2
Australian Humpback Dolphin,Vulnerable,Mammals,4
Grampians Globe-pea,Critically Endangered,Plants,1
Mountain Paper-heath,Endangered,Plants,1
Sunset Frog,Vulnerable,Frogs,1
Spiral Bush,Endangered,Plants,1
a grass,Endangered,Plants,1
Tiny Spyridium,Endangered,Plants,2
Butterfly Spyridium,Vulnerable,Plants,1
MacGillivray Spyridium,Vulnerable,Plants,1
Woods Well Spyridium,Critically Endangered,Plants,1
Forked Spyridium,Endangered,Plants,1
Small-leaf Spyridium,Endangered,Plants,1
Creeping Dusty Miller,Vulnerable,Plants,1
Three-flowered Stachystemon,Vulnerable,Plants,1
"Annual Stackhousia, Annual Candles",Vulnerable,Plants,2
"Western Beautiful Firetail, Beautiful Firetail (Mt Lofty Range and Kangaroo Island)",Endangered,Birds,1
Diamond Firetail,Vulnerable,Birds,5
"Spreading Stenanthemum, Propellor Plant",Vulnerable,Plants,1
"New Zealand Antarctic Tern, Antarctic Tern (New Zealand)",Endangered,Birds,1
Antarctic Tern (Indian Ocean),Vulnerable,Birds,0
Little Tern,Vulnerable,Birds,7
Australian Fairy Tern,Vulnerable,Birds,5
Opal Cling Goby,Critically Endangered,Fish,1
Kangaroo Island Southern Emu-wren,Endangered,Birds,1
"Fleurieu Peninsula Southern Emu-wren, Mount Lofty Southern Emu-wren",Endangered,Birds,1
"Southern Emu-wren (Eyre Peninsula), Eyre Peninsula Southern Emu-wren",Endangered,Birds,1
Mallee Emu-wren,Endangered,Birds,2
Clubmoss Bush-pea,Endangered,Plants,1
"Siah's Backbone, Sia's Backbone, Isaac Wood",Endangered,Plants,0
Black Currawong (King Island),Vulnerable,Birds,1
"Lord Howe Island Currawong, Pied Currawong (Lord Howe Island)",Vulnerable,Birds,1
Arnhem Phasmid Gecko,Vulnerable,Reptiles,1
-,Critically Endangered,Plants,1
Flat-leaved Triggerplant,Critically Endangered,Plants,1
Asymmetric Triggerplant,Endangered,Plants,1
-,Endangered,Plants,1
"Wongan Hills Triggerplant, Wongan Triggerplant",Endangered,Plants,1
a triggerplant,Endangered,Plants,1
Yellow Mountain Triggerplant,Vulnerable,Plants,1
-,Critically Endangered,Plants,1
-,Critically Endangered,Plants,1
-,Endangered,Plants,1
"Slender Darling-pea, Slender Swainson, Murray Swainson-pea",Vulnerable,Plants,4
"Red Darling-pea, Red Swainson-pea",Vulnerable,Plants,2
Yellow Swainson-pea,Vulnerable,Plants,3
"Small Purple-pea, Mountain Swainson-pea, Small Purple Pea",Endangered,Plants,3
Bancrofts Symonanthus,Endangered,Plants,1
"Small-leaved Hazelwood, Shrubby Hazelwood",Vulnerable,Plants,2
Quartz-loving Synaphea,Endangered,Plants,1
Selena's Synaphea,Critically Endangered,Plants,1
Club-leafed Synaphea,Critically Endangered,Plants,1
-,Endangered,Plants,1
-,Critically Endangered,Plants,1
Dwellingup Synaphea,Endangered,Plants,1
Golden Sun Moth,Vulnerable,Invertebrates,4
"Smooth-bark Rose Apple, Red Lilly Pilly",Vulnerable,Plants,2
"Rose Apple, Coolamon, Robby, Durobby, Watermelon Tree, Coolamon Rose Apple",Vulnerable,Plants,2
"Magenta Lilly Pilly, Magenta Cherry, Daguba, Scrub Cherry, Creek Lilly Pilly, Brush Cherry",Vulnerable,Plants,1
-,Vulnerable,Plants,1
Kangaroo Island Echidna,Endangered,Mammals,1
"Minute Orchid, Ribbon-root Orchid",Vulnerable,Plants,0
"Coast Dandelion, Native Dandelion",Vulnerable,Plants,4
-,Endangered,Plants,1
Fragrant Pepperbush,Vulnerable,Plants,1
"Sharp-snouted Day Frog, Sharp-snouted Torrent Frog",Extinct,Frogs,1
"Southern Day Frog, Mt Glorious Torrent Frog",Extinct,Frogs,1
Eungella Day Frog,Endangered,Frogs,1
"Kroombit Tinker Frog, Pleione's Torrent Frog",Critically Endangered,Frogs,1
Tinkling Frog,Critically Endangered,Frogs,1
Cave Fern,Endangered,Plants,1
Large-articled Samphire,Vulnerable,Plants,1
"Bead Glasswort, Bead Samphire",Vulnerable,Plants,3
Gibraltar Waratah,Endangered,Plants,1
-,Vulnerable,Plants,1
Southern Tetraria,Vulnerable,Plants,1
Bungalbin Tetratheca,Vulnerable,Plants,1
Granite Tetratheca,Endangered,Plants,1
Cronin's Tetratheca,Extinct,Plants,1
"Shy Pinkbells, Shy Susan",Critically Endangered,Plants,1
Jackson Tetratheca,Vulnerable,Plants,1
Black-eyed Susan,Vulnerable,Plants,1
-,Critically Endangered,Plants,1
Paynter's Tetratheca,Endangered,Plants,1
"Buller's Albatross, Pacific Albatross",Vulnerable,Birds,4
"Northern Buller's Albatross, Pacific Albatross",Vulnerable,Birds,4
Indian Yellow-nosed  Albatross,Vulnerable,Birds,4
Shy Albatross,Endangered,Birds,6
Grey-headed Albatross,Endangered,Birds,6
Chatham Albatross,Endangered,Birds,3
"Campbell Albatross, Campbell Black-browed Albatross",Vulnerable,Birds,6
Black-browed Albatross,Vulnerable,Birds,6
Salvin's Albatross,Vulnerable,Birds,6
White-capped Albatross,Vulnerable,Birds,6
Alpine Stonefly,Endangered,Invertebrates,1
Wyong Sun Orchid,Critically Endangered,Plants,1
"Blue Top Sun-orchid, Dark-tipped Sun-orchid",Critically Endangered,Plants,1
Cinnamon Sun Orchid,Endangered,Plants,1
Metallic Sun-orchid,Endangered,Plants,3
Blue Star Sun-orchid,Critically Endangered,Plants,1
Sky-blue Sun-orchid,Endangered,Plants,1
Kangaloon Sun Orchid,Critically Endangered,Plants,1
Brilliant Sun-orchid,Vulnerable,Plants,1
Spiral Sun-orchid,Endangered,Plants,2
Hoary Sun-orchid,Critically Endangered,Plants,2
Sandplain Sun-orchid,Vulnerable,Plants,1
Star Sun-orchid,Endangered,Plants,1
Queen of Sheba,Critically Endangered,Plants,1
Mitchell's Rainforest Snail,Critically Endangered,Invertebrates,1
"Austral Toadflax, Toadflax",Vulnerable,Plants,5
"Eastern Hooded Plover, Eastern Hooded Plover",Vulnerable,Birds,4
-,Endangered,Plants,1
Mt Holland Thomasia,Extinct,Plants,1
Sandplain Thomasia,Vulnerable,Plants,1
Hill Thomasia,Vulnerable,Plants,1
Green Hill Thomasia,Endangered,Plants,1
Mountain Thryptomene,Vulnerable,Plants,2
"Thylacine, Tasmanian Tiger",Extinct,Mammals,1
Red Handfish,Critically Endangered,Fish,1
Myrtle Elbow Orchid,Critically Endangered,Plants,1
"Pygmy Blue-tongue Lizard, Adelaide Blue-tongue Lizard",Endangered,Reptiles,1
Northern Blue-tongued Skink,Critically Endangered,Reptiles,3
-,Extinct,Invertebrates,1
Hanging Fork-fern,Vulnerable,Invertebrates,0
-,Endangered,Plants,1
a tree,Endangered,Plants,1
-,Vulnerable,Plants,1
Mountain Trachymene,Endangered,Plants,1
-,Extinct,Plants,1
Granite Pink,Vulnerable,Plants,1
Dwarf Yellow-heads,Vulnerable,Plants,1
Northern Brushtail Possum,Vulnerable,Mammals,2
"Common Greenshank, Greenshank",Endangered,Birds,8
Banksia brownii plant louse,Endangered,Invertebrates,1
-,Endangered,Plants,1
-,Vulnerable,Plants,1
Nowra Heath-myrtle,Endangered,Plants,1
Antbed Parrot Moth,Endangered,Invertebrates,1
Swan Hydatella,Endangered,Plants,1
Glossy Spice Bush,Endangered,Plants,1
Thin Feather Orchid,Vulnerable,Plants,1
Christmas Island Thrush,Endangered,Birds,0
"Grey-headed Blackbird, Norfolk Island Thrush",Extinct,Birds,0
"Lord Howe Thrush, Vinous-tinted Thrush",Extinct,Birds,1
Black-breasted Button-quail,Vulnerable,Birds,2
Buff-breasted Button-quail,Critically Endangered,Birds,1
Painted Button-quail (Houtman Abrolhos),Endangered,Birds,1
-,Endangered,Plants,2
-,Endangered,Plants,1
-,Endangered,Plants,2
Condamine Earless Dragon,Endangered,Reptiles,1
"Canberra Grassland Earless Dragon, Lined Earless Dragon",Critically Endangered,Reptiles,2
Bathurst Grassland Earless Dragon,Critically Endangered,Reptiles,1
Monaro Grassland Earless Dragon,Endangered,Reptiles,1
Victorian Grassland Earless Dragon,Critically Endangered,Reptiles,1
a herb,Endangered,Plants,1
a herb,Endangered,Plants,1
-,Endangered,Plants,1
-,Endangered,Plants,1
a herb,Endangered,Plants,1
Masked Owl (Tasmanian),Vulnerable,Birds,1
Masked Owl (northern),Vulnerable,Birds,3
"Tiwi Masked Owl, Tiwi Islands Masked Owl",Endangered,Birds,1
Bastard Oak,Vulnerable,Plants,0
"Howard River Toadlet, Davies's Toadlet",Vulnerable,Frogs,1
Mahony's Toadlet,Endangered,Frogs,1
Martin's Toadlet,Endangered,Frogs,2
Peach Myrtle,Endangered,Plants,1
"Border Thick-tailed Gecko, Granite Belt Thick-tailed Gecko",Vulnerable,Reptiles,2
Cape York Vanda,Vulnerable,Plants,1
Bennett's Seaweed,Extinct,Invertebrates,1
"Dwarf Butterfly Orchid, Cooktown Orchid",Endangered,Plants,1
Cooktown Orchid,Vulnerable,Plants,1
Mertens' Water Monitor,Endangered,Reptiles,3
Mitchell's Water Monitor,Critically Endangered,Reptiles,3
-,Vulnerable,Plants,1
Ciliolate Hebe,Vulnerable,Plants,1
Mount Lofty Speedwell,Critically Endangered,Plants,1
-,Endangered,Plants,1
Port Lincoln Speedwell,Endangered,Plants,1
White Featherflower,Endangered,Plants,1
"Hay River Featherflower, Scruffy Verticordia",Critically Endangered,Plants,1
Stirling Range Featherflower,Vulnerable,Plants,1
-,Vulnerable,Plants,1
Long-stalked Featherflower,Endangered,Plants,1
Southern Shy Featherflower,Vulnerable,Plants,1
Shy Featherflower,Endangered,Plants,1
Coast Featherflower,Vulnerable,Plants,1
Hughan's Featherflower,Endangered,Plants,1
"Little Pine Verticordia, Pine-like Featherflower",Endangered,Plants,1
Tufted Plumed Featherflower,Endangered,Plants,1
Vasse Featherflower,Endangered,Plants,1
Scaly-leaved Featherflower,Endangered,Plants,1
Wongan Featherflower,Endangered,Plants,1
Granite Featherflower,Endangered,Plants,1
Dwarf Violet,Endangered,Plants,3
Tonsil Orchid,Endangered,Plants,1
"Carter's Freshwater Mussel, Ambiguus Mussel",Vulnerable,Invertebrates,1
Whipstick Westringia,Endangered,Plants,1
Snowy River Westringia,Critically Endangered,Plants,1
-,Vulnerable,Plants,1
-,Endangered,Plants,1
-,Vulnerable,Plants,1
-,Vulnerable,Plants,2
Kurrajong,Critically Endangered,Plants,0
Wollemi Pine,Critically Endangered,Invertebrates,1
"Georges' Snapping Turtle, Bellinger River Sawshell Turtle, Georges Helmeted Turtle",Critically Endangered,Reptiles,1
Naturaliste Nancy,Endangered,Plants,1
Long-flowered Nancy,Endangered,Plants,1
Sand Grasstree,Vulnerable,Plants,1
Shiny Grasstree,Endangered,Plants,1
-,Endangered,Plants,1
"Penda, Southern Penda, Luya's Hardwood",Vulnerable,Plants,1
Terek Sandpiper,Vulnerable,Birds,7
"Swamp Everlasting, Swamp Paper Daisy",Vulnerable,Plants,3
"Water Mouse, False Water Rat, Yirrkoo",Vulnerable,Mammals,4
-,Endangered,Plants,1
-,Vulnerable,Plants,3
a shrub,Endangered,Plants,2
-,Endangered,Plants,1
Stirling Range Xyris,Critically Endangered,Plants,1
"Maugean Skate, Port Davey Skate",Endangered,Fish,1
"Native Cucumber, Giant Cucumber",Endangered,Plants,0
Kangaroo Island Assassin Spider,Critically Endangered,Invertebrates,1
Velvet Jewel Orchid,Vulnerable,Plants,1
Araluen Zieria,Critically Endangered,Plants,1
"Bomaderry Zieria, Bomaderry Creek Zieria",Endangered,Plants,1
-,Endangered,Plants,1
Box Range Zieria,Critically Endangered,Plants,1
Lemon-scented Zieria,Vulnerable,Plants,2
-,Vulnerable,Plants,1
Coveny's Zieria,Endangered,Plants,1
Banished Stink Bush,Critically Endangered,Plants,1
-,Endangered,Plants,1
Shapely Zieria,Endangered,Plants,1
"Hill Zieria, Hilly Zieria, Illawarra Zieria",Endangered,Plants,1
"Ingram's Zieria, Keith's Zieria",Endangered,Plants,1
-,Vulnerable,Plants,1
Willi Willi Zieria,Endangered,Plants,1
Velvet Zieria,Vulnerable,Plants,1
Granite Zieria,Endangered,Plants,1
-,Vulnerable,Plants,1
-,Critically Endangered,Plants,1
Parris's Zieria,Critically Endangered,Plants,1
Headland Zieria,Endangered,Plants,1
-,Vulnerable,Plants,1
Warty Zieria,Vulnerable,Plants,1
-,Vulnerable,Plants,1
"South Australian Bassian Thrush, Western Bassian Thrush",Endangered,Birds,1
"White-chested White-eye, Norfolk Island Silvereye",Extinct,Birds,0
Robust White-eye,Extinct,Birds,1
"Arnhem Rock-rat, Arnhem Land Rock-rat, Kodjperr",Vulnerable,Mammals,1
"Carpentarian Rock-rat, Aywalirroomoo",Endangered,Mammals,1
"Central Rock-rat, Antina",Critically Endangered,Mammals,2
