Common Name,Threatened status,Kingdom,Class,ACT,NSW,NT,QLD,SA,TAS,VIC,WA
Norfolk Island Abutilon,Critically Endangered,Plantae,Magnoliopsida,-,-,-,-,-,-,-,-
-,Vulnerable,Plantae,Magnoliopsida,-,-,-,Yes,-,-,-,-
"Grass Wattle, Chittering Grass Wattle",Vulnerable,Plantae,Magnoliopsida,-,-,-,-,-,-,-,Yes
Leafless Rock Wattle,Vulnerable,Plantae,Magnoliopsida,-,-,-,-,-,-,-,Yes
Blunt Wattle,Endangered,Plantae,Magnoliopsida,-,-,-,-,-,-,-,Yes
"Spidery Wattle, Balcanoona Wattle",Vulnerable,Plantae,Magnoliopsida,-,-,-,-,Yes,-,-,-
Watheroo Wattle,Endangered,Plantae,Magnoliopsida,-,-,-,-,-,-,-,Yes
Large-fruited Tammin Wattle,Endangered,Plantae,Magnoliopsida,-,-,-,-,-,-,-,Yes
Myall Creek Wattle,Critically Endangered,Plantae,Magnoliopsida,-,Yes,-,-,-,-,-,-
-,Vulnerable,Plantae,Magnoliopsida,-,-,-,Yes,-,-,-,-
Orange-flowered Wattle,Endangered,Plantae,Magnoliopsida,-,-,-,-,-,-,-,Yes
Stirling Range Wattle,Vulnerable,Plantae,Magnoliopsida,-,-,-,-,-,-,-,Yes
"Midlands Mimosa, Midlands Wattle",Vulnerable,Plantae,Magnoliopsida,-,-,-,-,-,Yes,-,-
-,Endangered,Plantae,Magnoliopsida,-,Yes,-,-,-,-,-,-
Blay's Wattle,Critically Endangered,Plantae,Magnoliopsida,-,Yes,-,-,-,-,-,-
Western Wheatbelt Wattle,Endangered,Plantae,Magnoliopsida,-,-,-,-,-,-,-,Yes
"Bynoe's Wattle, Tiny Wattle",Vulnerable,Plantae,Magnoliopsida,-,Yes,-,-,-,-,-,-
"Limestone Blue Wattle, Buchan Blue, Buchan Blue Wattle",Vulnerable,Plantae,Magnoliopsida,-,-,-,-,-,-,Yes,-
"Needle Wattle, Dead Finish, Purple-wood Wattle",Vulnerable,Plantae,Magnoliopsida,-,Yes,-,-,Yes,-,-,-
-,Endangered,Plantae,Magnoliopsida,-,-,-,-,-,-,-,Yes
Spiral-fruited Wattle,Endangered,Plantae,Magnoliopsida,-,-,-,-,-,-,-,Yes
Velvety Spiral Pod Wattle,Critically Endangered,Plantae,Magnoliopsida,-,-,-,-,-,-,-,Yes
Narrabarba Wattle,Critically Endangered,Plantae,Magnoliopsida,-,Yes,-,-,-,-,-,-
"Three Brothers Wattle, Brother Wattle, Northern Brother Wattle",Endangered,Plantae,Magnoliopsida,-,Yes,-,-,-,-,-,-
Chalky Wattle,Endangered,Plantae,Magnoliopsida,-,-,-,-,Yes,-,-,-
Pink Gidgee,Vulnerable,Plantae,Magnoliopsida,-,-,-,Yes,-,-,-,-
Curly-bark Wattle,Vulnerable,Plantae,Magnoliopsida,-,Yes,-,Yes,-,-,-,-
-,Critically Endangered,Plantae,Magnoliopsida,-,Yes,-,-,-,-,-,-
Sandpaper Wattle,Vulnerable,Plantae,Magnoliopsida,-,-,-,-,-,-,-,Yes
Echidna Wattle,Vulnerable,Plantae,Magnoliopsida,-,-,-,-,-,-,-,Yes
-,Vulnerable,Plantae,Magnoliopsida,-,-,-,Yes,-,-,-,-
Jumping-jack Wattle,Endangered,Plantae,Magnoliopsida,-,-,-,-,Yes,-,Yes,-
a shrub,Critically Endangered,Plantae,Magnoliopsida,-,-,Yes,-,-,-,-,-
-,Vulnerable,Plantae,Magnoliopsida,-,-,-,Yes,-,-,-,-
Flockton Wattle,Vulnerable,Plantae,Magnoliopsida,-,Yes,-,-,-,-,-,-
Forest's Wattle,Vulnerable,Plantae,Magnoliopsida,-,-,-,-,-,-,-,Yes
-,Critically Endangered,Plantae,Magnoliopsida,-,-,-,Yes,-,-,-,-
Bega Wattle,Vulnerable,Plantae,Magnoliopsida,-,Yes,-,-,-,-,-,-
Hairy-pod Wattle,Vulnerable,Plantae,Magnoliopsida,-,-,-,-,Yes,-,Yes,-
-,Endangered,Plantae,Magnoliopsida,-,Yes,-,-,-,-,-,-
-,Vulnerable,Plantae,Magnoliopsida,-,-,-,Yes,-,-,-,-
"Hando's Wattle, Percy Grant Wattle",Vulnerable,Plantae,Magnoliopsida,-,-,-,Yes,-,-,-,-
Gibson Wattle,Endangered,Plantae,Magnoliopsida,-,-,-,-,-,-,-,Yes
Yornaning Wattle,Endangered,Plantae,Magnoliopsida,-,-,-,-,-,-,-,Yes
-,Extinct,Plantae,Magnoliopsida,-,-,-,-,-,-,-,Yes
-,Endangered,Plantae,Magnoliopsida,-,Yes,-,-,-,-,Yes,-
Woolly Wattle,Endangered,Plantae,Magnoliopsida,-,-,-,-,-,-,-,Yes
Latz's Wattle,Vulnerable,Plantae,Magnoliopsida,-,-,Yes,-,Yes,-,-,-
Tara Wattle,Vulnerable,Plantae,Magnoliopsida,-,-,-,Yes,-,-,-,-
Chinocup Wattle,Endangered,Plantae,Magnoliopsida,-,-,-,-,-,-,-,Yes
-,Critically Endangered,Plantae,Magnoliopsida,-,-,-,-,-,-,-,Yes
Chiddarcooping Wattle,Endangered,Plantae,Magnoliopsida,-,-,-,-,-,-,-,Yes
Girringun wattle,Critically Endangered,Plantae,Magnoliopsida,-,-,-,Yes,-,-,-,-
McNutt's Wattle,Vulnerable,Plantae,Magnoliopsida,-,Yes,-,-,-,-,-,-
-,Endangered,Plantae,Magnoliopsida,-,Yes,-,-,-,-,-,-
Menzel's Wattle,Vulnerable,Plantae,Magnoliopsida,-,-,-,-,Yes,-,-,-
"Waddy, Waddi, Waddy-wood, Birdsville Wattle",Vulnerable,Plantae,Magnoliopsida,-,-,Yes,Yes,Yes,-,-,-
Wongan Gully Wattle,Endangered,Plantae,Magnoliopsida,-,-,-,-,-,-,-,Yes
Phantom Wattle,Vulnerable,Plantae,Magnoliopsida,-,Yes,-,-,-,-,Yes,-
Birds Nest Wattle,Vulnerable,Plantae,Magnoliopsida,-,-,Yes,-,Yes,-,-,-
"Fat-leaved Wattle,  Fat-leaf Wattle",Endangered,Plantae,Magnoliopsida,-,-,-,-,Yes,-,-,-
-,Endangered,Plantae,Magnoliopsida,-,-,-,Yes,-,-,-,-
Senna Wattle,Vulnerable,Plantae,Magnoliopsida,-,-,-,-,Yes,-,-,-
a shrub,Vulnerable,Plantae,Magnoliopsida,-,-,Yes,-,-,-,-,-
Diels' Wattle,Critically Endangered,Plantae,Magnoliopsida,-,-,-,-,-,-,-,Yes
"Downy Wattle, Hairy Stemmed Wattle",Vulnerable,Plantae,Magnoliopsida,-,Yes,-,-,-,-,-,-
Velvet Wattle,Endangered,Plantae,Magnoliopsida,-,Yes,-,Yes,-,-,-,-
Purple-flowered Wattle,Critically Endangered,Plantae,Magnoliopsida,-,-,-,Yes,-,-,-,-
Bolivia Wattle,Vulnerable,Plantae,Magnoliopsida,-,Yes,-,-,-,-,-,-
Dwarf Rock Wattle,Endangered,Plantae,Magnoliopsida,-,-,-,-,-,-,-,Yes
Recurved Wattle,Endangered,Plantae,Magnoliopsida,-,-,-,-,-,-,-,Yes
Kundip Wattle,Endangered,Plantae,Magnoliopsida,-,-,-,-,-,-,-,Yes
"Neat Wattle, Resin Wattle (SA)",Vulnerable,Plantae,Magnoliopsida,-,-,-,-,Yes,-,-,-
Rupp's Wattle,Endangered,Plantae,Magnoliopsida,-,Yes,-,Yes,-,-,-,-
"Wundowlin Wattle, Ghost Wattle",Endangered,Plantae,Magnoliopsida,-,-,-,-,-,-,-,Yes
Spiller's Wattle,Endangered,Plantae,Magnoliopsida,-,-,-,-,Yes,-,-,-
"Splendid Wattle, Dandaragan Wattle",Endangered,Plantae,Magnoliopsida,-,-,-,-,-,-,-,Yes
Hairy-stemmed Zig-Zag Wattle,Endangered,Plantae,Magnoliopsida,-,-,-,-,-,-,-,Yes
Sunshine Wattle (Sydney region),Endangered,Plantae,Magnoliopsida,-,Yes,-,-,-,-,-,-
"Undoolya Wattle, Sickle-leaf Wattle",Vulnerable,Plantae,Magnoliopsida,-,-,Yes,-,-,-,-,-
a shrub,Critically Endangered,Plantae,Magnoliopsida,-,-,-,-,-,-,-,Yes
Vassal's Wattle,Endangered,Plantae,Magnoliopsida,-,-,-,-,-,-,-,Yes
"Tangled Wattle, Tangle Wattle",Endangered,Plantae,Magnoliopsida,-,-,-,-,-,-,-,Yes
"Whibley Wattle, Whibley's Wattle",Endangered,Plantae,Magnoliopsida,-,-,-,-,Yes,-,-,-
Wilson's Wattle,Endangered,Plantae,Magnoliopsida,-,-,-,-,-,-,-,Yes
Woodman's Wattle,Endangered,Plantae,Magnoliopsida,-,-,-,-,-,-,-,Yes
Slender-billed Thornbill (Gulf St Vincent),Vulnerable,Animalia,Aves,-,-,-,-,Yes,-,-,-
Kangaroo Island Striated Thornbill,Vulnerable,Animalia,Aves,-,-,-,-,Yes,-,-,-
"King Island Brown Thornbill, Brown Thornbill (King Island)",Endangered,Animalia,Aves,-,-,-,-,-,Yes,-,-
"Spiny Everlasting, Spiny Daisy",Critically Endangered,Plantae,Magnoliopsida,-,Yes,-,-,Yes,-,-,-
Plains Death Adder,Vulnerable,Animalia,Reptilia,-,-,Yes,Yes,-,-,-,Yes
"King Island Scrubtit, Scrubtit (King Island)",Critically Endangered,Animalia,Aves,-,-,-,-,-,Yes,-,-
Christmas Island Goshawk,Endangered,Animalia,Aves,-,-,-,-,-,-,-,-
"Chaff Tree, Soft-wood",Critically Endangered,Plantae,Magnoliopsida,-,-,-,-,-,-,-,-
Phillip Island Chaffy Tree,Critically Endangered,Plantae,Magnoliopsida,-,-,-,-,-,-,-,-
-,Extinct,Plantae,Liliopsida,-,-,-,Yes,-,-,-,-
Pale Chandelier Orchid,Vulnerable,Plantae,Liliopsida,-,-,-,Yes,-,-,-,-
Scented Acronychia,Endangered,Plantae,Magnoliopsida,-,Yes,-,Yes,-,-,-,-
-,Vulnerable,Plantae,Magnoliopsida,-,Yes,-,-,-,-,-,-
-,Vulnerable,Plantae,Magnoliopsida,-,-,-,Yes,-,-,-,-
Desert Flannel-flower,Vulnerable,Plantae,Magnoliopsida,-,-,Yes,-,-,-,-,-
Brigalow Woodland Snail,Endangered,Animalia,Gastropoda,-,-,-,Yes,-,-,-,-
"Boggomoss Snail, Dawson River Snail, Dawson Valley Snail",Critically Endangered,Animalia,Gastropoda,-,-,-,Yes,-,-,-,-
Dulacca Woodland Snail,Endangered,Animalia,Gastropoda,-,-,-,Yes,-,-,-,-
Fitzgerald Woollybush,Endangered,Plantae,Magnoliopsida,-,-,-,-,-,-,-,Yes
Oval-leaf Adenanthos,Vulnerable,Plantae,Magnoliopsida,-,-,-,-,-,-,-,Yes
Toolinna Adenanthos,Endangered,Plantae,Magnoliopsida,-,-,-,-,-,-,-,Yes
Sprawling Spiky Adenanthos,Endangered,Plantae,Magnoliopsida,-,-,-,-,-,-,-,Yes
Spiky Adenanthos,Vulnerable,Plantae,Magnoliopsida,-,-,-,-,-,-,-,Yes
Velvet Woollybush,Endangered,Plantae,Magnoliopsida,-,-,-,-,-,-,-,Yes
Campbell's Keeled Glass-snail,Critically Endangered,Animalia,Gastropoda,-,-,-,-,-,-,-,-
"Short-nosed Sea Snake, Short-nosed Seasnake",Critically Endangered,Animalia,Reptilia,-,-,-,-,-,-,-,Yes
"Leaf-scaled Sea Snake, Leaf-scaled Seasnake",Critically Endangered,Animalia,Reptilia,-,-,-,-,-,-,-,Yes
Dusky Sea Snake,Endangered,Animalia,Reptilia,-,-,-,-,-,-,-,Yes
Isis Tamarind,Endangered,Plantae,Magnoliopsida,-,-,-,Yes,-,-,-,-
Dwarf Heath Casuarina,Endangered,Plantae,Magnoliopsida,-,Yes,-,-,-,-,-,-
"Emu Mountain Sheoak, Mt Emu She-oak",Endangered,Plantae,Magnoliopsida,-,-,-,Yes,-,-,-,-
Woolly Sheoak,Vulnerable,Plantae,Magnoliopsida,-,-,-,-,-,-,-,Yes
-,Endangered,Plantae,Magnoliopsida,-,Yes,-,-,-,-,-,-
Nielsen Park She-oak,Endangered,Plantae,Magnoliopsida,-,Yes,-,-,-,-,-,-
Mount Compass Oak-bush,Endangered,Plantae,Magnoliopsida,-,-,-,-,Yes,-,-,-
Nabiac Casuarina,Vulnerable,Plantae,Magnoliopsida,-,Yes,-,-,-,-,-,-
-,Endangered,Plantae,Magnoliopsida,-,Yes,-,Yes,-,-,-,-
Twisted Sheoak,Vulnerable,Plantae,Magnoliopsida,-,-,-,-,-,-,-,Yes
"Red Silky Oak, Queensland Waratah, Tree Waratah",Vulnerable,Plantae,Magnoliopsida,-,-,-,Yes,-,-,-,-
Torrington Pea,Endangered,Plantae,Magnoliopsida,-,Yes,-,Yes,-,-,-,-
Yass Daisy,Vulnerable,Plantae,Magnoliopsida,Yes,Yes,-,-,-,-,-,-
Ammonite Pinwheel Snail,Critically Endangered,Animalia,Gastropoda,-,-,-,-,-,Yes,-,-
-,Extinct,Plantae,Magnoliopsida,-,Yes,-,-,-,-,-,-
"River Swamp Wallaby-grass, Floating Swamp Wallaby-grass",Vulnerable,Plantae,Liliopsida,-,Yes,-,-,Yes,Yes,Yes,-
-,Extinct,Plantae,Liliopsida,-,-,-,Yes,-,-,-,-
"Whitesnout Anemonefish, McCulloch's Anemonefish",Critically Endangered,Animalia,Actinopterygii,-,Yes,-,-,-,-,-,-
-,Endangered,Plantae,Magnoliopsida,-,Yes,-,Yes,-,-,-,-
"Bulloo Grey Grasswren, Grey Grasswren (Bulloo)",Endangered,Animalia,Aves,-,Yes,-,Yes,Yes,-,-,-
Carpentarian Grasswren,Endangered,Animalia,Aves,-,-,Yes,Yes,-,-,-,-
Short-tailed Grasswren (Flinders Ranges),Vulnerable,Animalia,Aves,-,-,-,-,Yes,-,-,-
"Gawler Ranges Short-tailed Grasswren, Short-tailed Grasswren (Gawler Ranges)",Endangered,Animalia,Aves,-,-,-,-,Yes,-,-,-
Thick-billed Grasswren,Vulnerable,Animalia,Aves,-,Yes,Yes,-,Yes,-,-,-
"Grey Range Thick-billed Grasswren, Thick-billed Grasswren (north-west NSW)",Critically Endangered,Animalia,Aves,-,Yes,-,-,-,-,-,-
"Murray Mallee Striated Grasswren, Striated Grasswren (sandplain)",Endangered,Animalia,Aves,-,Yes,-,-,Yes,-,Yes,-
"Mukarrthippi Grasswren, Striated Grasswren (sandplain)",Critically Endangered,Animalia,Aves,-,Yes,-,-,-,-,-,-
Western Grasswren (Gawler Ranges),Vulnerable,Animalia,Aves,-,-,-,-,Yes,-,-,-
"White-throated Grasswren, Yirlinkirrkirr",Vulnerable,Animalia,Aves,-,-,Yes,-,-,-,-,-
-,Critically Endangered,Plantae,Magnoliopsida,-,-,-,-,-,-,-,Yes
Giant Andersonia,Critically Endangered,Plantae,Magnoliopsida,-,-,-,-,-,-,-,Yes
Slender Andersonia,Endangered,Plantae,Magnoliopsida,-,-,-,-,-,-,-,Yes
Two Peoples Bay Andersonia,Vulnerable,Plantae,Magnoliopsida,-,-,-,-,-,-,-,Yes
-,Critically Endangered,Plantae,Magnoliopsida,-,-,-,-,-,-,-,Yes
-,Critically Endangered,Plantae,Magnoliopsida,-,-,-,Yes,-,-,-,-
Straggling Androcalva,Critically Endangered,Plantae,Magnoliopsida,-,-,-,-,-,-,-,Yes
-,Critically Endangered,Plantae,Magnoliopsida,-,-,-,Yes,-,-,-,-
Headland Commersonia,Critically Endangered,Plantae,Magnoliopsida,-,-,-,Yes,-,-,-,-
Pearl-like Androcalva,Endangered,Plantae,Magnoliopsida,-,-,-,-,-,-,-,Yes
-,Vulnerable,Plantae,Magnoliopsida,-,Yes,-,-,-,-,-,-
Sandy Hollow Commersonia,Endangered,Plantae,Magnoliopsida,-,Yes,-,-,-,-,-,-
Charmhaven Apple,Vulnerable,Plantae,Magnoliopsida,-,Yes,-,-,-,-,-,-
Sandstone Rough-barked Apple,Vulnerable,Plantae,Magnoliopsida,-,Yes,-,-,-,-,-,-
"Little Kangaroo Paw, Two-coloured Kangaroo Paw, Small Two-colour Kangaroo Paw",Endangered,Plantae,Liliopsida,-,-,-,-,-,-,-,Yes
Dwarf Green Kangaroo Paw,Vulnerable,Plantae,Liliopsida,-,-,-,-,-,-,-,Yes
Fassifern Blind Snake,Critically Endangered,Animalia,Reptilia,-,-,-,Yes,-,-,-,-
"Five-clawed Worm-skink, Long-legged Worm-skink",Vulnerable,Animalia,Reptilia,-,Yes,-,Yes,-,-,-,-
Australian Lesser Noddy,Vulnerable,Animalia,Aves,-,-,-,-,-,-,-,Yes
Silver-headed Antechinus,Endangered,Animalia,Mammalia,-,-,-,Yes,-,-,-,-
Black-tailed Antechinus,Endangered,Animalia,Mammalia,-,Yes,-,Yes,-,-,-,-
Fawn Antechinus,Vulnerable,Animalia,Mammalia,-,-,Yes,-,-,-,-,-
Swamp Antechinus (mainland),Vulnerable,Animalia,Mammalia,-,-,-,-,Yes,-,Yes,-
Slender Tailflower,Vulnerable,Plantae,Magnoliopsida,-,-,-,-,-,-,-,Yes
Kangaroo Island Little Wattlebird,Vulnerable,Animalia,Aves,-,-,-,-,Yes,-,-,-
Regent Honeyeater,Critically Endangered,Animalia,Aves,Yes,Yes,-,Yes,Yes,-,Yes,-
Phillip Island Wheat Grass,Critically Endangered,Plantae,Liliopsida,-,Yes,-,-,-,-,-,-
"Tasmanian Chaostola Skipper, Heath-sand Skipper",Endangered,Animalia,Insecta,-,-,-,-,-,Yes,-,-
"Border Ranges Lined Fern, Lamington Ox Tongue Fern",Critically Endangered,Plantae,Polypodiatae,-,Yes,-,Yes,-,-,-,-
-,Vulnerable,Plantae,Magnoliopsida,-,-,-,Yes,-,-,-,-
Southern Whiteface,Vulnerable,Animalia,Aves,Yes,Yes,Yes,Yes,Yes,-,Yes,Yes
"Fine-leaved Apium, Porongurup Celery",Vulnerable,Plantae,Magnoliopsida,-,-,-,-,-,-,-,Yes
Tasman Starling,Extinct,Animalia,Aves,-,Yes,-,-,-,-,-,-
-,Endangered,Plantae,Liliopsida,-,-,-,Yes,-,-,-,-
an aquatic herb,Endangered,Plantae,Liliopsida,-,-,-,Yes,-,-,-,-
"Eared Worm-lizard, Mallee Worm-lizard",Endangered,Animalia,Reptilia,-,-,-,-,Yes,-,Yes,-
"Pink-tailed Worm-lizard, Pink-tailed Legless Lizard",Vulnerable,Animalia,Reptilia,Yes,Yes,-,-,-,-,Yes,-
Flinders Ranges Worm-lizard,Vulnerable,Animalia,Reptilia,-,-,-,-,Yes,-,-,-
"Tasmanian Wedge-tailed Eagle, Wedge-tailed Eagle (Tasmanian)",Endangered,Animalia,Aves,-,-,-,-,-,Yes,-,-
"Bacon Wood, Tulip Siris",Vulnerable,Plantae,Magnoliopsida,-,-,-,Yes,-,-,-,-
"Myola Palm, Myola Archontophoenix",Endangered,Plantae,Liliopsida,-,-,-,Yes,-,-,-,-
Subantarctic Fur-seal,Endangered,Animalia,Mammalia,-,-,-,-,-,Yes,-,-
Sooty Shearwater,Vulnerable,Animalia,Aves,-,Yes,-,Yes,Yes,Yes,Yes,Yes
Ruddy Turnstone,Vulnerable,Animalia,Aves,-,Yes,Yes,Yes,Yes,Yes,Yes,Yes
Australian Fritillary,Critically Endangered,Animalia,Insecta,-,Yes,-,Yes,-,-,-,-
Shining Cudweed,Vulnerable,Plantae,Magnoliopsida,-,Yes,-,-,-,Yes,Yes,-
-,Vulnerable,Plantae,Liliopsida,-,-,-,Yes,-,-,-,-
-,Endangered,Plantae,Liliopsida,-,-,-,Yes,-,-,-,-
Thompson's wiregrass,Endangered,Plantae,Liliopsida,-,-,-,Yes,-,-,-,-
Hairy-joint Grass,Vulnerable,Plantae,Liliopsida,-,Yes,-,Yes,-,-,-,-
Trailing Woodruff,Vulnerable,Plantae,Magnoliopsida,-,Yes,-,-,-,-,-,-
Kangaroo Island Woodruff,Vulnerable,Plantae,Magnoliopsida,-,-,-,-,Yes,-,-,-
Maidenhair Spleenwort,Vulnerable,Plantae,Polypodiatae,-,-,-,-,-,Yes,Yes,-
Christmas Island Spleenwort,Critically Endangered,Plantae,Polypodiatae,-,-,-,-,-,-,-,-
-,Vulnerable,Plantae,Polypodiatae,-,-,-,Yes,-,-,-,-
-,Vulnerable,Plantae,Polypodiatae,-,-,-,Yes,-,-,-,-
Pouched Frog,Vulnerable,Animalia,Amphibia,-,Yes,-,Yes,-,-,-,-
"Mount Wollumbin Hip-pocket Frog, Wollumbin Pouched Frog",Critically Endangered,Animalia,Amphibia,-,Yes,-,-,-,-,-,-
"Giant Freshwater Crayfish, Tasmanian Giant Freshwater Lobster",Vulnerable,Animalia,Malacostraca,-,-,-,-,-,Yes,-,-
Tall Astelia,Vulnerable,Plantae,Liliopsida,-,-,-,-,-,-,Yes,-
White Star-bush,Critically Endangered,Plantae,Magnoliopsida,-,-,-,-,-,-,Yes,-
Dungowan Starbush,Critically Endangered,Plantae,Magnoliopsida,-,Yes,-,-,-,-,-,-
-,Critically Endangered,Plantae,Magnoliopsida,-,Yes,-,-,-,-,-,-
-,Endangered,Plantae,Magnoliopsida,-,Yes,-,-,-,-,-,-
Bindoon Starbush,Vulnerable,Plantae,Magnoliopsida,-,-,-,-,-,-,-,Yes
Downy Star-bush,Vulnerable,Plantae,Magnoliopsida,-,-,-,-,Yes,-,Yes,-
Thick-leaf Star-hair,Vulnerable,Plantae,Magnoliopsida,-,Yes,-,-,-,-,-,-
-,Endangered,Plantae,Magnoliopsida,-,Yes,-,Yes,-,-,-,-
Long-leaf Star-hair,Critically Endangered,Plantae,Magnoliopsida,-,Yes,-,-,-,-,Yes,-
Wingan Star-hair,Endangered,Plantae,Magnoliopsida,-,-,-,-,-,-,Yes,-
-,Critically Endangered,Plantae,Magnoliopsida,-,-,Yes,-,-,-,-,-
Yarwun Whitewood,Endangered,Plantae,Magnoliopsida,-,-,-,Yes,-,-,-,-
"Noisy Scrub-bird, Tjimiluk",Endangered,Animalia,Aves,-,-,-,-,-,-,-,Yes
Rufous Scrub-bird,Endangered,Animalia,Aves,-,Yes,-,Yes,-,-,-,-
-,Vulnerable,Plantae,Magnoliopsida,-,Yes,-,-,-,-,-,-
-,Endangered,Plantae,Magnoliopsida,-,-,-,-,-,-,-,Yes
"Lyon's Grassland Striped Skink, Lyon's Snake-eyed Skink",Critically Endangered,Animalia,Reptilia,-,-,-,Yes,-,-,-,-
Sydney Hawk Dragonfly,Endangered,Animalia,Insecta,-,Yes,-,-,-,-,-,-
-,Endangered,Plantae,Liliopsida,-,-,-,-,-,-,-,Yes
-,Critically Endangered,Plantae,Liliopsida,-,-,-,-,-,-,-,Yes
-,Vulnerable,Plantae,Liliopsida,-,Yes,-,-,Yes,-,Yes,-
-,Endangered,Plantae,Liliopsida,-,Yes,-,-,-,-,Yes,-
"Macquarie Azorella, Macquarie Cushions",Critically Endangered,Plantae,Magnoliopsida,-,-,-,-,-,Yes,-,-
-,Critically Endangered,Plantae,Magnoliopsida,-,-,-,Yes,-,-,-,-
a shrub,Endangered,Plantae,Magnoliopsida,-,Yes,-,-,-,-,-,-
Sei Whale,Vulnerable,Animalia,Mammalia,-,Yes,-,Yes,Yes,Yes,Yes,Yes
Blue Whale,Endangered,Animalia,Mammalia,-,Yes,Yes,Yes,Yes,Yes,Yes,Yes
Fin Whale,Vulnerable,Animalia,Mammalia,-,Yes,-,Yes,Yes,Yes,Yes,Yes
Southern Shepherd's Purse,Endangered,Plantae,Magnoliopsida,-,-,-,-,-,Yes,Yes,-
"Marbled Balogia, Jointed Baloghia",Vulnerable,Plantae,Magnoliopsida,-,Yes,-,Yes,-,-,-,-
Dense Cord-rush,Vulnerable,Plantae,Liliopsida,-,Yes,-,-,-,-,-,-
Cactus Dryandra,Critically Endangered,Plantae,Magnoliopsida,-,-,-,-,-,-,-,Yes
Orange Dryandra,Critically Endangered,Plantae,Magnoliopsida,-,-,-,-,-,-,-,Yes
"Brown's Banksia, Feather-leaved Banksia",Critically Endangered,Plantae,Magnoliopsida,-,-,-,-,-,-,-,Yes
-,Vulnerable,Plantae,Magnoliopsida,-,-,-,-,-,-,-,Yes
"Matchstick Banksia, Quairading Banksia",Endangered,Plantae,Magnoliopsida,-,-,-,-,-,-,-,Yes
Dark-bract Banksia,Critically Endangered,Plantae,Magnoliopsida,-,-,-,-,-,-,-,Yes
Good's Banksia,Vulnerable,Plantae,Magnoliopsida,-,-,-,-,-,-,-,Yes
Kamballup Dryandra,Endangered,Plantae,Magnoliopsida,-,-,-,-,-,-,-,Yes
Summer Honeypot,Endangered,Plantae,Magnoliopsida,-,-,-,-,-,-,-,Yes
Stirling Range Dryandra,Critically Endangered,Plantae,Magnoliopsida,-,-,-,-,-,-,-,Yes
Swamp Honeypot,Endangered,Plantae,Magnoliopsida,-,-,-,-,-,-,-,Yes
Wagin Banksia,Endangered,Plantae,Magnoliopsida,-,-,-,-,-,-,-,Yes
a banksia,Critically Endangered,Plantae,Magnoliopsida,-,Yes,-,-,-,-,-,-
a banksia,Endangered,Plantae,Magnoliopsida,-,Yes,-,-,-,-,-,-
False Plumed-Banksia,Endangered,Plantae,Magnoliopsida,-,-,-,-,-,-,-,Yes
-,Endangered,Plantae,Magnoliopsida,-,-,-,-,-,-,-,Yes
Northern Serrate Dryandra,Critically Endangered,Plantae,Magnoliopsida,-,-,-,-,-,-,-,Yes
Southern Serrate Dryandra,Vulnerable,Plantae,Magnoliopsida,-,-,-,-,-,-,-,Yes
"Ironcaps Banksia, Ironcap Banksia",Vulnerable,Plantae,Magnoliopsida,-,-,-,-,-,-,-,Yes
Whicher Range Dryandra,Vulnerable,Plantae,Magnoliopsida,-,-,-,-,-,-,-,Yes
"Granite Banksia, Albany Banksia, River Banksia",Vulnerable,Plantae,Magnoliopsida,-,-,-,-,-,-,-,Yes
-,Critically Endangered,Plantae,Magnoliopsida,-,Yes,-,-,-,-,-,-
"Native Wintercress, Riverbed Wintercress",Endangered,Plantae,Magnoliopsida,-,-,-,-,-,Yes,-,-
Arnhem Land Egernia,Endangered,Animalia,Reptilia,-,-,Yes,-,-,-,-,-
Eastern Stirling Range Pygmy Trapdoor Spider,Vulnerable,Animalia,Arachnida,-,-,-,-,-,-,-,Yes
Tingle Pygmy Trapdoor Spider,Endangered,Animalia,Arachnida,-,-,-,-,-,-,-,Yes
a shrub,Vulnerable,Plantae,Magnoliopsida,-,-,-,Yes,-,-,-,-
Mt Ernest Bertya,Vulnerable,Plantae,Magnoliopsida,-,-,-,Yes,-,-,-,-
a shrub,Endangered,Plantae,Magnoliopsida,-,-,-,Yes,-,-,-,-
a shrub,Endangered,Plantae,Magnoliopsida,-,Yes,-,-,-,-,-,-
-,Endangered,Plantae,Magnoliopsida,-,Yes,-,-,-,-,-,-
-,Vulnerable,Plantae,Magnoliopsida,-,Yes,-,Yes,-,-,-,-
a shrub,Vulnerable,Plantae,Magnoliopsida,-,Yes,-,Yes,-,-,-,-
-,Endangered,Plantae,Magnoliopsida,-,Yes,-,-,-,-,-,-
Tasmanian Bertya,Endangered,Plantae,Magnoliopsida,-,-,-,-,-,Yes,-,-
Desert Bettong,Extinct,Animalia,Mammalia,-,-,Yes,-,-,-,-,Yes
"Eastern Bettong (mainland), Eastern Rat-kangaroo",Extinct,Animalia,Mammalia,-,Yes,-,Yes,Yes,-,Yes,-
"Boodie, Burrowing Bettong (Barrow and Boodie Islands)",Vulnerable,Animalia,Mammalia,-,-,-,-,-,-,-,Yes
"Boodie (inland), Burrowing Bettong (inland)",Extinct,Animalia,Mammalia,-,Yes,Yes,Yes,Yes,-,-,Yes
"Burrowing Bettong (Shark Bay), Boodie",Vulnerable,Animalia,Mammalia,-,Yes,-,-,Yes,-,-,Yes
Woylie,Endangered,Animalia,Mammalia,-,Yes,-,-,Yes,-,-,Yes
"Brush-tailed Bettong (central and south-east), Brush-tailed Bettong (south-east mainland)",Extinct,Animalia,Mammalia,-,Yes,Yes,Yes,Yes,-,Yes,Yes
Nullarbor Dwarf Bettong,Extinct,Animalia,Mammalia,-,-,-,-,Yes,-,-,Yes
Northern Bettong,Endangered,Animalia,Mammalia,-,Yes,-,Yes,-,-,-,-
"Small-petalled Beyeria, Short-petalled Beyeria",Endangered,Plantae,Magnoliopsida,-,-,-,-,-,-,-,Yes
Kangaroo Island Turpentine Bush,Vulnerable,Plantae,Magnoliopsida,-,-,-,-,Yes,-,-,-
"Silver Perch, Bidyan",Endangered,Animalia,Actinopterygii,Yes,Yes,-,Yes,Yes,-,Yes,-
Norfolk Island Water-fern,Endangered,Plantae,Polypodiatae,-,-,-,-,-,-,-,-
"Tree Nettle, Nettletree",Critically Endangered,Plantae,Magnoliopsida,-,-,-,-,-,-,-,-
Barbalin Boronia,Vulnerable,Plantae,Magnoliopsida,-,-,-,-,-,-,-,Yes
-,Critically Endangered,Plantae,Magnoliopsida,-,Yes,-,-,-,-,-,-
a shrub,Endangered,Plantae,Magnoliopsida,-,-,-,-,-,-,-,Yes
Bremer Boronia,Endangered,Plantae,Magnoliopsida,-,-,-,-,-,-,-,Yes
-,Endangered,Plantae,Magnoliopsida,-,Yes,-,-,-,-,-,-
-,Endangered,Plantae,Magnoliopsida,-,Yes,-,-,-,-,-,-
Scott River Boronia,Endangered,Plantae,Magnoliopsida,-,-,-,-,-,-,-,Yes
"Aniseed Boronia, Galbraith's Boronia",Vulnerable,Plantae,Magnoliopsida,-,-,-,-,-,-,Yes,-
Granite Boronia,Endangered,Plantae,Magnoliopsida,-,Yes,-,Yes,-,-,-,-
Grimshaw's boronia,Critically Endangered,Plantae,Magnoliopsida,-,-,-,Yes,-,-,-,-
"Gunn's Boronia, Cataract Gorge Boronia",Vulnerable,Plantae,Magnoliopsida,-,-,-,-,-,Yes,-,-
Mt Arthur Boronia,Vulnerable,Plantae,Magnoliopsida,-,-,-,-,-,Yes,-,-
Velvet Boronia,Vulnerable,Plantae,Magnoliopsida,-,-,-,-,-,Yes,-,-
-,Critically Endangered,Plantae,Magnoliopsida,-,Yes,-,-,-,-,-,-
-,Critically Endangered,Plantae,Magnoliopsida,-,Yes,-,-,-,-,-,-
Key's Boronia,Vulnerable,Plantae,Magnoliopsida,-,-,-,Yes,-,-,-,-
a shrub,Vulnerable,Plantae,Magnoliopsida,-,-,Yes,-,-,-,-,-
"Repand Boronia, Border Boronia",Endangered,Plantae,Magnoliopsida,-,Yes,-,Yes,-,-,-,-
Ironcap Boronia,Endangered,Plantae,Magnoliopsida,-,-,-,-,-,-,-,Yes
Awl-leaved Boronia,Endangered,Plantae,Magnoliopsida,-,Yes,-,-,-,-,-,-
Orara Boronia,Vulnerable,Plantae,Magnoliopsida,-,Yes,-,-,-,-,-,-
a shrub,Vulnerable,Plantae,Magnoliopsida,-,-,Yes,-,-,-,-,-
Grampians Pincushion-lily,Endangered,Plantae,Liliopsida,-,-,-,-,-,-,Yes,-
"Three-leaved Bosistoa, Yellow Satinheart",Vulnerable,Plantae,Magnoliopsida,-,Yes,-,Yes,-,-,-,-
-,Critically Endangered,Plantae,Magnoliopsida,-,Yes,-,-,-,-,-,-
-,Vulnerable,Plantae,Magnoliopsida,-,Yes,-,-,-,-,-,-
Sword Bossiaea,Endangered,Plantae,Magnoliopsida,-,-,-,-,Yes,-,-,-
-,Endangered,Plantae,Magnoliopsida,-,-,-,-,-,-,-,Yes
Australasian Bittern,Endangered,Animalia,Aves,Yes,Yes,-,Yes,Yes,Yes,Yes,Yes
Satin-top Grass,Vulnerable,Plantae,Liliopsida,-,-,-,Yes,-,-,-,-
Spotted Handfish,Critically Endangered,Animalia,Actinopterygii,-,-,-,-,-,Yes,-,-
"Ziebell's Handfish, Waterfall Bay Handfish",Vulnerable,Animalia,Actinopterygii,-,-,-,-,-,Yes,-,-
Blackwall Range Kurrajong,Critically Endangered,Plantae,Magnoliopsida,-,-,-,Yes,-,-,-,-
Ormeau Bottle Tree,Critically Endangered,Plantae,Magnoliopsida,-,-,-,Yes,-,-,-,-
Ironstone Brachyscias,Critically Endangered,Plantae,Magnoliopsida,-,-,-,-,-,-,-,Yes
-,Critically Endangered,Plantae,Magnoliopsida,-,Yes,-,-,-,-,-,-
Corunna Daisy,Endangered,Plantae,Magnoliopsida,-,-,-,-,Yes,-,-,-
Mueller Daisy,Vulnerable,Plantae,Magnoliopsida,-,Yes,-,-,-,-,Yes,-
Mossgiel Daisy,Vulnerable,Plantae,Magnoliopsida,-,Yes,-,-,-,-,-,-
-,Vulnerable,Plantae,Magnoliopsida,-,-,-,Yes,-,-,-,-
Haines's Orange Mangrove,Critically Endangered,Plantae,Magnoliopsida,-,-,-,Yes,-,-,-,-
Budawangs Cliff-heath,Vulnerable,Plantae,Magnoliopsida,-,Yes,-,-,-,-,-,-
"Miniature Moss-orchid, Hoop Pine Orchid",Vulnerable,Plantae,Liliopsida,-,Yes,-,Yes,-,-,-,-
Wispy Umbrella Orchid,Vulnerable,Plantae,Liliopsida,-,-,-,Yes,-,-,-,-
Pale Umbrella Orchid,Vulnerable,Plantae,Liliopsida,-,-,-,Yes,-,-,-,-
-,Endangered,Plantae,Liliopsida,-,-,Yes,-,-,-,-,-
Mountain Pygmy-possum,Endangered,Animalia,Mammalia,-,Yes,-,-,-,-,Yes,-
Ooline,Vulnerable,Plantae,Magnoliopsida,-,Yes,-,Yes,-,-,-,-
Daintree Rainbowfish,Critically Endangered,Animalia,Actinopterygii,-,-,-,Yes,-,-,-,-
"Cairns Rainbowfish, Northern Soft-spined Sunfish",Endangered,Animalia,Actinopterygii,-,-,-,Yes,-,-,-,-
Canberra Spider Orchid,Critically Endangered,Plantae,Liliopsida,Yes,-,-,-,-,-,-,-
-,Endangered,Plantae,Liliopsida,-,Yes,-,-,-,-,-,-
Charming Spider-orchid,Endangered,Plantae,Liliopsida,-,-,-,-,-,-,Yes,-
"Genoa Spider-orchid, Gippsland Spider Orchid",Critically Endangered,Plantae,Liliopsida,-,Yes,-,-,-,-,Yes,-
Black-tipped Spider-orchid,Critically Endangered,Plantae,Liliopsida,-,-,-,-,-,Yes,-,-
Sand-hill Spider-orchid,Endangered,Plantae,Liliopsida,-,Yes,-,-,-,-,-,-
White-beauty Spider-orchid,Endangered,Plantae,Liliopsida,-,-,-,-,Yes,-,-,-
Black-clubbed Spider-orchid,Endangered,Plantae,Liliopsida,-,Yes,-,Yes,-,-,-,-
Duramana Fingers,Critically Endangered,Plantae,Liliopsida,-,Yes,-,-,-,-,-,-
"McIvor Spider-orchid, Audas' Spider-orchid",Endangered,Plantae,Liliopsida,-,-,-,-,-,-,Yes,-
"Small Dragon Orchid, Common Dragon Orchid",Endangered,Plantae,Liliopsida,-,-,-,-,-,-,-,Yes
Pink-lipped Spider-orchid,Endangered,Plantae,Liliopsida,-,-,-,-,Yes,-,-,-
Short Spider-orchid,Extinct,Plantae,Liliopsida,-,-,-,-,-,Yes,Yes,-
Winter Spider-orchid,Vulnerable,Plantae,Liliopsida,-,-,-,-,Yes,-,-,-
Dwarf Spider-orchid,Endangered,Plantae,Liliopsida,-,-,-,-,-,-,-,Yes
Northern Dwarf Spider-orchid,Vulnerable,Plantae,Liliopsida,-,-,-,-,-,-,-,Yes
Bussell's Spider-orchid,Endangered,Plantae,Liliopsida,-,-,-,-,-,-,-,Yes
Cape Spider-orchid,Endangered,Plantae,Liliopsida,-,-,-,-,-,-,-,Yes
Limestone Spider-orchid,Vulnerable,Plantae,Liliopsida,-,-,-,-,Yes,-,Yes,-
"Thick-stem Caladenia, Thick-stem Fairy Fingers",Critically Endangered,Plantae,Liliopsida,-,-,-,-,-,Yes,-,-
Tailed Spider-orchid,Vulnerable,Plantae,Liliopsida,-,-,-,-,-,Yes,-,-
Christine's Spider Orchid,Vulnerable,Plantae,Liliopsida,-,-,-,-,-,-,-,Yes
"Coloured Spider-orchid, Small Western Spider-orchid, Painted Spider-orchid",Endangered,Plantae,Liliopsida,-,-,-,-,Yes,-,Yes,-
"Crimson Spider-orchid, Maroon Spider-orchid",Vulnerable,Plantae,Liliopsida,-,Yes,-,-,Yes,-,Yes,-
Coast Spider-orchid,Endangered,Plantae,Liliopsida,-,-,-,-,Yes,-,-,-
"Don's Spider Orchid, Beady Spider Orchid",Critically Endangered,Plantae,Liliopsida,-,-,-,-,-,-,Yes,-
Windswept Spider-orchid,Endangered,Plantae,Liliopsida,-,-,-,-,-,Yes,-,-
Cossack Spider-orchid,Endangered,Plantae,Liliopsida,-,-,-,-,-,-,-,Yes
Hinged Dragon Orchid,Endangered,Plantae,Liliopsida,-,-,-,-,-,-,-,Yes
Elegant Spider-orchid,Endangered,Plantae,Liliopsida,-,-,-,-,-,-,-,Yes
Giant Spider-orchid,Endangered,Plantae,Liliopsida,-,-,-,-,-,-,-,Yes
"Elegant Spider-orchid, Blood-red Spider-orchid",Vulnerable,Plantae,Liliopsida,-,-,-,-,Yes,-,Yes,-
Tawny Spider-orchid,Endangered,Plantae,Liliopsida,-,-,-,-,Yes,-,Yes,-
"Bayonet Spider-orchid, Clubbed Spider-orchid",Endangered,Plantae,Liliopsida,-,-,-,-,Yes,-,-,-
"Pingaring Spider-orchid, Granite Spider-orchid",Endangered,Plantae,Liliopsida,-,-,-,-,-,-,-,Yes
-,Endangered,Plantae,Liliopsida,-,-,-,-,-,-,-,Yes
"Harrington's Spider-orchid, Pink Spider-orchid",Vulnerable,Plantae,Liliopsida,-,-,-,-,-,-,-,Yes
Melblom's Spider-orchid,Endangered,Plantae,Liliopsida,-,-,-,-,-,-,Yes,-
Hoffman's Spider-orchid,Endangered,Plantae,Liliopsida,-,-,-,-,-,-,-,Yes
"Quindanning Spider Orchid, Boddington Spider Orchid",Endangered,Plantae,Liliopsida,-,-,-,-,-,-,-,Yes
"King Spider-orchid, Grand Spider-orchid, Rusty Spider-orchid",Endangered,Plantae,Liliopsida,-,-,-,-,-,-,-,Yes
French Island Spider-orchid,Vulnerable,Plantae,Liliopsida,-,-,-,-,-,-,Yes,-
Ghost Spider-orchid,Critically Endangered,Plantae,Liliopsida,-,-,-,-,Yes,-,-,-
Collie Spider Orchid,Endangered,Plantae,Liliopsida,-,-,-,-,-,-,-,Yes
Lindley's Spider-orchid,Critically Endangered,Plantae,Liliopsida,-,-,-,-,-,Yes,-,-
Lodge's Spider-orchid,Critically Endangered,Plantae,Liliopsida,-,-,-,-,-,-,-,Yes
Wimmera Spider-orchid,Endangered,Plantae,Liliopsida,-,-,-,-,Yes,-,Yes,-
Lemon Spider Orchid,Critically Endangered,Plantae,Liliopsida,-,-,-,-,-,-,-,Yes
Large-club Spider-orchid,Endangered,Plantae,Liliopsida,-,-,-,-,Yes,-,-,-
"Ballerina Orchid, Ballerina Spider Orchid",Critically Endangered,Plantae,Liliopsida,-,-,-,-,-,-,-,Yes
Eastern Spider Orchid,Endangered,Plantae,Liliopsida,-,-,-,-,-,-,Yes,-
Ornate Pink Fingers,Vulnerable,Plantae,Liliopsida,-,-,-,-,Yes,-,Yes,-
Kangaroo Island Spider-orchid,Endangered,Plantae,Liliopsida,-,-,-,-,Yes,-,-,-
"Rosy Spider Orchid, Pale Spider-orchid, Summer Spider-orchid",Critically Endangered,Plantae,Liliopsida,-,-,-,-,-,Yes,-,-
Carbunup King Spider Orchid,Critically Endangered,Plantae,Liliopsida,-,-,-,-,-,-,-,Yes
Dwarf Spider-orchid,Critically Endangered,Plantae,Liliopsida,-,-,-,-,-,-,Yes,-
Little Dip Spider-orchid,Endangered,Plantae,Liliopsida,-,-,-,-,Yes,-,-,-
Stiff White Spider-orchid,Endangered,Plantae,Liliopsida,-,-,-,-,Yes,-,-,-
Frankston Spider-orchid,Endangered,Plantae,Liliopsida,-,-,-,-,-,-,Yes,-
"Rosella Spider-orchid, Little Pink Spider-orchid",Endangered,Plantae,Liliopsida,-,Yes,-,-,-,-,Yes,-
Sagg Spider-orchid,Critically Endangered,Plantae,Liliopsida,-,-,-,-,-,Yes,-,-
Kilsyth South Spider-orchid,Critically Endangered,Plantae,Liliopsida,-,-,-,-,-,-,Yes,-
Forest Fingers,Critically Endangered,Plantae,Liliopsida,-,-,-,-,-,Yes,-,-
"Greencomb Spider-orchid, Rigid Spider-orchid",Endangered,Plantae,Liliopsida,-,Yes,-,-,Yes,-,Yes,-
"Thick-lipped Spider-orchid, Daddy Long-legs",Vulnerable,Plantae,Liliopsida,-,Yes,-,-,-,-,Yes,-
Fringed Spider-orchid,Endangered,Plantae,Liliopsida,-,-,-,-,-,-,Yes,-
Robust Fingers,Critically Endangered,Plantae,Liliopsida,-,-,-,-,-,Yes,-,-
Candy Spider-orchid,Vulnerable,Plantae,Liliopsida,-,-,-,-,Yes,-,Yes,-
Dunsborough Spider-orchid,Endangered,Plantae,Liliopsida,-,-,-,-,-,-,-,Yes
Kalbarri Spider-orchid,Vulnerable,Plantae,Liliopsida,-,-,-,-,-,-,-,Yes
Williams Spider Orchid,Endangered,Plantae,Liliopsida,-,-,-,-,-,-,-,Yes
Majestic Spider-orchid,Endangered,Plantae,Liliopsida,-,-,-,-,-,-,-,Yes
Woolcock's Spider-orchid,Vulnerable,Plantae,Liliopsida,-,-,-,-,Yes,-,-,-
Yellow-lip Spider-orchid,Endangered,Plantae,Liliopsida,-,Yes,-,-,Yes,-,Yes,-
"White Rabbits, Flinders Ranges White Caladenia",Endangered,Plantae,Liliopsida,-,-,-,-,Yes,-,-,-
Chestnut-rumped Heathwren (Mt Lofty Ranges),Endangered,Animalia,Aves,-,-,-,-,Yes,-,-,-
Blue Tinsel Lily,Critically Endangered,Plantae,Liliopsida,-,-,-,-,-,-,-,Yes
Elegant Tinsel Lily,Critically Endangered,Plantae,Liliopsida,-,-,-,-,-,-,-,Yes
Stilted Tinsel Lily,Vulnerable,Plantae,Liliopsida,-,-,-,-,-,-,-,Yes
Sharp-tailed Sandpiper,Vulnerable,Animalia,Aves,Yes,Yes,Yes,Yes,Yes,Yes,Yes,Yes
"Red Knot, Knot",Vulnerable,Animalia,Aves,-,Yes,Yes,Yes,Yes,Yes,Yes,Yes
Curlew Sandpiper,Critically Endangered,Animalia,Aves,Yes,Yes,Yes,Yes,Yes,Yes,Yes,Yes
Great Knot,Vulnerable,Animalia,Aves,-,Yes,Yes,Yes,Yes,Yes,Yes,Yes
Forrester's Bottlebrush,Vulnerable,Plantae,Magnoliopsida,-,Yes,-,-,-,-,Yes,-
Betka Bottlebrush,Vulnerable,Plantae,Magnoliopsida,-,-,-,-,-,-,Yes,-
Megalong Valley Bottlebrush,Critically Endangered,Plantae,Magnoliopsida,-,Yes,-,-,-,-,-,-
-,Vulnerable,Plantae,Magnoliopsida,-,Yes,-,Yes,-,-,-,-
a bottlebrush,Critically Endangered,Plantae,Magnoliopsida,-,Yes,-,-,-,-,-,-
Wimmera Bottlebrush,Critically Endangered,Plantae,Magnoliopsida,-,-,-,-,-,-,Yes,-
Corang Pine,Critically Endangered,Plantae,Pinatae,-,Yes,-,-,-,-,-,-
South Esk Pine,Endangered,Plantae,Pinatae,-,-,-,-,-,Yes,-,-
-,Critically Endangered,Plantae,Pinatae,-,Yes,-,-,-,-,-,-
Gang-gang Cockatoo,Endangered,Animalia,Aves,Yes,Yes,-,-,Yes,-,Yes,-
Copper Beard Orchid,Critically Endangered,Plantae,Liliopsida,-,-,-,-,Yes,-,-,-
Cardwell Beard Orchid,Endangered,Plantae,Liliopsida,-,-,-,Yes,-,-,-,-
"Pretty Beard Orchid, Pretty Beard-orchid",Endangered,Plantae,Liliopsida,-,Yes,-,-,-,-,Yes,-
Bald-tip Beard-orchid,Endangered,Plantae,Liliopsida,-,-,-,-,-,-,Yes,-
-,Vulnerable,Plantae,Magnoliopsida,-,-,-,Yes,-,-,-,-
Desert Rat-kangaroo,Extinct,Animalia,Mammalia,-,-,-,Yes,Yes,-,-,-
Mauve Burr-daisy,Vulnerable,Plantae,Magnoliopsida,Yes,Yes,-,-,-,-,-,-
Moore's Burr-daisy,Endangered,Plantae,Magnoliopsida,-,Yes,-,-,-,-,-,-
South-eastern Red-tailed Black-Cockatoo,Endangered,Animalia,Aves,-,-,-,-,Yes,-,Yes,-
"Forest Red-tailed Black-Cockatoo, Karrak",Vulnerable,Animalia,Aves,-,-,-,-,-,-,-,Yes
"Baudin's Cockatoo, Long-billed Black-Cockatoo",Endangered,Animalia,Aves,-,-,-,-,-,-,-,Yes
"Kangaroo Island Glossy Black-Cockatoo, Glossy Black-Cockatoo (South Australian)",Endangered,Animalia,Aves,-,-,-,-,Yes,-,-,-
South-eastern Glossy Black-Cockatoo,Vulnerable,Animalia,Aves,Yes,Yes,-,Yes,-,-,Yes,-
"Carnaby's Cockatoo,  Short-billed Black-Cockatoo",Endangered,Animalia,Aves,-,-,-,-,-,-,-,Yes
-,Critically Endangered,Plantae,Magnoliopsida,-,Yes,-,-,-,-,-,-
Swamp Starflower,Endangered,Plantae,Magnoliopsida,-,-,-,-,-,-,-,Yes
-,Vulnerable,Plantae,Magnoliopsida,-,-,-,Yes,-,-,-,-
-,Vulnerable,Plantae,Magnoliopsida,-,-,-,Yes,-,-,-,-
-,Vulnerable,Plantae,Magnoliopsida,-,-,-,Yes,-,-,-,-
Grey Nurse Shark (east coast population),Critically Endangered,Animalia,Chondrichthyes,-,Yes,-,Yes,-,-,Yes,-
Grey Nurse Shark (west coast population),Vulnerable,Animalia,Chondrichthyes,-,-,-,-,-,-,-,Yes
"White Shark, Great White Shark",Vulnerable,Animalia,Chondrichthyes,-,Yes,Yes,Yes,Yes,Yes,Yes,Yes
Loggerhead Turtle,Endangered,Animalia,Reptilia,-,Yes,Yes,Yes,Yes,Yes,Yes,Yes
"Pig-nosed Turtle, Pitted Shell Turtle",Vulnerable,Animalia,Reptilia,-,-,Yes,-,-,-,-,-
"Alpine Cool-skink, Northern Snow Skink",Endangered,Animalia,Reptilia,-,-,-,-,-,Yes,-,-
"Boulder Cool-skink, Southern Snow Skink",Endangered,Animalia,Reptilia,-,-,-,-,-,Yes,-,-
"Heath Cool-skink, Mountain Skink",Endangered,Animalia,Reptilia,-,-,-,-,-,Yes,-,-
"Pedra Branca Skink,  Pedra Branca Cool-skink, Red-throated Skink",Critically Endangered,Animalia,Reptilia,-,-,-,-,-,Yes,-,-
-,Endangered,Plantae,Magnoliopsida,-,-,-,Yes,-,-,-,-
-,Endangered,Plantae,Magnoliopsida,-,Yes,-,-,-,-,-,-
"Wrinkled Cassinia, Wrinkled Dollybush",Vulnerable,Plantae,Magnoliopsida,-,-,-,-,Yes,Yes,Yes,-
Avenue Cassinia,Critically Endangered,Plantae,Magnoliopsida,-,-,-,-,Yes,-,Yes,-
Kaputar Cassinia,Endangered,Plantae,Magnoliopsida,-,Yes,-,-,-,-,-,-
"Southern Cassowary, Australian Cassowary, Double-wattled Cassowary",Endangered,Animalia,Aves,-,-,-,Yes,-,-,-,-
"Pedder Centrolepis, Pedder Bristlewort",Endangered,Plantae,Liliopsida,-,-,-,-,-,Yes,-,-
an orchid,Vulnerable,Plantae,Liliopsida,-,-,-,Yes,-,-,-,-
"Cape Barren Goose (south-western), Recherche Cape Barren Goose",Vulnerable,Animalia,Aves,-,-,-,-,-,-,-,Yes
Tasmanian Azure Kingfisher,Endangered,Animalia,Aves,-,-,-,-,-,Yes,-,-
"Pig-footed Bandicoot, Kanjilpa, Wilalya",Extinct,Animalia,Mammalia,-,Yes,Yes,Yes,Yes,-,Yes,Yes
"Yirratji, Northern Pig-footed Bandicoot",Extinct,Animalia,Mammalia,-,-,Yes,Yes,Yes,-,-,Yes
"Christmas Island Emerald Dove, Emerald Dove (Christmas Island)",Endangered,Animalia,Aves,-,-,-,-,-,-,-,-
"Large-eared Pied Bat, Large Pied Bat",Endangered,Animalia,Mammalia,-,Yes,-,Yes,-,-,-,-
Griffin's Waxflower,Vulnerable,Plantae,Magnoliopsida,-,-,-,-,-,-,-,Yes
Gingin Wax,Endangered,Plantae,Magnoliopsida,-,-,-,-,-,-,-,Yes
Royce's Waxflower,Vulnerable,Plantae,Magnoliopsida,-,-,-,-,-,-,-,Yes
"Greater Sand Plover, Large Sand Plover",Vulnerable,Animalia,Aves,-,Yes,Yes,Yes,Yes,Yes,Yes,Yes
"Lesser Sand Plover, Mongolian Plover",Endangered,Animalia,Aves,-,Yes,Yes,Yes,Yes,Yes,Yes,Yes
Twining Finger-flower,Vulnerable,Plantae,Magnoliopsida,-,-,-,-,Yes,-,-,-
Green Turtle,Vulnerable,Animalia,Reptilia,-,Yes,Yes,Yes,Yes,Yes,Yes,Yes
Sand Yabby,Vulnerable,Animalia,Malacostraca,-,-,-,Yes,-,-,-,-
"Hairy Marron, Margaret River Hairy Marron, Margaret River Marron",Critically Endangered,Animalia,Malacostraca,-,-,-,-,-,-,-,Yes
Duck's-head Wasp-orchid,Endangered,Plantae,Liliopsida,-,Yes,-,-,-,-,-,-
-,Endangered,Plantae,Polypodiatae,-,-,-,Yes,-,-,-,-
Dalhousie Goby,Critically Endangered,Animalia,Actinopterygii,-,-,-,-,Yes,-,-,-
Elizabeth Springs Goby,Endangered,Animalia,Actinopterygii,-,-,-,Yes,-,-,-,-
Edgbaston Goby,Vulnerable,Animalia,Actinopterygii,-,-,-,Yes,-,-,-,-
Manypeaks Rush,Endangered,Plantae,Liliopsida,-,-,-,-,-,-,-,Yes
Spiked Sour-bush,Endangered,Plantae,Magnoliopsida,-,-,-,-,Yes,-,-,-
Prostrate Flame Pea,Endangered,Plantae,Magnoliopsida,-,-,-,-,-,-,-,Yes
Limestone Pea,Endangered,Plantae,Magnoliopsida,-,-,-,-,-,-,-,Yes
"Lord Howe Island Gecko, Lord Howe Island Southern Gecko",Vulnerable,Animalia,Reptilia,-,Yes,-,-,-,-,-,-
"Mt Lofty Ranges Spotted Quail-thrush, Spotted Quail-thrush (Mt Lofty Ranges)",Critically Endangered,Animalia,Aves,-,-,-,-,Yes,-,-,-
-,Critically Endangered,Plantae,Magnoliopsida,-,-,Yes,-,-,-,-,-
"a creeper, Clematis",Critically Endangered,Plantae,Magnoliopsida,-,-,-,-,-,-,-,-
Stream Clematis,Vulnerable,Plantae,Magnoliopsida,-,Yes,-,Yes,-,-,-,-
Brown Treecreeper (south-eastern),Vulnerable,Animalia,Aves,Yes,Yes,-,Yes,-,-,Yes,-
"Slender Bell-fruit, Camel Poison",Vulnerable,Plantae,Magnoliopsida,-,Yes,-,-,Yes,-,-,-
Three-toed Snake-tooth Skink,Vulnerable,Animalia,Reptilia,-,Yes,-,Yes,-,-,-,-
Hidden Coleanthera,Extinct,Plantae,Magnoliopsida,-,-,-,-,-,-,-,Yes
Millmerran Mint Bush,Critically Endangered,Plantae,Magnoliopsida,-,-,-,Yes,-,-,-,-
Curtis' Colobanth,Vulnerable,Plantae,Magnoliopsida,-,-,-,-,-,Yes,-,-
"Lord Howe White-throated Pigeon, White-throated Pigeon (Lord Howe Island)",Extinct,Animalia,Aves,-,Yes,-,-,-,-,-,-
Byfield Matchstick,Vulnerable,Plantae,Magnoliopsida,-,-,-,Yes,-,-,-,-
Many-flowered Commersonia,Critically Endangered,Plantae,Magnoliopsida,-,-,-,-,-,-,-,Yes
Trigwell's Rulingia,Endangered,Plantae,Magnoliopsida,-,-,-,-,-,-,-,Yes
Dwarf Kerrawang,Endangered,Plantae,Magnoliopsida,-,Yes,-,-,-,-,Yes,-
"White-footed Rabbit-rat, Parroo, White-footed Tree-rat",Extinct,Animalia,Mammalia,-,Yes,-,Yes,Yes,-,Yes,-
Capricorn Rabbit-rat,Extinct,Animalia,Mammalia,-,-,-,Yes,-,-,-,-
"Brush-tailed Rabbit-rat, Brush-tailed Tree-rat, Pakooma",Vulnerable,Animalia,Mammalia,-,-,Yes,Yes,-,-,-,Yes
One-headed Smokebush,Endangered,Plantae,Magnoliopsida,-,-,-,-,-,-,-,Yes
-,Critically Endangered,Plantae,Magnoliopsida,-,-,-,-,-,-,-,Yes
Variable Smoke-bush,Vulnerable,Plantae,Magnoliopsida,-,-,-,-,-,Yes,-,-
-,Critically Endangered,Plantae,Magnoliopsida,-,-,-,-,-,-,-,Yes
Wavy-leaved Smokebush,Vulnerable,Plantae,Magnoliopsida,-,-,-,-,-,-,-,Yes
Irwin's Conostylis,Endangered,Plantae,Liliopsida,-,-,-,-,-,-,-,Yes
Drummond's Conostylis,Endangered,Plantae,Liliopsida,-,-,-,-,-,-,-,Yes
Sedge Conostylis,Endangered,Plantae,Liliopsida,-,-,-,-,-,-,-,Yes
Small-flowered Conostylis,Endangered,Plantae,Liliopsida,-,-,-,-,-,-,-,Yes
Grass Conostylis,Endangered,Plantae,Liliopsida,-,-,-,-,-,-,-,Yes
"Kulin Conostylis, Single-flowered Conostylis",Vulnerable,Plantae,Liliopsida,-,-,-,-,-,-,-,Yes
Hairy Mat Conostylis,Endangered,Plantae,Liliopsida,-,-,-,-,-,-,-,Yes
Boscabel Conostylis,Critically Endangered,Plantae,Liliopsida,-,-,-,-,-,-,-,Yes
Wongan Conostylis,Endangered,Plantae,Liliopsida,-,-,-,-,-,-,-,Yes
Mauve Coopernookia,Endangered,Plantae,Magnoliopsida,-,-,-,-,-,-,-,Yes
-,Vulnerable,Plantae,Magnoliopsida,-,-,-,Yes,-,-,-,-
Tapping Nursery-frog,Endangered,Animalia,Amphibia,-,-,-,Yes,-,-,-,-
Elegant Frog,Critically Endangered,Animalia,Amphibia,-,-,-,Yes,-,-,-,-
"Hosmer's Frog, Rattling Nursery-frog",Critically Endangered,Animalia,Amphibia,-,-,-,Yes,-,-,-,-
"McDonald's Frog, Mt Elliot Nursery-frog",Critically Endangered,Animalia,Amphibia,-,-,-,Yes,-,-,-,-
Mountain-top Nursery-frog,Critically Endangered,Animalia,Amphibia,-,-,-,Yes,-,-,-,-
"Neglected Frog, Bellenden Ker Nursery-frog",Critically Endangered,Animalia,Amphibia,-,-,-,Yes,-,-,-,-
Coastal Coprosma,Endangered,Plantae,Magnoliopsida,-,-,-,-,-,-,-,-
Mountain Coprosma,Endangered,Plantae,Magnoliopsida,-,-,-,-,-,-,-,-
Native Jute,Endangered,Plantae,Magnoliopsida,-,Yes,-,Yes,-,-,-,-
Ti,Vulnerable,Plantae,Liliopsida,-,-,-,-,-,-,-,-
a beetle,Critically Endangered,Animalia,Insecta,-,Yes,-,-,-,-,-,-
-,Endangered,Plantae,Magnoliopsida,-,Yes,-,-,-,-,-,-
Chef's Cap,Vulnerable,Plantae,Magnoliopsida,-,Yes,-,-,-,-,-,-
Hindmarsh Correa,Vulnerable,Plantae,Magnoliopsida,-,-,-,-,Yes,-,-,-
Deep Creek Correa,Endangered,Plantae,Magnoliopsida,-,-,-,-,Yes,-,-,-
Genoa River Correa,Endangered,Plantae,Magnoliopsida,-,Yes,-,-,-,-,Yes,-
"Short-spiked Midge-orchid, Rocky Cape Midge Orchid",Endangered,Plantae,Liliopsida,-,-,-,-,-,Yes,-,-
"Brindabella Midge-orchid, Ectopic Midge-orchid",Critically Endangered,Plantae,Liliopsida,Yes,-,-,-,-,-,-,-
Firth's Midge-orchid,Critically Endangered,Plantae,Liliopsida,-,-,-,-,-,Yes,-,-
"Wyong Midge Orchid 1, Variable Midge Orchid 1",Critically Endangered,Plantae,Liliopsida,-,Yes,-,-,-,-,-,-
Tuncurry Midge Orchid,Critically Endangered,Plantae,Liliopsida,-,Yes,-,-,-,-,-,-
Wyong Midge Orchid 2,Critically Endangered,Plantae,Liliopsida,-,Yes,-,-,-,-,-,-
"Toothed Helmet-orchid, Finniss Helmet-orchid",Vulnerable,Plantae,Liliopsida,-,-,-,-,Yes,-,-,-
Small Helmet-orchid,Vulnerable,Plantae,Liliopsida,-,-,-,Yes,-,-,-,-
Grooved Helmet-orchid,Critically Endangered,Plantae,Liliopsida,-,-,-,-,-,Yes,-,-
-,Vulnerable,Plantae,Magnoliopsida,-,-,-,Yes,-,-,-,-
Yellowjacket,Vulnerable,Plantae,Magnoliopsida,-,-,-,Yes,-,-,-,-
-,Vulnerable,Plantae,Magnoliopsida,-,-,-,Yes,-,-,-,-
Glen Geddes Bloodwood,Vulnerable,Plantae,Magnoliopsida,-,-,-,Yes,-,-,-,-
Glenugie Karaka,Vulnerable,Plantae,Magnoliopsida,-,Yes,-,-,-,-,-,-
Cossinia,Endangered,Plantae,Magnoliopsida,-,-,-,Yes,-,-,-,-
Preminghana Billybutton,Endangered,Plantae,Magnoliopsida,-,-,-,-,-,Yes,-,-
Dalhousie Hardyhead,Critically Endangered,Animalia,Actinopterygii,-,-,-,-,Yes,-,-,-
Murray Hardyhead,Endangered,Animalia,Actinopterygii,-,Yes,-,-,Yes,-,Yes,-
-,Endangered,Plantae,Liliopsida,-,-,-,Yes,-,-,-,-
Sloane's Froglet,Endangered,Animalia,Amphibia,-,Yes,-,-,-,-,Yes,-
Christmas Island Shrew,Critically Endangered,Animalia,Mammalia,-,-,-,-,-,-,-,-
Bahrs Scrub Croton,Critically Endangered,Plantae,Magnoliopsida,-,-,-,Yes,-,-,-,-
"Christmas Island Blue-tailed Skink, Blue-tailed Snake-eyed Skink",Critically Endangered,Animalia,Reptilia,-,-,-,-,-,-,-,-
Arafura Snake-eyed Skink,Endangered,Animalia,Reptilia,-,-,Yes,-,-,-,-,-
"Stinking Cryptocarya, Stinking Laurel",Vulnerable,Plantae,Magnoliopsida,-,Yes,-,Yes,-,-,-,-
Leafless Tongue-orchid,Vulnerable,Plantae,Liliopsida,-,Yes,-,Yes,-,-,Yes,-
Yinnietharra Rock-Dragon,Vulnerable,Animalia,Reptilia,-,-,-,-,-,-,-,Yes
-,Vulnerable,Plantae,Polypodiatae,-,-,-,Yes,-,-,-,-
Lancelin Island Skink,Vulnerable,Animalia,Reptilia,-,-,-,-,-,-,-,Yes
Gravel Downs Ctenotus,Critically Endangered,Animalia,Reptilia,-,-,-,Yes,-,-,-,-
Hamelin Ctenotus,Vulnerable,Animalia,Reptilia,-,-,-,-,-,-,-,Yes
Wedge-leaf Tuckeroo,Vulnerable,Plantae,Magnoliopsida,-,-,-,Yes,-,-,-,-
Boonah Tuckeroo,Vulnerable,Plantae,Magnoliopsida,-,-,-,Yes,-,-,-,-
"Norfolk Island Green Parrot, Tasman Parakeet, Norfolk Island Parakeet",Endangered,Animalia,Aves,-,-,-,-,-,-,-,-
"Macquarie Island Red-fronted Parakeet, Red-crowned Parakeet (Macquarie Island)",Extinct,Animalia,Aves,-,-,-,-,-,Yes,-,-
"Lord Howe Tasman Parakeet, Red-crowned Parakeet (Lord Howe Island)",Extinct,Animalia,Aves,-,Yes,-,-,-,-,-,-
a tree-fern,Endangered,Plantae,Polypodiatae,-,-,-,Yes,-,-,-,-
a cycad,Vulnerable,Plantae,Cycadatae,-,-,-,Yes,-,-,-,-
-,Endangered,Plantae,Cycadatae,-,-,-,Yes,-,-,-,-
-,Endangered,Plantae,Cycadatae,-,-,-,Yes,-,-,-,-
a cycad,Vulnerable,Plantae,Cycadatae,-,-,-,Yes,-,-,-,-
-,Vulnerable,Plantae,Cycadatae,-,-,-,Yes,-,-,-,-
Alpine She-oak Skink,Endangered,Animalia,Reptilia,-,Yes,-,-,-,-,Yes,-
a shrub,Vulnerable,Plantae,Magnoliopsida,-,-,-,Yes,-,-,-,-
Coxen's Fig-Parrot,Critically Endangered,Animalia,Aves,-,Yes,-,Yes,-,-,-,-
White-flowered Wax Plant,Endangered,Plantae,Magnoliopsida,-,Yes,-,-,-,-,-,-
-,Endangered,Plantae,Liliopsida,-,-,-,Yes,-,-,-,-
-,Vulnerable,Plantae,Liliopsida,-,Yes,-,Yes,-,-,-,-
-,Endangered,Plantae,Magnoliopsida,-,Yes,-,-,-,-,-,-
Christmas Island Giant Gecko,Endangered,Animalia,Reptilia,-,-,-,-,-,-,-,-
Bonville Leafless Orchid,Critically Endangered,Plantae,Liliopsida,-,Yes,-,-,-,-,-,-
Illawarra Socketwood,Endangered,Plantae,Magnoliopsida,-,Yes,-,-,-,-,-,-
Fine-leaved Darwinia,Endangered,Plantae,Magnoliopsida,-,-,-,-,-,-,-,Yes
Scarp Darwinia,Endangered,Plantae,Magnoliopsida,-,-,-,-,-,-,-,Yes
-,Vulnerable,Plantae,Magnoliopsida,-,Yes,-,-,-,-,-,-
"Mogumber Bell, Narrogin Bell",Endangered,Plantae,Magnoliopsida,-,-,-,-,-,-,-,Yes
Chapman's Bell,Endangered,Plantae,Magnoliopsida,-,-,-,-,-,-,-,Yes
Yellow Mountain Bell,Critically Endangered,Plantae,Magnoliopsida,-,-,-,-,-,-,-,Yes
Scott River Darwinia,Endangered,Plantae,Magnoliopsida,-,-,-,-,-,-,-,Yes
Muchea Bell,Critically Endangered,Plantae,Magnoliopsida,-,-,-,-,-,-,-,Yes
Mason's Darwinia,Vulnerable,Plantae,Magnoliopsida,-,-,-,-,-,-,-,Yes
Cranbrook Bell,Vulnerable,Plantae,Magnoliopsida,-,-,-,-,-,-,-,Yes
"Success Bell, Red Mountain Bell",Vulnerable,Plantae,Magnoliopsida,-,-,-,-,-,-,-,Yes
Gillam's Bell,Endangered,Plantae,Magnoliopsida,-,-,-,-,-,-,-,Yes
Harlequin Bell,Endangered,Plantae,Magnoliopsida,-,-,-,-,-,-,-,Yes
"Fringed Mountain Bell, Pink Mountain Bell",Vulnerable,Plantae,Magnoliopsida,-,-,-,-,-,-,-,Yes
Abba Bell,Endangered,Plantae,Magnoliopsida,-,-,-,-,-,-,-,Yes
Wittwer's Mountain Bell,Endangered,Plantae,Magnoliopsida,-,-,-,-,-,-,-,Yes
Native Foxglove,Critically Endangered,Plantae,Magnoliopsida,-,-,-,-,-,-,-,Yes
Eastern Bristlebird,Endangered,Animalia,Aves,-,Yes,-,Yes,-,-,Yes,-
"Rufous Bristlebird (western), South-western Rufous Bristlebird",Extinct,Animalia,Aves,-,-,-,-,-,-,-,Yes
Western Bristlebird,Endangered,Animalia,Aves,-,-,-,-,-,-,-,Yes
"Kowari, brushy-tailed marsupial rat, Byrne's crest-tailed marsupial rat",Endangered,Animalia,Mammalia,-,-,Yes,Yes,Yes,-,-,-
"Chuditch, Western Quoll",Vulnerable,Animalia,Mammalia,Yes,Yes,Yes,Yes,Yes,-,Yes,Yes
"Northern Quoll, Digul [Gogo-Yimidir], Wijingadda [Dambimangari], Wiminji [Martu]",Endangered,Animalia,Mammalia,-,-,Yes,Yes,-,-,-,Yes
"Spotted-tailed Quoll (North Queensland), Yarri",Endangered,Animalia,Mammalia,-,-,-,Yes,-,-,-,-
"Spot-tailed Quoll, Spotted-tail Quoll, Tiger Quoll (southeastern mainland population)",Endangered,Animalia,Mammalia,Yes,Yes,-,Yes,Yes,-,Yes,-
"Spotted-tail Quoll, Spot-tailed Quoll, Tiger Quoll (Tasmanian population)",Vulnerable,Animalia,Mammalia,-,-,-,-,-,Yes,-,-
"Eastern Quoll, Luaner",Endangered,Animalia,Mammalia,Yes,Yes,-,-,Yes,Yes,Yes,-
Davidson's Plum,Endangered,Plantae,Magnoliopsida,-,Yes,-,-,-,-,-,-
"Smooth Davidsonia, Smooth Davidson's Plum, Small-leaved Davidson's Plum",Endangered,Plantae,Magnoliopsida,-,Yes,-,Yes,-,-,-,-
Three Springs Daviesia,Endangered,Plantae,Magnoliopsida,-,-,-,-,-,-,-,Yes
Cunderdin Daviesia,Endangered,Plantae,Magnoliopsida,-,-,-,-,-,-,-,Yes
Diels' Daviesia,Endangered,Plantae,Magnoliopsida,-,-,-,-,-,-,-,Yes
-,Vulnerable,Plantae,Magnoliopsida,-,-,-,Yes,-,-,-,-
Long-leaved Daviesia,Vulnerable,Plantae,Magnoliopsida,-,-,-,-,-,-,-,Yes
Wongan Cactus,Endangered,Plantae,Magnoliopsida,-,-,-,-,-,-,-,Yes
Maroon-flowered Daviesia,Critically Endangered,Plantae,Magnoliopsida,-,-,-,-,-,-,-,Yes
Grampians Bitter-pea,Vulnerable,Plantae,Magnoliopsida,-,-,-,-,-,-,Yes,-
Long-sepalled Daviesia,Endangered,Plantae,Magnoliopsida,-,-,-,-,-,-,-,Yes
Norseman Pea,Endangered,Plantae,Magnoliopsida,-,-,-,-,-,-,-,Yes
Paddle-leaf Daviesia,Endangered,Plantae,Magnoliopsida,-,-,-,-,-,-,-,Yes
Broad-leaf Daviesia,Critically Endangered,Plantae,Magnoliopsida,-,-,-,-,-,-,-,Yes
Stirling Range Daviesia,Critically Endangered,Plantae,Magnoliopsida,-,-,-,-,-,-,-,Yes
Beautiful Daviesia,Endangered,Plantae,Magnoliopsida,-,-,-,-,-,-,-,Yes
Struck Oil Myrtle,Critically Endangered,Plantae,Magnoliopsida,-,-,-,Yes,-,-,-,-
"Striped Legless Lizard, Striped Snake-lizard",Vulnerable,Animalia,Reptilia,Yes,Yes,-,-,Yes,-,Yes,-
"Atherton Delma, Legless Lizard",Vulnerable,Animalia,Reptilia,-,-,-,Yes,-,-,-,-
"Adorned Delma, Collared Delma",Vulnerable,Animalia,Reptilia,-,-,-,Yes,-,-,-,-
Hunter Valley Delma,Endangered,Animalia,Reptilia,-,Yes,-,-,-,-,-,-
Antelope Orchid,Endangered,Plantae,Liliopsida,-,-,-,Yes,-,-,-,-
Cooktown Orchid,Vulnerable,Plantae,Liliopsida,-,-,-,Yes,-,-,-,-
Norfolk Island Orchid,Endangered,Plantae,Liliopsida,-,-,-,-,-,-,-,-
Chocolate Tea Tree Orchid,Vulnerable,Plantae,Liliopsida,-,-,-,Yes,-,-,-,-
"Dark-stemmed Antler Orchid, Mangrove Orchid",Endangered,Plantae,Liliopsida,-,-,-,Yes,-,-,-,-
an orchid,Endangered,Plantae,Liliopsida,-,-,-,Yes,-,-,-,-
Cauliflower Soft Coral,Endangered,Animalia,Anthozoa,-,Yes,-,Yes,-,-,-,-
Large-fruited Denhamia,Endangered,Plantae,Magnoliopsida,-,-,-,Yes,-,-,-,-
Small-leaved Denhamia,Vulnerable,Plantae,Magnoliopsida,-,-,-,Yes,-,-,-,-
Ornamental Snake,Vulnerable,Animalia,Reptilia,-,-,-,Yes,-,-,-,-
"Leatherback Turtle, Leathery Turtle, Luth",Endangered,Animalia,Reptilia,-,Yes,Yes,Yes,Yes,Yes,Yes,Yes
Thorny Pea,Vulnerable,Plantae,Magnoliopsida,-,Yes,-,-,-,-,-,-
-,Endangered,Plantae,Liliopsida,-,Yes,-,-,-,-,-,-
"Drummond's Grass, Drummond Grass",Endangered,Plantae,Liliopsida,-,-,-,-,-,-,-,Yes
-,Extinct,Plantae,Liliopsida,-,-,-,-,-,Yes,-,-
Narrow-leaf Bent-grass,Vulnerable,Plantae,Liliopsida,-,-,-,-,-,-,Yes,-
Climbing Bent-grass,Critically Endangered,Plantae,Liliopsida,-,-,-,-,-,-,Yes,-
Skirted Bent-grass,Endangered,Plantae,Liliopsida,-,Yes,-,-,-,-,Yes,-
Matted Flax-lily,Endangered,Plantae,Liliopsida,-,-,-,-,-,Yes,Yes,-
King Blue-grass,Endangered,Plantae,Liliopsida,-,-,-,Yes,-,-,-,-
bluegrass,Vulnerable,Plantae,Liliopsida,-,Yes,-,Yes,-,-,-,-
-,Extinct,Plantae,Polypodiatae,-,-,-,Yes,-,-,-,-
-,Endangered,Plantae,Magnoliopsida,-,Yes,-,-,-,-,-,-
Amsterdam Albatross,Endangered,Animalia,Aves,-,Yes,-,-,Yes,Yes,Yes,Yes
Antipodean Albatross,Vulnerable,Animalia,Aves,-,Yes,-,Yes,Yes,Yes,Yes,Yes
Gibson's Albatross,Vulnerable,Animalia,Aves,-,Yes,-,Yes,-,Yes,Yes,-
Tristan Albatross,Endangered,Animalia,Aves,-,-,-,-,Yes,-,-,Yes
Southern Royal Albatross,Vulnerable,Animalia,Aves,-,Yes,-,Yes,Yes,Yes,Yes,Yes
Wandering Albatross,Vulnerable,Animalia,Aves,-,Yes,-,Yes,Yes,Yes,Yes,Yes
Northern Royal Albatross,Endangered,Animalia,Aves,-,Yes,-,Yes,Yes,Yes,Yes,Yes
"Red-fruited Ebony, Silky Persimmon, Ebony",Endangered,Plantae,Magnoliopsida,-,Yes,-,-,-,-,-,-
-,Vulnerable,Plantae,Polypodiatae,-,-,-,Yes,-,-,-,-
-,Endangered,Plantae,Polypodiatae,-,-,-,Yes,-,-,-,-
Small-leaved Tamarind,Endangered,Plantae,Magnoliopsida,-,Yes,-,Yes,-,-,-,-
-,Endangered,Plantae,Magnoliopsida,-,-,-,-,-,-,-,Yes
Bell Flower Hyacinth Orchid,Endangered,Plantae,Liliopsida,-,-,-,-,Yes,-,Yes,-
-,Endangered,Plantae,Liliopsida,-,-,-,Yes,-,-,-,-
-,Vulnerable,Plantae,Magnoliopsida,-,-,-,Yes,-,-,-,-
Buttercup Doubletail,Endangered,Plantae,Liliopsida,-,Yes,-,-,-,-,-,-
"Small Golden Moths Orchid, Early Golden Moths",Endangered,Plantae,Liliopsida,-,-,-,-,-,-,Yes,-
-,Extinct,Plantae,Liliopsida,-,Yes,-,-,-,-,-,-
Tall Donkey Orchid,Vulnerable,Plantae,Liliopsida,-,-,-,-,-,-,-,Yes
-,Endangered,Plantae,Liliopsida,-,Yes,-,-,-,-,-,-
"Pale Yellow Doubletail, Wingham Doubletail",Critically Endangered,Plantae,Liliopsida,-,Yes,-,-,-,-,-,-
"Sunshine Diuris, Fragrant Doubletail, White Diuris",Endangered,Plantae,Liliopsida,-,-,-,-,-,-,Yes,-
Snake Orchid,Endangered,Plantae,Liliopsida,-,-,-,-,-,Yes,-,-
Dwarf Bee-orchid,Vulnerable,Plantae,Liliopsida,-,-,-,-,-,-,-,Yes
Pale Golden Moths,Vulnerable,Plantae,Liliopsida,-,Yes,-,-,-,-,Yes,-
"Small Snake Orchid, Two-leaved Golden Moths, Golden Moths, Cowslip Orchid, Snake Orchid",Endangered,Plantae,Liliopsida,-,Yes,-,-,-,-,-,-
Newcastle Doubletail,Vulnerable,Plantae,Liliopsida,-,Yes,-,-,-,-,-,-
Purdie's Donkey-orchid,Endangered,Plantae,Liliopsida,-,-,-,-,-,-,-,Yes
"Veined Doubletail, Goat Orchid, Veined Donkey-orchid",Vulnerable,Plantae,Liliopsida,-,Yes,-,-,-,-,-,-
Trailing Hop-bush,Vulnerable,Plantae,Magnoliopsida,Yes,Yes,-,-,Yes,-,Yes,-
Velvet Hopbush,Vulnerable,Plantae,Magnoliopsida,-,-,-,Yes,-,-,-,-
Peep Hill Hop-bush,Endangered,Plantae,Magnoliopsida,-,-,-,-,Yes,-,-,-
Kneeling Hammer-orchid,Vulnerable,Plantae,Liliopsida,-,-,-,-,-,-,-,Yes
Late Hammer-orchid,Endangered,Plantae,Liliopsida,-,-,-,-,-,-,-,Yes
"Glossy-leafed Hammer Orchid, Glossy-leaved Hammer Orchid,  Warty Hammer Orchid",Endangered,Plantae,Liliopsida,-,-,-,-,-,-,-,Yes
Lonely Hammer-orchid,Endangered,Plantae,Liliopsida,-,-,-,-,-,-,-,Yes
Dwarf Hammer-orchid,Vulnerable,Plantae,Liliopsida,-,-,-,-,-,-,-,Yes
King Island Emu,Extinct,Animalia,Aves,-,-,-,-,-,Yes,-,-
Kangaroo Island Emu,Extinct,Animalia,Aves,-,-,-,-,Yes,-,-,-
"Tasmanian Emu, Emu (Tasmanian)",Extinct,Animalia,Aves,-,-,-,-,-,Yes,-,-
-,Critically Endangered,Plantae,Magnoliopsida,-,-,-,-,-,-,-,Yes
-,Vulnerable,Plantae,Magnoliopsida,-,-,-,Yes,-,-,-,-
-,Vulnerable,Plantae,Magnoliopsida,-,-,-,Yes,-,-,-,-
Morseby Range Drummondita,Endangered,Plantae,Magnoliopsida,-,-,-,-,-,-,-,Yes
Peak Charles Drummondita,Vulnerable,Plantae,Magnoliopsida,-,-,-,-,-,-,-,Yes
"Lord Howe Island Phasmid, Land Lobster",Critically Endangered,Animalia,Insecta,-,Yes,-,-,-,-,-,-
Remote Thorny Lignum,Critically Endangered,Plantae,Magnoliopsida,-,-,-,-,-,-,-,Yes
"Sharkwood, a tree",Vulnerable,Plantae,Magnoliopsida,-,-,-,-,-,-,-,-
"Kaputar Rock Skink, Mt Kaputar Rock Skink",Critically Endangered,Animalia,Reptilia,-,Yes,-,-,-,-,-,-
Yakka Skink,Vulnerable,Animalia,Reptilia,-,-,-,Yes,-,-,-,-
"Western Spiny-tailed Skink, Baudin Island Spiny-tailed Skink",Endangered,Animalia,Reptilia,-,-,-,-,-,-,-,Yes
Nightcap Oak,Critically Endangered,Plantae,Magnoliopsida,-,Yes,-,-,-,-,-,-
-,Endangered,Plantae,Magnoliopsida,-,-,Yes,-,-,-,-,-
Minyon Quandong,Endangered,Plantae,Magnoliopsida,-,Yes,-,-,-,-,-,-
Hairy Quandong,Endangered,Plantae,Magnoliopsida,-,Yes,-,-,-,-,-,-
Mountain Procris,Critically Endangered,Plantae,Magnoliopsida,-,-,-,-,-,-,-,-
Keighery's Eleocharis,Vulnerable,Plantae,Liliopsida,-,-,-,-,-,-,-,Yes
a spike rush,Vulnerable,Plantae,Liliopsida,-,Yes,-,-,-,-,Yes,-
Dwarf Desert Spike-rush,Vulnerable,Plantae,Liliopsida,-,-,Yes,-,Yes,-,-,Yes
a sedge,Vulnerable,Plantae,Liliopsida,-,-,Yes,Yes,-,-,-,-
"Southern Snapping Turtle, White-throated Snapping Turtle",Critically Endangered,Animalia,Reptilia,-,-,-,Yes,-,-,-,-
"Irwin's Turtle, White-headed Snapping Turtle",Vulnerable,Animalia,Reptilia,-,-,-,Yes,-,-,-,-
Gulf Snapping Turtle,Endangered,Animalia,Reptilia,-,-,Yes,Yes,-,-,-,-
"Mary River Turtle, Mary River Tortoise",Critically Endangered,Animalia,Reptilia,-,-,-,Yes,-,-,-,-
"Christmas Island Forest Skink, Christmas Island Whiptail-skink",Extinct,Animalia,Reptilia,-,-,-,-,-,-,-,-
"Jardine River Turtle, Red-flushed River Turtle",Critically Endangered,Animalia,Reptilia,-,-,-,Yes,-,-,-,-
-,Endangered,Plantae,Magnoliopsida,-,-,-,Yes,-,-,-,-
"Floyd's Walnut, Crystal Creek Walnut",Endangered,Plantae,Magnoliopsida,-,Yes,-,Yes,-,-,-,-
"Rusty Rose Walnut, Velvet Laurel",Vulnerable,Plantae,Magnoliopsida,-,Yes,-,Yes,-,-,-,-
Central North Burrowing Crayfish,Endangered,Animalia,Malacostraca,-,-,-,-,-,Yes,-,-
Furneaux Burrowing Crayfish,Endangered,Animalia,Malacostraca,-,-,-,-,-,Yes,-,-
Mount Arthur Burrowing Crayfish,Vulnerable,Animalia,Malacostraca,-,-,-,-,-,Yes,-,-
Scottsdale Burrowing Crayfish,Endangered,Animalia,Malacostraca,-,-,-,-,-,Yes,-,-
Burnie Burrowing Crayfish,Vulnerable,Animalia,Malacostraca,-,-,-,-,-,Yes,-,-
Margaret River Burrowing Crayfish,Critically Endangered,Animalia,Malacostraca,-,-,-,-,-,-,-,Yes
Dunsborough Burrowing Crayfish,Critically Endangered,Animalia,Malacostraca,-,-,-,-,-,-,-,Yes
Walpole Burrowing Crayfish,Endangered,Animalia,Malacostraca,-,-,-,-,-,-,-,Yes
Apsley Heath,Endangered,Plantae,Magnoliopsida,-,-,-,-,-,Yes,-,-
"Bearded Heath, Freycinet Heath",Endangered,Plantae,Magnoliopsida,-,-,-,-,-,Yes,-,-
South Esk Heath,Endangered,Plantae,Magnoliopsida,-,-,-,-,-,Yes,-,-
"Funnel Heath, Smooth Heath",Endangered,Plantae,Magnoliopsida,-,-,-,-,-,Yes,-,-
"Grand Heath, Tall Heath",Endangered,Plantae,Magnoliopsida,-,-,-,-,-,Yes,-,-
"Mt Cameron Heath, Granite Heath",Critically Endangered,Plantae,Magnoliopsida,-,-,-,-,-,Yes,-,-
-,Endangered,Plantae,Magnoliopsida,-,Yes,-,-,-,-,-,-
"Border Heath, Bordered Heath",Critically Endangered,Plantae,Magnoliopsida,-,-,-,-,-,Yes,-,-
-,Endangered,Plantae,Magnoliopsida,-,Yes,-,-,-,-,-,-
"Southport Heath, Stuart's Heath",Critically Endangered,Plantae,Magnoliopsida,-,-,-,-,-,Yes,-,-
"Pretty Heath, Dan Hill Heath",Endangered,Plantae,Magnoliopsida,-,-,-,-,-,Yes,-,-
Bog Willow-herb,Vulnerable,Plantae,Magnoliopsida,-,-,-,-,-,-,Yes,-
"Black Rockcod, Black Cod, Saddled Rockcod",Vulnerable,Animalia,Actinopterygii,-,Yes,-,Yes,-,-,Yes,-
"Capricorn Yellow Chat, Yellow Chat (Dawson)",Critically Endangered,Animalia,Aves,-,-,-,Yes,-,-,-,-
"Alligator Rivers Yellow Chat, Yellow Chat (Alligator Rivers)",Endangered,Animalia,Aves,-,-,Yes,-,-,-,-,-
-,Endangered,Plantae,Liliopsida,-,-,-,Yes,-,-,-,-
-,Endangered,Plantae,Magnoliopsida,-,-,-,-,-,-,-,Yes
Fitzgerald Eremophila,Vulnerable,Plantae,Magnoliopsida,-,-,-,-,-,-,-,Yes
Cumquat Eremophila,Endangered,Plantae,Magnoliopsida,-,-,-,-,-,-,-,Yes
-,Endangered,Plantae,Magnoliopsida,-,-,-,-,-,-,-,Yes
-,Critically Endangered,Plantae,Magnoliopsida,-,-,-,-,-,-,-,Yes
"Koobabbie Eremophila, Koobabbie Poverty Bush",Critically Endangered,Plantae,Magnoliopsida,-,-,-,-,-,-,-,Yes
Milky Emu Bush,Endangered,Plantae,Magnoliopsida,-,-,-,-,-,-,-,Yes
Silky Eremophila,Endangered,Plantae,Magnoliopsida,-,-,-,-,-,-,-,Yes
Pinnate-leaf Eremophila,Endangered,Plantae,Magnoliopsida,-,-,-,-,-,-,-,Yes
Rainbow Valley Fuchsia Bush,Vulnerable,Plantae,Magnoliopsida,-,-,Yes,-,-,-,-,-
Resinous Eremophila,Endangered,Plantae,Magnoliopsida,-,-,-,-,-,-,-,Yes
Beaked Eremophila,Critically Endangered,Plantae,Magnoliopsida,-,-,-,-,-,-,-,Yes
Rough Emu Bush,Endangered,Plantae,Magnoliopsida,-,-,-,-,-,-,-,Yes
-,Critically Endangered,Plantae,Magnoliopsida,-,-,-,-,-,-,-,Yes
Lake King Eremophila,Endangered,Plantae,Magnoliopsida,-,-,-,-,-,-,-,Yes
Wongan Eremophila,Endangered,Plantae,Magnoliopsida,-,-,-,-,-,-,-,Yes
Resinous Poverty Bush,Vulnerable,Plantae,Magnoliopsida,-,-,-,-,-,-,-,Yes
Whorled Eremophila,Endangered,Plantae,Magnoliopsida,-,-,-,-,-,-,-,Yes
"Campion Eremophila, Green-flowered Emu bush",Endangered,Plantae,Magnoliopsida,-,-,-,-,-,-,-,Yes
Varnish Bush,Endangered,Plantae,Magnoliopsida,-,-,-,-,-,-,-,Yes
Hawksbill Turtle,Vulnerable,Animalia,Reptilia,-,Yes,Yes,Yes,-,-,-,Yes
"Austral Pipewort, Southern Pipewort",Endangered,Plantae,Liliopsida,-,Yes,-,-,Yes,-,Yes,-
"Salt Pipewort, Button Grass",Endangered,Plantae,Liliopsida,-,Yes,-,Yes,Yes,-,-,-
Blue Devil,Endangered,Plantae,Magnoliopsida,-,-,-,Yes,-,-,-,-
Red Goshawk,Endangered,Animalia,Aves,-,Yes,Yes,Yes,-,-,-,Yes
-,Vulnerable,Plantae,Magnoliopsida,-,-,Yes,-,-,-,-,-
Gouldian Finch,Endangered,Animalia,Aves,-,-,Yes,Yes,-,-,-,Yes
"Narrow Euastacus, Slender Dwarf Crayfish, Narrow Dwarf Crayfish",Critically Endangered,Animalia,Malacostraca,-,Yes,-,-,-,-,-,-
Murray Crayfish,Vulnerable,Animalia,Malacostraca,Yes,Yes,-,-,-,-,Yes,-
Balan Spiny Crayfish,Endangered,Animalia,Malacostraca,-,-,-,Yes,-,-,-,-
"Bidhawal Crayfish, Bidawal Crayfish, East Gippsland Spiny Crayfish",Endangered,Animalia,Malacostraca,-,Yes,-,-,-,-,Yes,-
Mt Elliot Crayfish,Critically Endangered,Animalia,Malacostraca,-,-,-,Yes,-,-,-,-
Embezee's Crayfish,Critically Endangered,Animalia,Malacostraca,-,-,-,Yes,-,-,-,-
"Glenelg Spiny Freshwater Crayfish, Pricklyback",Endangered,Animalia,Malacostraca,-,-,-,-,Yes,-,Yes,-
"Ellen Clark's Crayfish, Clark's Crayfish",Endangered,Animalia,Malacostraca,-,Yes,-,-,-,-,-,-
Mud Gully Crayfish,Critically Endangered,Animalia,Malacostraca,-,Yes,-,Yes,-,-,-,-
Fitzroy Falls Spiny Crayfish,Critically Endangered,Animalia,Malacostraca,-,Yes,-,-,-,-,-,-
Orbost Spiny Crayfish,Endangered,Animalia,Malacostraca,-,-,-,-,-,-,Yes,-
Eungella Spiny Crayfish,Endangered,Animalia,Malacostraca,-,-,-,Yes,-,-,-,-
"Flecker's Crayfish, Red and Blue Spiny Crayfish",Endangered,Animalia,Malacostraca,-,-,-,Yes,-,-,-,-
"Gamilaroi Crayfish, Gamilaroi Spiny Crayfish, Hanging Rock Crayfish",Endangered,Animalia,Malacostraca,-,Yes,-,-,-,-,-,-
Smooth Crayfish,Endangered,Animalia,Malacostraca,-,Yes,-,-,-,-,-,-
"Bloodclaw Crayfish, Blood Crayfish",Endangered,Animalia,Malacostraca,-,Yes,-,-,-,-,-,-
Swollen Crayfish,Critically Endangered,Animalia,Malacostraca,-,Yes,-,-,-,-,-,-
Tianjara Crayfish,Critically Endangered,Animalia,Malacostraca,-,Yes,-,-,-,-,-,-
Conondale Spiny Crayfish,Endangered,Animalia,Malacostraca,-,-,-,Yes,-,-,-,-
Blue-black Crayfish,Critically Endangered,Animalia,Malacostraca,-,Yes,-,-,-,-,-,-
Jagara Hairy Crayfish,Critically Endangered,Animalia,Malacostraca,-,-,-,Yes,-,-,-,-
Terrestrial Crayfish,Endangered,Animalia,Malacostraca,-,Yes,-,-,-,-,-,-
"Hinterland Spiny Crayfish, Hinterland Crayfish",Critically Endangered,Animalia,Malacostraca,-,-,-,Yes,-,-,-,-
Orange-bellied Crayfish,Endangered,Animalia,Malacostraca,-,Yes,-,Yes,-,-,-,-
"Monteith's Crayfish, Monteith's Spiny Crayfish",Endangered,Animalia,Malacostraca,-,-,-,Yes,-,-,-,-
Morgan's Crayfish,Critically Endangered,Animalia,Malacostraca,-,Yes,-,-,-,-,-,-
Many-bristled Crayfish,Endangered,Animalia,Malacostraca,-,Yes,-,-,-,-,-,-
Riek's Crayfish,Endangered,Animalia,Malacostraca,Yes,Yes,-,-,-,-,-,-
"Robert's Crayfish, Robert's Spiny Crayfish",Endangered,Animalia,Malacostraca,-,-,-,Yes,-,-,-,-
"Simple Crayfish, Small Mountain Crayfish",Endangered,Animalia,Malacostraca,-,Yes,-,-,-,-,-,-
"Coughran's Crayfish, Arte Spiny Crayfish",Endangered,Animalia,Malacostraca,-,-,-,-,-,-,Yes,-
Small Crayfish,Endangered,Animalia,Malacostraca,-,Yes,-,-,-,-,-,-
Sutton's Crayfish,Endangered,Animalia,Malacostraca,-,Yes,-,Yes,-,-,-,-
Maleny Crayfish,Endangered,Animalia,Malacostraca,-,-,-,Yes,-,-,-,-
Cudgegong Giant Spiny Crayfish,Critically Endangered,Animalia,Malacostraca,-,Yes,-,-,-,-,-,-
"Cardwell Crayfish, Cardwell Hairy Crayfish",Critically Endangered,Animalia,Malacostraca,-,-,-,Yes,-,-,-,-
Southern Right Whale,Endangered,Animalia,Mammalia,-,Yes,-,Yes,Yes,Yes,Yes,Yes
Badgingarra Box,Endangered,Plantae,Magnoliopsida,-,-,-,-,-,-,-,Yes
Black Gum,Vulnerable,Plantae,Magnoliopsida,Yes,Yes,-,-,-,-,Yes,-
Lima Stringybark,Endangered,Plantae,Magnoliopsida,-,-,-,-,-,-,Yes,-
a stringybark,Vulnerable,Plantae,Magnoliopsida,-,Yes,-,-,-,-,-,-
"Mountain Swamp Gum, Broad-leaved Sallee, Broad-leaved Sally",Critically Endangered,Plantae,Magnoliopsida,-,Yes,-,-,-,-,-,-
"Queensland White Gum, Queensland Western White Gum, Lapunyah, Scrub Gum, White Gum",Vulnerable,Plantae,Magnoliopsida,-,-,-,Yes,-,-,-,-
"Yanchep Mallee, Wabling Hill Mallee",Vulnerable,Plantae,Magnoliopsida,-,-,-,-,-,-,-,Yes
Ponton Creek Mallee,Vulnerable,Plantae,Magnoliopsida,-,-,-,-,-,-,-,Yes
Bean's Ironbark,Vulnerable,Plantae,Magnoliopsida,-,-,-,Yes,-,-,-,-
Beard's Mallee,Vulnerable,Plantae,Magnoliopsida,-,-,-,-,-,-,-,Yes
"Camden White Gum, Nepean River Gum",Critically Endangered,Plantae,Magnoliopsida,-,Yes,-,-,-,-,-,-
"Bolivia Stringybark, Bolivia Hill Stringybark",Critically Endangered,Plantae,Magnoliopsida,-,Yes,-,-,-,-,-,-
Mukinbudin Mallee,Endangered,Plantae,Magnoliopsida,-,-,-,-,-,-,-,Yes
-,Endangered,Plantae,Magnoliopsida,-,-,-,Yes,-,-,-,-
Burdett Gum,Endangered,Plantae,Magnoliopsida,-,-,-,-,-,-,-,Yes
Warby Range Swamp Gum,Vulnerable,Plantae,Magnoliopsida,-,-,-,-,-,-,Yes,-
Ovenden's Ironbark,Vulnerable,Plantae,Magnoliopsida,-,Yes,-,-,-,-,-,-
Camfield's Stringybark,Vulnerable,Plantae,Magnoliopsida,-,Yes,-,-,-,-,-,-
"Silver-leaf Candlebark, Mt Canobolas Candlebark",Endangered,Plantae,Magnoliopsida,-,Yes,-,-,-,-,-,-
Seppelt Range Gum,Vulnerable,Plantae,Magnoliopsida,-,-,-,-,-,-,-,Yes
Swamp Stringybark,Endangered,Plantae,Magnoliopsida,-,-,-,Yes,-,-,-,-
-,Endangered,Plantae,Magnoliopsida,-,Yes,-,-,-,-,-,-
Crowned Mallee,Vulnerable,Plantae,Magnoliopsida,-,-,-,-,-,-,-,Yes
"Silver Gum, Buxton Gum",Endangered,Plantae,Magnoliopsida,-,-,-,-,-,-,Yes,-
Yandanooka Mallee,Vulnerable,Plantae,Magnoliopsida,-,-,-,-,-,-,-,Yes
Silver Mallee,Vulnerable,Plantae,Magnoliopsida,-,-,-,-,-,-,-,Yes
Paynes Find Mallee,Endangered,Plantae,Magnoliopsida,-,-,-,-,-,-,-,Yes
Mallee Box,Endangered,Plantae,Magnoliopsida,-,-,-,-,-,-,-,Yes
Dalveen Blue Box,Critically Endangered,Plantae,Magnoliopsida,-,-,-,Yes,-,-,-,-
"Dandaragan Mallee, Mount Misery Mallee",Endangered,Plantae,Magnoliopsida,-,-,-,-,-,-,-,Yes
Brumby Sallee,Endangered,Plantae,Magnoliopsida,-,Yes,-,-,-,-,Yes,-
Slaty Red Gum,Vulnerable,Plantae,Magnoliopsida,-,Yes,-,Yes,-,-,-,-
Miena Cider Gum,Endangered,Plantae,Magnoliopsida,-,-,-,-,-,Yes,-,-
Goodwood Gum,Vulnerable,Plantae,Magnoliopsida,-,-,-,Yes,-,-,-,-
"Imlay Mallee, Mount Imlay Mallee",Critically Endangered,Plantae,Magnoliopsida,-,Yes,-,-,-,-,-,-
Eneabba Mallee,Endangered,Plantae,Magnoliopsida,-,-,-,-,-,-,-,Yes
Durikai Mallee,Vulnerable,Plantae,Magnoliopsida,-,-,-,Yes,-,-,-,-
Twin Peak Island Mallee,Endangered,Plantae,Magnoliopsida,-,-,-,-,-,-,-,Yes
Johnson's Mallee,Vulnerable,Plantae,Magnoliopsida,-,-,-,-,-,-,-,Yes
Mount Beerwah Mallee,Vulnerable,Plantae,Magnoliopsida,-,-,-,Yes,-,-,-,-
Araluen Gum,Vulnerable,Plantae,Magnoliopsida,-,Yes,-,-,-,-,-,-
"Albatross Mallee, Green Mallee Ash",Vulnerable,Plantae,Magnoliopsida,-,Yes,-,-,-,-,-,-
Craven Grey Box,Endangered,Plantae,Magnoliopsida,-,Yes,-,-,-,-,-,-
Laterite Mallee,Vulnerable,Plantae,Magnoliopsida,-,-,-,-,-,-,-,Yes
"Scaly Butt Mallee, Scaly-butt Mallee",Endangered,Plantae,Magnoliopsida,-,-,-,-,-,-,-,Yes
"Camden Woollybutt, Paddys River Box",Endangered,Plantae,Magnoliopsida,-,Yes,-,-,-,-,-,-
McKie's Stringybark,Vulnerable,Plantae,Magnoliopsida,-,Yes,-,-,-,-,-,-
Goblet Mallee,Vulnerable,Plantae,Magnoliopsida,-,-,-,-,-,-,-,Yes
"Mountain White Gum,  King Leopold Range Mallee, Moore's Gum",Vulnerable,Plantae,Magnoliopsida,-,-,-,-,-,-,-,Yes
"Morrisby's Gum, Morrisbys Gum",Critically Endangered,Plantae,Magnoliopsida,-,-,-,-,-,Yes,-,-
"Narrow-leaved Peppermint, Narrow-leaved Black Peppermint",Vulnerable,Plantae,Magnoliopsida,-,Yes,-,-,-,-,-,-
Mt Isa Mallee,Endangered,Plantae,Magnoliopsida,-,-,-,Yes,-,-,-,-
Banyabba Shiny-barked Gum,Endangered,Plantae,Magnoliopsida,-,Yes,-,-,-,-,-,-
Mt Stuart Ironbark,Vulnerable,Plantae,Magnoliopsida,-,-,-,Yes,-,-,-,-
Wadbilliga Ash,Critically Endangered,Plantae,Magnoliopsida,-,Yes,-,-,-,-,-,-
"Mount Compass Swamp Gum, Fleurieu Swamp Gum, Marsh Gum",Endangered,Plantae,Magnoliopsida,-,-,-,-,Yes,-,-,-
"Earp's Gum, Earp's Dirty Gum",Vulnerable,Plantae,Magnoliopsida,-,Yes,-,-,-,-,-,-
Small-leaved Gum,Vulnerable,Plantae,Magnoliopsida,-,Yes,-,-,-,-,-,-
Brumby Mallee-gum,Critically Endangered,Plantae,Magnoliopsida,-,-,-,-,-,-,Yes,-
Jimberlana Mallee,Vulnerable,Plantae,Magnoliopsida,-,-,-,-,-,-,-,Yes
"Midlands Gum, Jingymia Gum",Endangered,Plantae,Magnoliopsida,-,-,-,-,-,-,-,Yes
"Silver-leaved Mountain Gum, Silver-leaved Gum",Vulnerable,Plantae,Magnoliopsida,-,Yes,-,-,-,-,-,-
Pokolbin Mallee,Vulnerable,Plantae,Magnoliopsida,-,Yes,-,-,-,-,-,-
Black Ironbox,Vulnerable,Plantae,Magnoliopsida,-,-,-,Yes,-,-,-,-
Silver Mallet,Endangered,Plantae,Magnoliopsida,-,-,-,-,-,-,-,Yes
Mongarlowe Mallee,Critically Endangered,Plantae,Magnoliopsida,-,Yes,-,-,-,-,-,-
Rose Mallee,Vulnerable,Plantae,Magnoliopsida,-,-,-,-,-,-,-,Yes
Robertson's Peppermint,Vulnerable,Plantae,Magnoliopsida,-,Yes,-,-,-,-,-,-
Blackbutt Candlebark,Vulnerable,Plantae,Magnoliopsida,-,Yes,-,-,-,-,-,-
"Wallangarra White Gum, Willow Gum",Vulnerable,Plantae,Magnoliopsida,-,Yes,-,Yes,-,-,-,-
-,Critically Endangered,Plantae,Magnoliopsida,-,Yes,-,-,-,-,-,-
-,Critically Endangered,Plantae,Magnoliopsida,-,Yes,-,-,-,-,-,-
Steedmans Gum,Vulnerable,Plantae,Magnoliopsida,-,-,-,-,-,-,-,Yes
Jillaga Ash,Endangered,Plantae,Magnoliopsida,-,Yes,-,-,-,-,-,-
Strzelecki Gum,Vulnerable,Plantae,Magnoliopsida,-,-,-,-,-,-,Yes,-
Ettrema Mallee,Endangered,Plantae,Magnoliopsida,-,Yes,-,-,-,-,-,-
"Cork Mallee, Mount Lesueur Mallee",Vulnerable,Plantae,Magnoliopsida,-,-,-,-,-,-,-,Yes
Jingymia Mallee,Vulnerable,Plantae,Magnoliopsida,-,-,-,-,-,-,-,Yes
Helidon Ironbark,Endangered,Plantae,Magnoliopsida,-,-,-,Yes,-,-,-,-
Square-fruited Ironbark,Vulnerable,Plantae,Magnoliopsida,-,Yes,-,-,-,-,-,-
-,Vulnerable,Plantae,Magnoliopsida,-,-,-,Yes,-,-,-,-
"Cadda Road Mallee, Cadda Mallee",Endangered,Plantae,Magnoliopsida,-,-,-,-,-,-,-,Yes
Meelup Mallee,Endangered,Plantae,Magnoliopsida,-,-,-,-,-,-,-,Yes
-,Vulnerable,Plantae,Magnoliopsida,-,-,-,Yes,-,-,-,-
Alpine Water Skink,Vulnerable,Animalia,Reptilia,Yes,Yes,-,-,-,-,Yes,-
Blue Mountains Water Skink,Endangered,Animalia,Reptilia,-,Yes,-,-,-,-,-,-
"Corangamite Water Skink, Dreeite Water Skink",Endangered,Animalia,Reptilia,-,-,-,-,-,-,Yes,-
-,Vulnerable,Plantae,Magnoliopsida,-,-,-,Yes,-,-,-,-
Norfolk Island Euphorbia,Critically Endangered,Plantae,Magnoliopsida,-,-,-,-,-,-,-,-
a herb,Vulnerable,Plantae,Magnoliopsida,-,-,-,Yes,-,-,-,-
Shiny Cliff Eyebright,Vulnerable,Plantae,Magnoliopsida,-,-,-,-,-,Yes,-,-
-,Critically Endangered,Plantae,Magnoliopsida,-,Yes,-,-,-,-,-,-
"Lamington Eyebright, Mt. Merino Eyebright",Vulnerable,Plantae,Magnoliopsida,-,Yes,-,Yes,-,-,-,-
-,Vulnerable,Plantae,Magnoliopsida,-,Yes,-,-,-,-,-,-
"Purple Eyebright, Mueller's Eyebright",Endangered,Plantae,Magnoliopsida,-,Yes,-,-,Yes,-,Yes,-
Osborn's Eyebright,Endangered,Plantae,Magnoliopsida,-,-,-,-,Yes,-,-,-
Thick Eyebright,Vulnerable,Plantae,Magnoliopsida,-,-,-,-,-,-,Yes,-
Bogong Eyebright,Vulnerable,Plantae,Magnoliopsida,-,-,-,-,-,-,Yes,-
"Shy Eyebright, Southport Eyebright",Critically Endangered,Plantae,Magnoliopsida,-,-,-,-,-,Yes,-,-
Swamp Eyebright,Critically Endangered,Plantae,Magnoliopsida,-,-,-,-,-,Yes,-,-
"Bufton's Eyebright, Hairy Cliff Eyebright",Vulnerable,Plantae,Magnoliopsida,-,-,-,-,-,Yes,-,-
subshrub,Extinct,Plantae,Magnoliopsida,-,Yes,-,-,-,-,-,-
Peninsula Eyebright,Endangered,Plantae,Magnoliopsida,-,-,-,-,-,Yes,-,-
"Masked Eyebright, Masked Cliff Eyebright",Endangered,Plantae,Magnoliopsida,-,-,-,-,-,Yes,-,-
Grey Falcon,Vulnerable,Animalia,Aves,Yes,Yes,Yes,Yes,Yes,-,Yes,Yes
"Crested Shrike-tit (northern), Northern Shrike-tit",Vulnerable,Animalia,Aves,-,-,Yes,-,-,-,-,Yes
-,Endangered,Plantae,Liliopsida,-,-,-,Yes,-,-,-,-
"Ball Nut, Possum Nut, Big Nut, Beefwood",Vulnerable,Plantae,Magnoliopsida,-,Yes,-,Yes,-,-,-,-
Southern Fontainea,Vulnerable,Plantae,Magnoliopsida,-,Yes,-,Yes,-,-,-,-
Coastal Fontainea,Critically Endangered,Plantae,Magnoliopsida,-,Yes,-,-,-,-,-,-
-,Vulnerable,Plantae,Magnoliopsida,-,-,-,Yes,-,-,-,-
-,Critically Endangered,Plantae,Magnoliopsida,-,Yes,-,-,-,-,-,-
-,Vulnerable,Plantae,Magnoliopsida,-,-,-,Yes,-,-,-,-
Silky Frankenia,Endangered,Plantae,Magnoliopsida,-,-,-,-,-,-,-,Yes
Decurrent-leaved Frankenia,Extinct,Plantae,Magnoliopsida,-,-,-,-,-,-,-,Yes
Short-leaved Frankenia,Endangered,Plantae,Magnoliopsida,-,-,-,-,-,-,-,Yes
-,Endangered,Plantae,Magnoliopsida,-,-,-,-,Yes,-,-,-
"Christmas Island Frigatebird, Andrew's Frigatebird",Endangered,Animalia,Aves,-,-,-,-,-,-,-,-
"White-bellied Storm-Petrel (Tasman Sea), White-bellied Storm-Petrel (Australasian)",Vulnerable,Animalia,Aves,-,Yes,-,Yes,-,Yes,Yes,-
Dunmall's Snake,Vulnerable,Animalia,Reptilia,-,Yes,-,Yes,-,-,-,-
Western Victorian Blackfish,Endangered,Animalia,Actinopterygii,-,-,-,-,-,-,Yes,-
East Gippsland Galaxias,Critically Endangered,Animalia,Actinopterygii,-,-,-,-,-,-,Yes,-
Golden Galaxias,Endangered,Animalia,Actinopterygii,-,-,-,-,-,Yes,-,-
Short-tail Galaxias,Critically Endangered,Animalia,Actinopterygii,-,Yes,-,-,-,-,-,-
Swan Galaxias,Endangered,Animalia,Actinopterygii,-,-,-,-,-,Yes,-,-
Barred Galaxias,Endangered,Animalia,Actinopterygii,-,-,-,-,-,-,Yes,-
Shaw Galaxias,Critically Endangered,Animalia,Actinopterygii,-,-,-,-,-,-,Yes,-
Clarence Galaxias,Endangered,Animalia,Actinopterygii,-,-,-,-,-,Yes,-,-
Tapered Galaxias,Critically Endangered,Animalia,Actinopterygii,-,-,-,-,-,-,Yes,-
West Gippsland Galaxias,Critically Endangered,Animalia,Actinopterygii,-,-,-,-,-,-,Yes,-
McDowall's Galaxias,Critically Endangered,Animalia,Actinopterygii,-,-,-,-,-,-,Yes,-
Dargo Galaxias,Critically Endangered,Animalia,Actinopterygii,-,-,-,-,-,-,Yes,-
Swamp Galaxias,Vulnerable,Animalia,Actinopterygii,-,-,-,-,-,Yes,-,-
"Flathead Galaxias, Beaked Minnow, Flat-headed Galaxias, Flat-headed Jollytail, Flat-headed Minnow",Critically Endangered,Animalia,Actinopterygii,-,Yes,-,-,Yes,-,Yes,-
"Hunter Galaxias, Hunter Upland Galaxias",Critically Endangered,Animalia,Actinopterygii,-,Yes,-,-,-,-,-,-
Moroka Galaxias,Critically Endangered,Animalia,Actinopterygii,-,-,-,-,-,-,Yes,-
Morwell Galaxias,Critically Endangered,Animalia,Actinopterygii,-,-,-,-,-,-,Yes,-
Yalmy Galaxias,Critically Endangered,Animalia,Actinopterygii,-,-,-,-,-,-,Yes,-
Kosciuszko Galaxias,Critically Endangered,Animalia,Actinopterygii,-,Yes,-,-,-,-,-,-
Stocky Galaxias,Critically Endangered,Animalia,Actinopterygii,-,Yes,-,-,-,-,-,-
Saddled Galaxias,Vulnerable,Animalia,Actinopterygii,-,-,-,-,-,Yes,-,-
Roundsnout Galaxias,Endangered,Animalia,Actinopterygii,-,Yes,-,-,-,-,Yes,-
Western Trout Minnow,Endangered,Animalia,Actinopterygii,-,-,-,-,-,-,-,Yes
"Western Dwarf Galaxias, Western Mud Minnow",Vulnerable,Animalia,Actinopterygii,-,-,-,-,-,-,-,Yes
"Blackstriped Dwarf Galaxias, Black-stripe Minnow",Endangered,Animalia,Actinopterygii,-,-,-,-,-,-,-,Yes
"Eastern Dwarf Galaxias, Dwarf Galaxias",Endangered,Animalia,Actinopterygii,-,-,-,-,-,Yes,Yes,-
Subantarctic Bedstraw,Critically Endangered,Plantae,Magnoliopsida,-,-,-,-,-,Yes,-,-
"Latham's Snipe, Japanese Snipe",Vulnerable,Animalia,Aves,Yes,Yes,-,Yes,Yes,Yes,Yes,-
-,Endangered,Plantae,Magnoliopsida,-,-,-,Yes,-,-,-,-
Hann Gardenia,Vulnerable,Plantae,Magnoliopsida,-,-,-,Yes,-,-,-,-
Scale-leaf Poison,Vulnerable,Plantae,Magnoliopsida,-,-,-,-,-,-,-,Yes
Metricup Pea,Critically Endangered,Plantae,Magnoliopsida,-,-,-,-,-,-,-,Yes
Bodallin Poison,Critically Endangered,Plantae,Magnoliopsida,-,-,-,-,-,-,-,Yes
"Spike Poison, Wongan Poison",Endangered,Plantae,Magnoliopsida,-,-,-,-,-,-,-,Yes
Granite Poison,Endangered,Plantae,Magnoliopsida,-,-,-,-,-,-,-,Yes
Hook-point Poison,Endangered,Plantae,Magnoliopsida,-,-,-,-,-,-,-,Yes
-,Endangered,Plantae,Magnoliopsida,-,-,-,-,-,-,-,Yes
Cranbrook Pea,Vulnerable,Plantae,Magnoliopsida,-,-,-,-,-,-,-,Yes
Yellow-leafed Gastrolobium,Critically Endangered,Plantae,Magnoliopsida,-,-,-,-,-,-,-,Yes
Broad-leaved Gastrolobium,Vulnerable,Plantae,Magnoliopsida,-,-,-,-,-,-,-,Yes
Butterfly-leaved Gastrolobium,Endangered,Plantae,Magnoliopsida,-,-,-,-,-,-,-,Yes
-,Critically Endangered,Plantae,Magnoliopsida,-,-,-,-,-,-,-,Yes
Green Waxberry,Endangered,Plantae,Magnoliopsida,-,Yes,-,Yes,-,-,-,-
-,Endangered,Plantae,Magnoliopsida,-,Yes,-,-,-,-,-,-
"Yellow Gnat-orchid, Bauer's Midge Orchid, Brittle Midge Orchid",Endangered,Plantae,Liliopsida,-,Yes,-,-,-,-,-,-
"Plumed Midge-orchid, Tallong Midge Orchid",Endangered,Plantae,Liliopsida,-,Yes,-,-,-,-,-,-
Pambula Midge-orchid,Endangered,Plantae,Liliopsida,-,Yes,-,-,-,-,-,-
Cardwell Midge Orchid,Endangered,Plantae,Liliopsida,-,-,-,Yes,-,-,-,-
East Lynne Midge-orchid,Vulnerable,Plantae,Liliopsida,-,Yes,-,-,-,-,-,-
Baeuerlen's Gentian,Critically Endangered,Plantae,Magnoliopsida,Yes,Yes,-,-,-,-,-,-
Bredbo Gentian,Critically Endangered,Plantae,Magnoliopsida,-,Yes,-,-,-,-,-,-
Wingecarribee Gentian,Endangered,Plantae,Magnoliopsida,-,Yes,-,-,-,-,-,-
New England Gentian,Critically Endangered,Plantae,Magnoliopsida,-,Yes,-,-,-,-,-,-
"White-bellied Frog, Creek Frog",Critically Endangered,Animalia,Amphibia,-,-,-,-,-,-,-,Yes
Orange-bellied Frog,Vulnerable,Animalia,Amphibia,-,-,-,-,-,-,-,Yes
Squatter Pigeon (southern),Vulnerable,Animalia,Aves,-,Yes,-,Yes,-,-,-,-
Partridge Pigeon (western),Vulnerable,Animalia,Aves,-,-,-,-,-,-,-,Yes
Partridge Pigeon (eastern),Vulnerable,Animalia,Aves,-,-,Yes,-,-,-,-,Yes
-,Vulnerable,Plantae,Liliopsida,-,-,-,Yes,-,-,-,-
"Lord Howe Gerygone, Lord Howe Warbler",Extinct,Animalia,Aves,-,Yes,-,-,-,-,-,-
"Mountain Angelica, Broad-leafed Carrot",Endangered,Plantae,Magnoliopsida,-,Yes,-,-,-,-,-,-
Nangetty Grass,Endangered,Plantae,Liliopsida,-,-,-,-,-,-,-,Yes
"Clover Glycine, Purple Clover",Vulnerable,Plantae,Magnoliopsida,-,Yes,-,-,Yes,Yes,Yes,-
"Northern River Shark, New Guinea River Shark",Endangered,Animalia,Chondrichthyes,-,-,Yes,-,-,-,-,Yes
Speartooth Shark,Critically Endangered,Animalia,Chondrichthyes,-,-,Yes,Yes,-,-,-,-
-,Endangered,Plantae,Magnoliopsida,-,-,-,-,-,-,-,Yes
Gypsum Goodenia,Vulnerable,Plantae,Magnoliopsida,-,-,-,-,-,-,-,Yes
-,Vulnerable,Plantae,Magnoliopsida,-,-,Yes,-,-,-,-,-
"Sweet Myrtle, Small-leaved Myrtle",Endangered,Plantae,Magnoliopsida,-,Yes,-,Yes,-,-,-,-
Angle-stemmed Myrtle,Endangered,Plantae,Magnoliopsida,-,-,-,Yes,-,-,-,-
"Western Woolly Cyphanthera, Western Cyphanthera",Endangered,Plantae,Magnoliopsida,-,-,-,-,-,-,-,Yes
Painted Honeyeater,Vulnerable,Animalia,Aves,Yes,Yes,Yes,Yes,Yes,-,Yes,-
"Holly-leaved Graptophyllum, Mt Blackwood Holly",Vulnerable,Plantae,Magnoliopsida,-,-,-,Yes,-,-,-,-
Veiny Graptophyllum,Endangered,Plantae,Magnoliopsida,-,-,-,Yes,-,-,-,-
Bog Grevillea,Endangered,Plantae,Magnoliopsida,-,Yes,-,-,-,-,-,-
-,Endangered,Plantae,Magnoliopsida,-,-,-,-,-,-,-,Yes
-,Endangered,Plantae,Magnoliopsida,-,-,-,-,-,-,-,Yes
-,Vulnerable,Plantae,Magnoliopsida,-,Yes,-,-,-,-,-,-
Mt Lesueur Grevillea,Endangered,Plantae,Magnoliopsida,-,-,-,-,-,-,-,Yes
Beadle's Grevillea,Endangered,Plantae,Magnoliopsida,-,Yes,-,-,-,-,-,-
Enfield Grevillea,Vulnerable,Plantae,Magnoliopsida,-,-,-,-,-,-,Yes,-
-,Vulnerable,Plantae,Magnoliopsida,-,-,-,-,-,-,-,Yes
Large-flowered Short-styled Grevillea,Critically Endangered,Plantae,Magnoliopsida,-,-,-,-,-,-,-,Yes
-,Critically Endangered,Plantae,Magnoliopsida,-,-,-,-,-,-,-,Yes
Burrowa Grevillea,Critically Endangered,Plantae,Magnoliopsida,-,-,-,-,-,-,Yes,-
Caley's Grevillea,Critically Endangered,Plantae,Magnoliopsida,-,Yes,-,-,-,-,-,-
"Foote's Grevillea, Cataby Grevillea, Black Magic Grevillea",Endangered,Plantae,Magnoliopsida,-,-,-,-,-,-,-,Yes
"Colquhoun Grevillea, Nowa Nowa Grevillea",Vulnerable,Plantae,Magnoliopsida,-,-,-,-,-,-,Yes,-
Christine's Grevillea,Endangered,Plantae,Magnoliopsida,-,-,-,-,-,-,-,Yes
a shrub,Endangered,Plantae,Magnoliopsida,-,-,-,-,-,-,-,Yes
Curved-leaf Grevillea,Endangered,Plantae,Magnoliopsida,-,-,-,-,-,-,-,Yes
Narrow curved-leaf Grevillea,Endangered,Plantae,Magnoliopsida,-,-,-,-,-,-,-,Yes
Phalanx Grevillea,Endangered,Plantae,Magnoliopsida,-,-,-,-,-,-,-,Yes
Hairy Phalanx Grevillea,Endangered,Plantae,Magnoliopsida,-,-,-,-,-,-,-,Yes
Ironstone Grevillea,Vulnerable,Plantae,Magnoliopsida,-,-,-,-,-,-,-,Yes
-,Vulnerable,Plantae,Magnoliopsida,-,Yes,-,-,-,-,-,-
Zig Zag Grevillea,Vulnerable,Plantae,Magnoliopsida,-,-,-,-,-,-,-,Yes
"Drooping Grevillea, Ben Major Grevillea",Vulnerable,Plantae,Magnoliopsida,-,-,-,-,-,-,Yes,-
-,Vulnerable,Plantae,Magnoliopsida,-,-,-,Yes,-,-,-,-
-,Endangered,Plantae,Magnoliopsida,-,Yes,-,-,-,-,-,-
Coochin Hills Grevillea,Critically Endangered,Plantae,Magnoliopsida,-,-,-,Yes,-,-,-,-
Spreading Grevillea,Endangered,Plantae,Magnoliopsida,-,-,-,-,-,-,-,Yes
Wee Jasper Grevillea,Endangered,Plantae,Magnoliopsida,-,Yes,-,-,-,-,-,-
Anglesea Grevillea,Vulnerable,Plantae,Magnoliopsida,-,-,-,-,-,-,Yes,-
Fan-leaf Grevillea,Endangered,Plantae,Magnoliopsida,-,-,-,-,-,-,-,Yes
Lake Varley Grevillea,Endangered,Plantae,Magnoliopsida,-,-,-,-,-,-,-,Yes
"Pine Mountain Grevillea, Green Grevillea",Endangered,Plantae,Magnoliopsida,-,-,-,-,-,-,Yes,-
Flame Spider-flower,Vulnerable,Plantae,Magnoliopsida,-,Yes,-,Yes,-,-,-,-
McCutcheon's Grevillea,Endangered,Plantae,Magnoliopsida,-,-,-,-,-,-,-,Yes
-,Endangered,Plantae,Magnoliopsida,-,Yes,-,-,-,-,-,-
Maxwell's Grevillea,Endangered,Plantae,Magnoliopsida,-,-,-,-,-,-,-,Yes
-,Endangered,Plantae,Magnoliopsida,-,Yes,-,-,-,-,-,-
-,Endangered,Plantae,Magnoliopsida,-,Yes,-,-,-,-,-,-
Langi Ghiran Grevillea,Vulnerable,Plantae,Magnoliopsida,-,-,-,-,-,-,Yes,-
-,Endangered,Plantae,Magnoliopsida,-,-,-,-,-,-,-,Yes
Grey Grevillea,Endangered,Plantae,Magnoliopsida,-,Yes,-,-,-,-,-,-
Small-flower Grevillea,Vulnerable,Plantae,Magnoliopsida,-,Yes,-,-,-,-,-,-
Pythara Grevillea,Endangered,Plantae,Magnoliopsida,-,-,-,-,-,-,-,Yes
-,Vulnerable,Plantae,Magnoliopsida,-,Yes,-,Yes,-,-,-,-
Rare Grevillea,Endangered,Plantae,Magnoliopsida,-,-,-,-,-,-,-,Yes
-,Vulnerable,Plantae,Magnoliopsida,-,Yes,-,-,-,-,-,-
-,Endangered,Plantae,Magnoliopsida,-,Yes,-,-,-,-,-,-
Carrington Falls Grevillea,Critically Endangered,Plantae,Magnoliopsida,-,Yes,-,-,-,-,-,-
Corrigin Grevillea,Endangered,Plantae,Magnoliopsida,-,-,-,-,-,-,-,Yes
Black Grevillea,Critically Endangered,Plantae,Magnoliopsida,-,-,-,Yes,-,-,-,-
-,Vulnerable,Plantae,Magnoliopsida,-,Yes,-,-,-,-,-,-
-,Critically Endangered,Plantae,Magnoliopsida,-,-,-,-,-,-,-,Yes
Spider Net Grevillea,Critically Endangered,Plantae,Magnoliopsida,-,-,-,-,-,-,-,Yes
"Mt Finke Grevillea, Scarlet Grevillea",Vulnerable,Plantae,Magnoliopsida,-,-,-,-,Yes,-,-,-
Tumut Grevillea,Critically Endangered,Plantae,Magnoliopsida,-,Yes,-,-,-,-,-,-
Magnificent Helicarionid Land Snail,Critically Endangered,Animalia,Gastropoda,-,Yes,-,-,-,-,-,-
-,Critically Endangered,Plantae,Magnoliopsida,-,-,-,-,-,-,-,Yes
Leadbeater's Possum,Critically Endangered,Animalia,Mammalia,-,-,-,-,-,-,Yes,-
Net-veined Gyrostemon,Critically Endangered,Plantae,Magnoliopsida,-,-,-,-,-,-,-,Yes
Whiskered Rein Orchid,Endangered,Plantae,Liliopsida,-,-,-,Yes,-,-,-,-
Column Hakea,Vulnerable,Plantae,Magnoliopsida,-,-,-,-,-,-,-,Yes
-,Vulnerable,Plantae,Magnoliopsida,-,Yes,-,-,-,-,-,-
Kowmung Hakea,Critically Endangered,Plantae,Magnoliopsida,-,Yes,-,-,-,-,-,-
"Gnarled Corkbark, Fraser's Hakea",Vulnerable,Plantae,Magnoliopsida,-,Yes,-,-,-,-,-,-
-,Vulnerable,Plantae,Magnoliopsida,-,-,-,Yes,-,-,-,-
-,Endangered,Plantae,Magnoliopsida,-,Yes,-,Yes,-,-,-,-
Lesueur Hakea,Vulnerable,Plantae,Magnoliopsida,-,-,-,-,-,-,-,Yes
Lake Keepit Hakea,Endangered,Plantae,Magnoliopsida,-,Yes,-,-,-,-,-,-
Three-veined Hakea,Vulnerable,Plantae,Magnoliopsida,-,-,-,Yes,-,-,-,-
Lord Howe Abalone,Critically Endangered,Animalia,Gastropoda,-,Yes,-,-,-,-,-,-
Blue Petrel,Vulnerable,Animalia,Aves,-,Yes,-,Yes,Yes,Yes,Yes,Yes
"Wingless Raspwort, Square Raspwort",Vulnerable,Plantae,Magnoliopsida,-,Yes,-,-,Yes,-,Yes,-
Tall Velvet Sea-berry,Vulnerable,Plantae,Magnoliopsida,-,Yes,-,Yes,-,-,-,-
Prickly Raspwort,Endangered,Plantae,Magnoliopsida,-,-,-,-,Yes,-,-,-
Broad-fruited Haloragis,Critically Endangered,Plantae,Magnoliopsida,-,-,-,-,-,-,-,Yes
Hal,Endangered,Plantae,Magnoliopsida,-,Yes,-,-,-,-,-,-
Rainforest Cool-skink,Vulnerable,Animalia,Reptilia,-,Yes,-,Yes,-,-,-,-
"Giant Burrowing Frog, Eastern Owl Frog",Endangered,Animalia,Amphibia,-,Yes,-,-,-,-,-,-
"Southern Owl Frog, Southern Giant Burrowing Frog",Endangered,Animalia,Amphibia,-,Yes,-,-,-,-,Yes,-
-,Vulnerable,Plantae,Magnoliopsida,-,Yes,-,-,-,-,-,-
-,Endangered,Plantae,Magnoliopsida,-,-,Yes,-,-,-,-,-
Red Snakebush,Endangered,Plantae,Magnoliopsida,-,-,-,-,-,-,-,Yes
"Sargents Snakebush, Colourful Snakebush",Endangered,Plantae,Magnoliopsida,-,-,-,-,-,-,-,Yes
Grey Snake,Endangered,Animalia,Reptilia,-,Yes,-,Yes,-,-,-,-
Lemuroid Ringtail Possum,Endangered,Animalia,Mammalia,-,-,-,Yes,-,-,-,-
Branched Hemigenia,Critically Endangered,Plantae,Magnoliopsida,-,-,-,-,-,-,-,Yes
"New Zealand Pigeon (Norfolk Island race), Norfolk Island New Zealand Pigeon",Extinct,Animalia,Aves,-,-,-,-,-,-,-,-
Chapman's Hensmania,Vulnerable,Plantae,Liliopsida,-,-,-,-,-,-,-,Yes
"Douglas' Broad-headed Bee, Rottnest Bee",Critically Endangered,Animalia,Insecta,-,-,-,-,-,-,-,Yes
-,Vulnerable,Plantae,Magnoliopsida,-,-,-,Yes,-,-,-,-
Bandalup Buttercup,Critically Endangered,Plantae,Magnoliopsida,-,-,-,-,-,-,-,Yes
-,Endangered,Plantae,Magnoliopsida,-,Yes,-,-,-,-,-,-
Basalt Guinea-flower,Endangered,Plantae,Magnoliopsida,-,-,-,-,-,Yes,-,-
-,Critically Endangered,Plantae,Magnoliopsida,-,Yes,-,-,-,-,-,-
-,Endangered,Plantae,Magnoliopsida,-,Yes,-,-,-,-,-,-
Ooldea Guinea-flower,Vulnerable,Plantae,Magnoliopsida,-,-,-,-,Yes,-,-,Yes
Dergholm Guinea-flower,Vulnerable,Plantae,Magnoliopsida,-,-,-,-,-,-,Yes,-
Euroa Guinea-flower,Vulnerable,Plantae,Magnoliopsida,-,-,-,-,-,-,Yes,-
-,Vulnerable,Plantae,Magnoliopsida,-,Yes,-,-,-,-,-,-
Bundanoon Guinea-flower,Endangered,Plantae,Magnoliopsida,-,Yes,-,-,-,-,-,-
-,Critically Endangered,Plantae,Magnoliopsida,-,-,-,-,-,-,-,Yes
-,Critically Endangered,Plantae,Magnoliopsida,-,Yes,-,-,-,-,-,-
-,Critically Endangered,Plantae,Magnoliopsida,-,-,-,-,-,-,-,Yes
Julian's Hibbertia,Critically Endangered,Plantae,Magnoliopsida,-,Yes,-,-,-,-,-,-
-,Critically Endangered,Plantae,Magnoliopsida,-,Yes,-,-,-,-,-,-
Yundi Guinea-flower,Critically Endangered,Plantae,Magnoliopsida,-,-,-,-,Yes,-,-,-
Wheeler's Buttercup,Critically Endangered,Plantae,Magnoliopsida,-,-,-,-,-,-,-,Yes
a shrub,Vulnerable,Plantae,Magnoliopsida,-,-,Yes,-,-,-,-,-
-,Vulnerable,Plantae,Magnoliopsida,-,-,Yes,-,-,-,-,-
Phillip Island Hibiscus,Critically Endangered,Plantae,Magnoliopsida,-,-,-,-,-,-,-,-
"Monkey Nut, Bopple Nut, Red Bopple, Red Bopple Nut, Red Nut, Beef Nut, Red Apple Nut, Red Boppel Nut, Ivory Silky Oak",Vulnerable,Plantae,Magnoliopsida,-,Yes,-,Yes,-,-,-,-
"White's Seahorse, Crowned Seahorse, Sydney Seahorse",Endangered,Animalia,Actinopterygii,-,Yes,-,Yes,-,-,-,-
Arnhem Leaf-nosed Bat,Endangered,Animalia,Mammalia,-,-,Yes,-,-,-,-,-
"Semon's Leaf-nosed Bat, Greater Wart-nosed Horseshoe-bat",Vulnerable,Animalia,Mammalia,-,-,-,Yes,-,-,-,-
White-throated Needletail,Vulnerable,Animalia,Aves,Yes,Yes,-,Yes,Yes,Yes,Yes,-
Belson's Panic,Vulnerable,Plantae,Liliopsida,-,Yes,-,Yes,-,-,-,-
-,Critically Endangered,Plantae,Magnoliopsida,-,Yes,-,-,-,-,-,-
-,Critically Endangered,Plantae,Magnoliopsida,-,Yes,-,-,-,-,-,-
Bolivia Homoranthus,Critically Endangered,Plantae,Magnoliopsida,-,Yes,-,-,-,-,-,-
-,Vulnerable,Plantae,Magnoliopsida,-,Yes,-,-,-,-,-,-
a shrub,Endangered,Plantae,Magnoliopsida,-,-,-,Yes,-,-,-,-
-,Critically Endangered,Plantae,Magnoliopsida,-,Yes,-,-,-,-,-,-
-,Vulnerable,Plantae,Magnoliopsida,-,Yes,-,-,-,-,-,-
-,Vulnerable,Plantae,Magnoliopsida,-,Yes,-,-,-,-,-,-
-,Vulnerable,Plantae,Magnoliopsida,-,-,-,Yes,-,-,-,-
-,Vulnerable,Plantae,Magnoliopsida,-,-,-,Yes,-,-,-,-
-,Vulnerable,Plantae,Magnoliopsida,-,Yes,-,-,-,-,-,-
Broad-headed Snake,Endangered,Animalia,Reptilia,-,Yes,-,-,-,-,-,-
Bornemissza's Stag Beetle,Critically Endangered,Animalia,Insecta,-,-,-,-,-,Yes,-,-
Simson's Stag Beetle,Vulnerable,Animalia,Insecta,-,-,-,-,-,Yes,-,-
Vanderschoor's Stag Beetle,Vulnerable,Animalia,Insecta,-,-,-,-,-,Yes,-,-
a vine,Vulnerable,Plantae,Magnoliopsida,-,-,Yes,-,-,-,-,-
Water Tassel-fern,Extinct,Plantae,Lycopodopiatae,-,-,-,Yes,-,-,-,-
Ninghan Violet,Critically Endangered,Plantae,Magnoliopsida,-,-,-,-,-,-,-,Yes
a palm,Vulnerable,Plantae,Liliopsida,-,-,-,Yes,-,-,-,-
Shy Heathwren (Kangaroo Island),Vulnerable,Animalia,Aves,-,-,-,-,Yes,-,-,-
-,Extinct,Plantae,Polypodiatae,-,-,-,Yes,-,-,-,-
a filmy fern,Extinct,Plantae,Polypodiatae,-,-,-,Yes,-,-,-,-
-,Endangered,Plantae,Magnoliopsida,-,-,-,-,-,-,-,Yes
Long-leaved Myrtle,Vulnerable,Plantae,Magnoliopsida,-,-,-,-,-,-,-,Yes
-,Endangered,Plantae,Magnoliopsida,-,-,-,-,-,-,-,Yes
chittering Myrtle,Endangered,Plantae,Magnoliopsida,-,-,-,-,-,-,-,Yes
Bulloak Jewel Butterfly,Critically Endangered,Animalia,Insecta,-,-,-,Yes,-,-,-,-
"Downy Ground-fern, Brake Fern, Ground Fern",Vulnerable,Plantae,Polypodiatae,-,-,-,-,-,-,-,-
Scrambling Ground-fern,Endangered,Plantae,Polypodiatae,-,-,-,-,-,Yes,-,-
Lake Pedder Earthworm,Extinct,Animalia,Oligochaeta,-,-,-,-,-,Yes,-,-
"Buff-banded Rail (Cocos (Keeling) Islands), Ayam Hutan",Endangered,Animalia,Aves,-,-,-,-,-,-,-,-
"Macquarie Island Buff-banded Rail, Buff-banded Rail (Macquarie Island)",Extinct,Animalia,Aves,-,-,-,-,-,Yes,-,-
Lord Howe Woodhen,Endangered,Animalia,Aves,-,Yes,-,-,-,-,-,-
Bald Carp Gudgeon,Critically Endangered,Animalia,Actinopterygii,-,Yes,-,-,-,-,-,-
Glenelg Freshwater Mussel,Critically Endangered,Animalia,Bivalvia,-,-,-,-,-,-,Yes,-
"Shield-backed Trapdoor Spider, Black Rugose Trapdoor Spider",Vulnerable,Animalia,Arachnida,-,-,-,-,-,-,-,Yes
Mistletoe,Vulnerable,Plantae,Magnoliopsida,-,-,-,-,-,-,-,-
-,Endangered,Plantae,Magnoliopsida,-,Yes,-,-,-,-,-,-
"Delicate Cress, Illawarra Irene",Endangered,Plantae,Magnoliopsida,-,Yes,-,-,-,-,-,-
Isoglossa,Endangered,Plantae,Magnoliopsida,-,Yes,-,-,-,-,-,-
Golden Bandicoot (mainland),Vulnerable,Animalia,Mammalia,-,Yes,Yes,Yes,Yes,-,Yes,Yes
Golden Bandicoot (Barrow Island),Vulnerable,Animalia,Mammalia,-,-,-,-,-,-,-,Yes
Southern Brown Bandicoot (Nuyts Archipelago),Vulnerable,Animalia,Mammalia,-,-,-,-,Yes,-,-,-
"Southern Brown Bandicoot (eastern), Southern Brown Bandicoot (south-eastern)",Endangered,Animalia,Mammalia,Yes,Yes,-,-,Yes,-,Yes,-
Fletcher's Drumsticks,Vulnerable,Plantae,Magnoliopsida,-,Yes,-,-,-,-,-,-
Robust Coneflower,Critically Endangered,Plantae,Magnoliopsida,-,-,-,-,-,-,-,Yes
"Albany Cone Bush, Hook-leaf Isopogon",Endangered,Plantae,Magnoliopsida,-,-,-,-,-,-,-,Yes
"Sand Ixodia, Ixodia",Vulnerable,Plantae,Magnoliopsida,-,-,-,-,Yes,-,Yes,-
Pungent Jacksonia,Endangered,Plantae,Magnoliopsida,-,-,-,-,-,-,-,Yes
"Quairading Jacksonia, Quairading Stinkwood",Endangered,Plantae,Magnoliopsida,-,-,-,-,-,-,-,Yes
Collie Jacksonia,Endangered,Plantae,Magnoliopsida,-,-,-,-,-,-,-,Yes
a shrub,Vulnerable,Plantae,Magnoliopsida,-,-,-,Yes,-,-,-,-
-,Critically Endangered,Plantae,Magnoliopsida,-,Yes,-,-,-,-,-,-
Woodland Babingtonia,Endangered,Plantae,Magnoliopsida,-,Yes,-,Yes,-,-,-,-
Kelleria,Vulnerable,Plantae,Magnoliopsida,-,-,-,-,-,-,Yes,-
Northcliffe Kennedia,Vulnerable,Plantae,Magnoliopsida,-,-,-,-,-,-,-,Yes
Augusta Kennedia,Endangered,Plantae,Magnoliopsida,-,-,-,-,-,-,-,Yes
-,Vulnerable,Plantae,Magnoliopsida,-,Yes,-,-,-,-,-,-
Key's Matchstick Grasshopper,Endangered,Animalia,Insecta,Yes,Yes,-,-,-,-,Yes,-
Cape Range Remipede,Vulnerable,Animalia,Remipedia,-,-,-,-,-,-,-,Yes
-,Vulnerable,Plantae,Magnoliopsida,-,Yes,-,-,-,-,-,-
-,Vulnerable,Plantae,Magnoliopsida,-,-,-,-,-,-,-,Yes
-,Endangered,Plantae,Magnoliopsida,-,Yes,-,-,-,-,-,-
-,Vulnerable,Plantae,Magnoliopsida,-,Yes,-,-,-,-,-,-
-,Critically Endangered,Plantae,Magnoliopsida,-,-,-,-,-,-,-,Yes
"Adamson's Blown-grass, Adamson's Blowngrass",Endangered,Plantae,Liliopsida,-,-,-,-,-,-,Yes,-
"Spalding Blown Grass, Spalding Blowngrass",Endangered,Plantae,Liliopsida,-,-,-,-,Yes,-,-,-
"Kuluwarri, Central Hare-wallaby",Extinct,Animalia,Mammalia,-,-,Yes,-,-,-,-,Yes
Spectacled Hare-wallaby (Barrow Island),Vulnerable,Animalia,Mammalia,-,-,-,-,-,-,-,Yes
Rufous Hare-wallaby (Bernier Island),Vulnerable,Animalia,Mammalia,-,-,-,-,-,-,-,Yes
"Mala, Rufous Hare-Wallaby (Central Australia)",Endangered,Animalia,Mammalia,-,-,Yes,Yes,Yes,-,-,Yes
Rufous Hare-wallaby (Dorre Island),Vulnerable,Animalia,Mammalia,-,-,-,-,-,-,-,Yes
"Rufous Hare-wallaby (south-western), Woorap",Extinct,Animalia,Mammalia,-,-,-,-,-,-,-,Yes
Eastern Hare-wallaby,Extinct,Animalia,Mammalia,-,Yes,-,Yes,Yes,-,Yes,-
Banded Hare-wallaby (mainland),Extinct,Animalia,Mammalia,-,-,-,-,-,-,-,Yes
"Banded Hare-wallaby, Merrnine, Marnine, Munning",Vulnerable,Animalia,Mammalia,-,-,-,-,-,-,-,Yes
Norfolk Island Long-tailed Triller,Extinct,Animalia,Aves,-,-,-,-,-,-,-,-
Prickly Honeysuckle,Endangered,Plantae,Magnoliopsida,-,-,-,-,-,-,-,Yes
Western Prickly Honeysuckle,Endangered,Plantae,Magnoliopsida,-,-,-,-,-,-,-,Yes
Fairall's Honeysuckle,Critically Endangered,Plantae,Magnoliopsida,-,-,-,-,-,-,-,Yes
Roundleaf Honeysuckle,Endangered,Plantae,Magnoliopsida,-,-,-,-,-,-,-,Yes
Long Sunskink,Critically Endangered,Animalia,Reptilia,-,Yes,-,-,-,-,-,-
-,Vulnerable,Plantae,Magnoliopsida,-,Yes,-,-,-,-,-,-
-,Vulnerable,Plantae,Magnoliopsida,-,Yes,-,-,-,-,-,-
Wing-fruited Lasiopetalum,Endangered,Plantae,Magnoliopsida,-,-,-,-,-,-,-,Yes
Round-leaf Lasiopetalum,Endangered,Plantae,Magnoliopsida,-,-,-,-,-,-,-,Yes
-,Critically Endangered,Plantae,Magnoliopsida,-,-,-,-,-,-,-,Yes
Proston Lasiopetalum,Critically Endangered,Plantae,Magnoliopsida,-,-,-,Yes,-,-,-,-
"Northern Hairy-nosed Wombat, Yaminon",Critically Endangered,Animalia,Mammalia,-,Yes,-,Yes,-,-,-,-
"Shield-fern, Shieldfern",Endangered,Plantae,Polypodiatae,-,-,-,-,-,-,-,-
a fern,Vulnerable,Plantae,Polypodiatae,-,-,-,Yes,-,-,-,-
Swift Parrot,Critically Endangered,Animalia,Aves,Yes,Yes,-,Yes,Yes,Yes,Yes,-
-,Critically Endangered,Plantae,Magnoliopsida,-,-,-,-,-,-,-,Yes
-,Vulnerable,Plantae,Magnoliopsida,-,-,-,Yes,-,-,-,-
Kalbarri Leschenaultia,Vulnerable,Plantae,Magnoliopsida,-,-,-,-,-,-,-,Yes
Scarlet Leschenaultia,Endangered,Plantae,Magnoliopsida,-,-,-,-,-,-,-,Yes
-,Critically Endangered,Plantae,Magnoliopsida,-,-,-,Yes,-,-,-,-
Wrinkled Buttons,Vulnerable,Plantae,Magnoliopsida,-,-,-,-,-,-,Yes,-
-,Critically Endangered,Plantae,Magnoliopsida,-,Yes,-,-,-,-,-,-
Kangaroo Island Phebalium,Endangered,Plantae,Magnoliopsida,-,-,-,-,Yes,-,-,-
-,Endangered,Plantae,Magnoliopsida,-,Yes,-,-,-,-,-,-
-,Critically Endangered,Plantae,Magnoliopsida,-,Yes,-,-,-,-,-,-
-,Vulnerable,Plantae,Magnoliopsida,-,-,-,Yes,-,-,-,-
-,Vulnerable,Plantae,Magnoliopsida,-,Yes,-,-,-,-,-,-
Rylstone Bell,Vulnerable,Plantae,Magnoliopsida,-,Yes,-,-,-,-,-,-
-,Critically Endangered,Plantae,Magnoliopsida,-,Yes,-,-,-,-,-,-
a short-tongued bee,Critically Endangered,Animalia,Insecta,-,-,-,-,-,-,-,Yes
Malleefowl,Vulnerable,Animalia,Aves,-,Yes,Yes,-,Yes,-,Yes,Yes
-,Extinct,Plantae,Polypodiatae,-,-,-,Yes,-,-,-,-
-,Critically Endangered,Plantae,Magnoliopsida,-,Yes,-,Yes,-,-,-,-
Spiny Peppercress,Vulnerable,Plantae,Magnoliopsida,-,Yes,-,-,-,-,Yes,Yes
Drummond's Lepidium,Extinct,Plantae,Magnoliopsida,-,-,-,-,-,-,-,Yes
Ginninderra Peppercress,Critically Endangered,Plantae,Magnoliopsida,Yes,-,-,-,-,-,-,-
"Basalt Pepper-cress, Peppercress, Rubble Pepper-cress, Pepperweed",Endangered,Plantae,Magnoliopsida,Yes,Yes,-,-,-,Yes,Yes,-
Winged Pepper-cress,Endangered,Plantae,Magnoliopsida,-,Yes,-,Yes,Yes,-,Yes,-
Wandering Pepper-cress,Endangered,Plantae,Magnoliopsida,-,Yes,-,Yes,-,-,-,-
Erect Pepper-cress,Vulnerable,Plantae,Magnoliopsida,-,-,-,-,Yes,-,Yes,-
"Olive Ridley Turtle, Pacific Ridley Turtle",Endangered,Animalia,Reptilia,-,Yes,Yes,Yes,-,-,-,Yes
"Christmas Island Gecko, Lister's Gecko",Critically Endangered,Animalia,Reptilia,-,-,-,-,-,-,-,-
"Little Mountain Palm, Moorei Palm",Critically Endangered,Plantae,Liliopsida,-,Yes,-,-,-,-,-,-
Beaked Lepidosperma,Endangered,Plantae,Liliopsida,-,-,-,-,-,-,-,Yes
"Lesser Stick-nest Rat,Tjooyalpi, White-tailed Stick-nest Rat",Extinct,Animalia,Mammalia,-,Yes,Yes,-,Yes,-,Yes,Yes
"Wopilkara, Greater Stick-nest Rat",Vulnerable,Animalia,Mammalia,-,Yes,-,-,Yes,-,-,Yes
Diels' Currant Bush,Vulnerable,Plantae,Magnoliopsida,-,-,-,-,-,-,-,Yes
-,Critically Endangered,Plantae,Magnoliopsida,-,Yes,-,-,-,-,-,-
-,Critically Endangered,Plantae,Magnoliopsida,-,Yes,-,-,-,-,-,-
Deane's Tea-tree,Vulnerable,Plantae,Magnoliopsida,-,Yes,-,-,-,-,-,-
Stringybark Tea-tree,Critically Endangered,Plantae,Magnoliopsida,-,-,-,-,-,-,Yes,-
-,Critically Endangered,Plantae,Magnoliopsida,-,Yes,-,-,-,-,-,-
Monga Tea-tree,Endangered,Plantae,Magnoliopsida,-,Yes,-,-,-,-,-,-
"Allan's Lerista, Retro Slider",Endangered,Animalia,Reptilia,-,-,-,Yes,-,-,-,-
Nubbined Fine-lined Slider,Endangered,Animalia,Reptilia,-,-,-,Yes,-,-,-,-
Nevin's Slider,Endangered,Animalia,Reptilia,-,-,-,-,-,-,-,Yes
Rochford Slider,Endangered,Animalia,Reptilia,-,-,-,Yes,-,-,-,-
"Mount Cooper Striped Skink, Mount Cooper Striped Lerista",Vulnerable,Animalia,Reptilia,-,-,-,Yes,-,-,-,-
"Imperial Shag (Heard Island), Heard Shag",Vulnerable,Animalia,Aves,-,-,-,-,-,-,-,-
Imperial Shag (Macquarie Island),Vulnerable,Animalia,Aves,-,-,-,-,-,Yes,-,-
"Hoary Sunray, Grassland Paper-daisy",Endangered,Plantae,Magnoliopsida,Yes,Yes,-,Yes,-,Yes,Yes,-
Blind Velvet Worm,Endangered,Animalia,Onychophora (no class),-,-,-,-,-,Yes,-,-
Torrington Beard-heath,Endangered,Plantae,Magnoliopsida,-,Yes,-,-,-,-,-,-
Small-flowered Leucopogon,Extinct,Plantae,Magnoliopsida,-,-,-,-,-,-,-,Yes
Woronora Beard-heath,Vulnerable,Plantae,Magnoliopsida,-,Yes,-,-,-,-,-,-
Stirling Range Beard Heath,Critically Endangered,Plantae,Magnoliopsida,-,-,-,-,-,-,-,Yes
Thick-margined Leucopogon,Endangered,Plantae,Magnoliopsida,-,-,-,-,-,-,-,Yes
-,Endangered,Plantae,Magnoliopsida,-,-,-,-,-,-,-,Yes
Hidden Beard-heath,Endangered,Plantae,Magnoliopsida,-,-,-,-,-,-,-,Yes
-,Endangered,Plantae,Magnoliopsida,-,-,-,Yes,-,-,-,-
-,Critically Endangered,Plantae,Magnoliopsida,-,-,-,-,-,-,-,Yes
-,Vulnerable,Plantae,Magnoliopsida,-,-,-,-,-,-,-,Yes
Ironstone Beard-heath,Critically Endangered,Plantae,Magnoliopsida,-,-,-,-,-,-,-,Yes
"Western Australian Lewin's Rail, Lewin's Rail (western)",Extinct,Animalia,Aves,-,-,-,-,-,-,-,Yes
Pilbara Olive Python,Vulnerable,Animalia,Reptilia,-,-,-,-,-,-,-,Yes
"Helmeted Honeyeater, Yellow-tufted Honeyeater (Helmeted)",Critically Endangered,Animalia,Aves,-,-,-,-,-,-,Yes,-
Asian Dowitcher,Vulnerable,Animalia,Aves,-,Yes,Yes,Yes,-,-,-,Yes
Baudin's Sea-lavender,Vulnerable,Plantae,Magnoliopsida,-,-,-,-,-,Yes,-,-
"Nunivak Bar-tailed Godwit, Western Alaskan Bar-tailed Godwit",Endangered,Animalia,Aves,-,Yes,Yes,Yes,Yes,Yes,Yes,Yes
"Northern Siberian Bar-tailed Godwit, Russkoye Bar-tailed Godwit",Endangered,Animalia,Aves,-,-,Yes,Yes,-,-,-,Yes
Black-tailed Godwit,Endangered,Animalia,Aves,-,Yes,Yes,Yes,Yes,Yes,Yes,Yes
Granite Mudwort,Vulnerable,Plantae,Magnoliopsida,-,-,-,-,Yes,-,-,-
-,Vulnerable,Plantae,Polypodiatae,-,-,-,Yes,-,-,-,-
Guthega Skink,Endangered,Animalia,Reptilia,-,Yes,-,-,-,-,Yes,-
"Great Desert Skink, Tjakura, Warrarna, Mulyamiji, Tjalapa, Nampu",Vulnerable,Animalia,Reptilia,-,-,Yes,-,Yes,-,-,Yes
Mountain Skink,Endangered,Animalia,Reptilia,Yes,Yes,-,-,-,-,Yes,-
"Jurien Bay Skink, Jurien Bay Rock-skink",Vulnerable,Animalia,Reptilia,-,-,-,-,-,-,-,Yes
"Slater's Skink, Floodplain Skink",Endangered,Animalia,Reptilia,-,-,Yes,-,-,-,-,-
"Swamp Skink, Eastern Mourning Skink",Endangered,Animalia,Reptilia,-,Yes,-,-,Yes,-,Yes,-
"Broad-toothed Stag Beetle, Wielangta Stag Beetle",Endangered,Animalia,Insecta,-,-,-,-,-,Yes,-,-
Green and Golden Bell Frog,Vulnerable,Animalia,Amphibia,Yes,Yes,-,-,-,-,Yes,-
Booroolong Frog,Endangered,Animalia,Amphibia,Yes,Yes,-,-,-,-,Yes,-
"Yellow-spotted Tree Frog, Yellow-spotted Bell Frog",Critically Endangered,Animalia,Amphibia,Yes,Yes,-,-,-,-,-,-
Davies' Tree Frog,Vulnerable,Animalia,Amphibia,-,Yes,-,-,-,-,-,-
"Australian Lace-lid, Lace-eyed Tree Frog, Day's Big-eyed Treefrog",Vulnerable,Animalia,Amphibia,-,-,-,Yes,-,-,-,-
Kroombit Treefrog,Critically Endangered,Animalia,Amphibia,-,-,-,Yes,-,-,-,-
"Northern Heath Frog, Littlejohn's Tree Frog",Endangered,Animalia,Amphibia,-,Yes,-,-,-,-,-,-
Armoured Mist Frog,Critically Endangered,Animalia,Amphibia,-,-,-,Yes,-,-,-,-
Kuranda Tree Frog,Critically Endangered,Animalia,Amphibia,-,-,-,Yes,-,-,-,-
"Mountain Mist Frog, Nyakala Frog",Critically Endangered,Animalia,Amphibia,-,-,-,Yes,-,-,-,-
Wallum Sedge Frog,Vulnerable,Animalia,Amphibia,-,Yes,-,Yes,-,-,-,-
Peppered Tree Frog,Vulnerable,Animalia,Amphibia,-,Yes,-,-,-,-,-,-
"Southern Bell Frog, Growling Grass Frog, Green and Golden Frog, Warty Swamp Frog, Golden Bell Frog",Vulnerable,Animalia,Amphibia,Yes,Yes,-,-,Yes,Yes,Yes,-
Spotted Tree Frog,Critically Endangered,Animalia,Amphibia,-,Yes,-,-,-,-,Yes,-
"New England Tree Frog, Glandular Frog",Vulnerable,Animalia,Amphibia,-,Yes,-,Yes,-,-,-,-
"Alpine Tree Frog, Verreaux's Alpine Tree Frog",Vulnerable,Animalia,Amphibia,Yes,Yes,-,-,-,-,Yes,-
"Southern Heath Frog, Watson's Tree Frog",Endangered,Animalia,Amphibia,-,Yes,-,-,-,-,Yes,-
Waxy Cabbage Palm,Vulnerable,Plantae,Liliopsida,-,-,-,Yes,-,-,-,-
"Central Australian Cabbage Palm, Red Cabbage Palm",Endangered,Plantae,Liliopsida,-,-,Yes,-,-,-,-,-
-,Critically Endangered,Plantae,Magnoliopsida,-,Yes,-,-,-,-,-,-
-,Vulnerable,Plantae,Magnoliopsida,-,-,-,-,-,-,Yes,-
-,Vulnerable,Plantae,Magnoliopsida,-,-,-,Yes,-,-,-,-
Kangaroo Island Logania,Vulnerable,Plantae,Magnoliopsida,-,-,-,-,Yes,-,-,-
King's Lomatia,Critically Endangered,Plantae,Magnoliopsida,-,-,-,-,-,Yes,-,-
"Major Mitchell's Cockatoo (eastern), Eastern Major Mitchell's Cockatoo, Pink Cockatoo (eastern)",Endangered,Animalia,Aves,-,Yes,-,Yes,Yes,-,Yes,-
Tall Yellow-top,Endangered,Plantae,Magnoliopsida,-,-,-,-,Yes,-,Yes,-
"Yellow-snouted Gecko, Yellow-snouted Ground Gecko",Endangered,Animalia,Reptilia,-,-,Yes,-,-,-,-,-
a green alga,Endangered,Plantae,Streptophyta (no class),-,-,-,Yes,-,-,-,-
-,Extinct,Plantae,Lycopodopiatae,-,-,-,Yes,-,-,-,-
Woolly Lysiosepalum,Critically Endangered,Plantae,Magnoliopsida,-,-,-,-,-,-,-,Yes
"Macadamia Nut, Queensland Nut Tree, Smooth-shelled Macadamia, Bush Nut, Nut Oak",Vulnerable,Plantae,Magnoliopsida,-,Yes,-,Yes,-,-,-,-
"Bulberin Nut, Bulburin Nut Tree",Endangered,Plantae,Magnoliopsida,-,-,-,Yes,-,-,-,-
"Small-fruited Queensland Nut, Gympie Nut",Vulnerable,Plantae,Magnoliopsida,-,-,-,Yes,-,-,-,-
"Rough-shelled Bush Nut, Macadamia Nut, Rough-shelled Macadamia, Rough-leaved Queensland Nut",Vulnerable,Plantae,Magnoliopsida,-,Yes,-,Yes,-,-,-,-
Keighery's Macarthuria,Endangered,Plantae,Magnoliopsida,-,-,-,-,-,-,-,Yes
"Clarence River Cod, Eastern Freshwater Cod",Endangered,Animalia,Actinopterygii,-,Yes,-,-,-,-,-,-
Trout Cod,Endangered,Animalia,Actinopterygii,Yes,Yes,-,-,Yes,-,Yes,-
Mary River Cod,Endangered,Animalia,Actinopterygii,-,-,-,Yes,-,-,-,-
Murray Cod,Vulnerable,Animalia,Actinopterygii,Yes,Yes,-,Yes,Yes,-,Yes,-
Macquarie Perch,Endangered,Animalia,Actinopterygii,Yes,Yes,-,-,Yes,-,Yes,-
Ghost Bat,Vulnerable,Animalia,Mammalia,-,-,Yes,Yes,Yes,-,-,Yes
"Southern Giant-Petrel, Southern Giant Petrel",Endangered,Animalia,Aves,-,Yes,-,Yes,Yes,Yes,Yes,Yes
Northern Giant Petrel,Vulnerable,Animalia,Aves,-,Yes,-,Yes,Yes,Yes,Yes,Yes
-,Vulnerable,Plantae,Magnoliopsida,-,-,-,Yes,-,-,-,-
Greater Bilby,Vulnerable,Animalia,Mammalia,-,Yes,Yes,Yes,Yes,-,-,Yes
"Yallara, Lesser Bilby, Djoonpi",Extinct,Animalia,Mammalia,-,-,Yes,Yes,Yes,-,-,Yes
-,Vulnerable,Plantae,Cycadatae,-,-,-,Yes,-,-,-,-
-,Endangered,Plantae,Cycadatae,-,-,-,Yes,-,-,-,-
-,Endangered,Plantae,Cycadatae,-,Yes,-,-,-,-,-,-
cycad,Endangered,Plantae,Cycadatae,-,-,-,Yes,-,-,-,-
MacDonnell Ranges Cycad,Vulnerable,Plantae,Cycadatae,-,-,Yes,-,-,-,-,-
-,Vulnerable,Plantae,Cycadatae,-,-,-,Yes,-,-,-,-
-,Vulnerable,Plantae,Cycadatae,-,-,-,Yes,-,-,-,-
-,Vulnerable,Plantae,Cycadatae,-,-,-,Yes,-,-,-,-
Pineapple Zamia,Endangered,Plantae,Cycadatae,-,-,-,Yes,-,-,-,-
cycad,Endangered,Plantae,Cycadatae,-,-,-,Yes,-,-,-,-
Chariot Wheels,Vulnerable,Plantae,Magnoliopsida,-,Yes,-,Yes,-,-,Yes,-
Purple-crowned Fairy-wren (western),Endangered,Animalia,Aves,-,-,Yes,-,-,-,-,Yes
"White-winged Fairy-wren (Barrow Island), Barrow Island Black-and-white Fairy-wren",Vulnerable,Animalia,Aves,-,-,-,-,-,-,-,Yes
"White-winged Fairy-wren (Dirk Hartog Island), Dirk Hartog Black-and-White Fairy-wren",Vulnerable,Animalia,Aves,-,-,-,-,-,-,-,Yes
Black-eared Miner,Endangered,Animalia,Aves,-,Yes,-,-,Yes,-,Yes,-
"King Fern, Para, Potato Fern",Endangered,Plantae,Polypodiatae,-,-,-,-,-,-,-,-
Derwent River Seastar,Critically Endangered,Animalia,Asteroidea,-,-,-,-,-,Yes,-,-
-,Endangered,Plantae,Magnoliopsida,-,-,-,-,-,-,-,Yes
-,Vulnerable,Plantae,Magnoliopsida,-,-,-,Yes,-,-,-,-
Clear Milkvine,Vulnerable,Plantae,Magnoliopsida,-,Yes,-,Yes,-,-,-,-
-,Vulnerable,Plantae,Magnoliopsida,-,-,-,Yes,-,-,-,-
"Broad-toothed Rat (mainland), Tooarrana",Endangered,Animalia,Mammalia,Yes,Yes,-,-,Yes,-,Yes,-
Gray's Helicarionid Land Snail,Critically Endangered,Animalia,Gastropoda,-,-,-,-,-,-,-,-
Phillip Island Helicarionid Land Snail,Critically Endangered,Animalia,Gastropoda,-,-,-,-,-,-,-,-
Suter's Striped Glass-snail,Critically Endangered,Animalia,Gastropoda,-,-,-,-,-,-,-,-
-,Vulnerable,Plantae,Magnoliopsida,-,-,-,Yes,-,-,-,-
-,Vulnerable,Plantae,Magnoliopsida,-,-,-,Yes,-,-,-,-
Giant Gippsland Earthworm,Vulnerable,Animalia,Oligochaeta,-,-,-,-,-,-,Yes,-
Biconvex Paperbark,Vulnerable,Plantae,Magnoliopsida,-,Yes,-,-,-,-,-,-
Deane's Melaleuca,Vulnerable,Plantae,Magnoliopsida,-,Yes,-,-,-,-,-,-
-,Vulnerable,Plantae,Magnoliopsida,-,-,-,Yes,-,-,-,-
Wongan Melaleuca,Endangered,Plantae,Magnoliopsida,-,-,-,-,-,-,-,Yes
-,Endangered,Plantae,Magnoliopsida,-,-,-,-,-,-,-,Yes
"South-eastern Hooded Robin, Hooded Robin (south-eastern)",Endangered,Animalia,Aves,Yes,Yes,-,Yes,Yes,-,Yes,-
"Tiwi Islands Hooded Robin, Hooded Robin (Tiwi Islands)",Critically Endangered,Animalia,Aves,-,-,Yes,-,-,-,-,-
Lake Eacham Rainbowfish,Endangered,Animalia,Actinopterygii,-,-,-,Yes,-,-,-,-
Malanda Rainbowfish,Critically Endangered,Animalia,Actinopterygii,-,-,-,Yes,-,-,-,-
Running River Rainbowfish,Critically Endangered,Animalia,Actinopterygii,-,-,-,Yes,-,-,-,-
Narrow-leaf Melichrus,Critically Endangered,Plantae,Magnoliopsida,-,Yes,-,-,-,-,-,-
Hairy Melichrus,Endangered,Plantae,Magnoliopsida,-,Yes,-,-,-,-,-,-
Shade Tree,Vulnerable,Plantae,Magnoliopsida,-,-,-,-,-,-,-,-
Norfolk Island Mahoe,Critically Endangered,Plantae,Magnoliopsida,-,-,-,-,-,-,-,-
"Whiteywood, a tree",Vulnerable,Plantae,Magnoliopsida,-,-,-,-,-,-,-,-
Kangaroo Island Brown-headed Honeyeater,Endangered,Animalia,Aves,-,-,-,-,Yes,-,-,-
Bramble Cay Melomys,Extinct,Animalia,Mammalia,-,-,-,Yes,-,-,-,-
"Maroubra Woodland Snail, Maroubra Land Snail",Endangered,Animalia,Gastropoda,-,Yes,-,-,-,-,-,-
Narrow-leaved Meryta,Vulnerable,Plantae,Magnoliopsida,-,-,-,-,-,-,-,-
"Shade Tree, Broad-leaved Meryta",Critically Endangered,Plantae,Magnoliopsida,-,-,-,-,-,-,-,-
"Black-footed Tree-rat (Kimberley and mainland Northern Territory), Djintamoonga, Manbul",Endangered,Animalia,Mammalia,-,-,Yes,-,-,-,-,Yes
Black-footed Tree-rat (Melville Island),Vulnerable,Animalia,Mammalia,-,-,Yes,-,-,-,-,-
"Black-footed Tree-rat (north Queensland), Shaggy Rabbit-rat",Vulnerable,Animalia,Mammalia,-,-,-,Yes,-,-,-,-
Fitzroy Land Snail,Endangered,Animalia,Gastropoda,-,-,Yes,-,-,-,-,-
-,Endangered,Plantae,Magnoliopsida,-,-,-,Yes,-,-,-,-
Wongan Microcorys,Vulnerable,Plantae,Magnoliopsida,-,-,-,-,-,-,-,Yes
-,Vulnerable,Plantae,Magnoliopsida,-,-,-,-,Yes,-,-,-
-,Vulnerable,Plantae,Magnoliopsida,-,Yes,-,-,-,-,-,-
-,Endangered,Plantae,Magnoliopsida,-,Yes,-,-,-,-,-,-
-,Vulnerable,Plantae,Magnoliopsida,-,Yes,-,-,-,-,-,-
"Francistown Cave Cricket, Southern sandstone cave cricket",Critically Endangered,Animalia,Insecta,-,-,-,-,-,Yes,-,-
Angus's Onion Orchid,Endangered,Plantae,Liliopsida,-,Yes,-,-,-,-,-,-
South-Coast Mignonette Orchid,Vulnerable,Plantae,Liliopsida,-,-,-,-,-,-,-,Yes
Barrow Cave Gudgeon,Endangered,Animalia,Actinopterygii,-,-,-,-,-,-,-,Yes
"Cape Range Cave Gudgeon, Blind Gudgeon",Vulnerable,Animalia,Actinopterygii,-,-,-,-,-,-,-,Yes
Southern Bent-wing Bat,Critically Endangered,Animalia,Mammalia,-,-,-,-,Yes,-,Yes,-
Minnie Daisy,Vulnerable,Plantae,Magnoliopsida,-,-,Yes,-,-,-,-,Yes
Horsfield's Bushlark (Tiwi Islands),Vulnerable,Animalia,Aves,-,-,Yes,-,-,-,-,-
Southern Elephant Seal,Vulnerable,Animalia,Mammalia,-,-,-,-,Yes,Yes,-,-
-,Critically Endangered,Plantae,Magnoliopsida,-,-,-,Yes,-,-,-,-
a vine,Vulnerable,Plantae,Magnoliopsida,-,-,Yes,-,-,-,-,-
"Stuttering Frog, Southern Barred Frog (in Victoria)",Vulnerable,Animalia,Amphibia,-,Yes,-,Yes,-,-,Yes,-
Fleay's Frog,Endangered,Animalia,Amphibia,-,Yes,-,Yes,-,-,-,-
"Giant Barred Frog, Southern Barred Frog",Vulnerable,Animalia,Amphibia,-,Yes,-,Yes,-,-,-,-
Kangaroo Island Micro-trapdoor Spider,Endangered,Animalia,Arachnida,-,-,-,-,Yes,-,-,-
Southern Purple Spotted Gudgeon (Murray-Darling Basin population),Endangered,Animalia,Actinopterygii,-,Yes,-,Yes,Yes,-,Yes,-
"Flinders Ranges Mogurnda, Flinders Ranges Purple-spotted Gudgeon",Vulnerable,Animalia,Actinopterygii,-,-,-,Yes,Yes,-,-,-
"Dalhousie Mogurnda, Dalhousie Purple-spotted Gudgeon",Critically Endangered,Animalia,Actinopterygii,-,-,-,-,Yes,-,-,-
Grass Fern,Extinct,Plantae,Polypodiatae,-,-,-,Yes,-,-,-,-
Trailing Monotoca,Endangered,Plantae,Magnoliopsida,-,Yes,-,-,-,-,Yes,-
"Non-parasitic Lamprey, Precocious Lamprey",Endangered,Animalia,Cephalaspidomorphi,-,Yes,-,Yes,-,-,Yes,-
"Shrubby Creeper, Pohuehue",Endangered,Plantae,Magnoliopsida,-,-,-,-,-,-,-,-
Tuggeranong Lignum,Endangered,Plantae,Magnoliopsida,Yes,-,-,-,-,-,-,-
Daintree's River Banana,Extinct,Plantae,Liliopsida,-,-,-,Yes,-,-,-,-
Jerramungup Myoporum,Vulnerable,Plantae,Magnoliopsida,-,-,-,-,-,-,-,Yes
"Popwood, Sandalwood",Critically Endangered,Plantae,Magnoliopsida,-,-,-,-,-,-,-,-
-,Extinct,Plantae,Magnoliopsida,-,-,-,-,-,-,-,Yes
-,Vulnerable,Plantae,Magnoliopsida,-,-,-,Yes,-,-,-,-
Chiddarcooping Myriophyllum,Endangered,Plantae,Magnoliopsida,-,-,-,-,-,-,-,Yes
Ridged Water-milfoil,Vulnerable,Plantae,Magnoliopsida,-,-,-,-,-,-,Yes,-
Numbat,Endangered,Animalia,Mammalia,-,Yes,Yes,-,Yes,-,-,Yes
Ant Plant,Vulnerable,Plantae,Magnoliopsida,-,-,-,Yes,-,-,-,-
Beech,Vulnerable,Plantae,Magnoliopsida,-,-,-,-,-,-,-,-
"Purple-leaf Muttonwood, Lismore Muttonwood",Endangered,Plantae,Magnoliopsida,-,Yes,-,-,-,-,-,-
Masters' Charopid Land Snail,Critically Endangered,Animalia,Gastropoda,-,Yes,-,-,-,-,-,-
Western Sawshelled Turtle,Endangered,Animalia,Reptilia,-,Yes,-,Yes,-,-,-,-
Purvis' Turtle,Endangered,Animalia,Reptilia,-,Yes,-,-,-,-,-,-
Nangur Spiny Skink,Critically Endangered,Animalia,Reptilia,-,-,-,Yes,-,-,-,-
Balston's Pygmy Perch,Vulnerable,Animalia,Actinopterygii,-,-,-,-,-,-,-,Yes
Southern Pygmy Perch (Murray-Darling Basin lineage),Vulnerable,Animalia,Actinopterygii,-,Yes,-,-,Yes,-,Yes,-
Yarra Pygmy Perch,Endangered,Animalia,Actinopterygii,-,-,-,-,Yes,-,Yes,-
Oxleyan Pygmy Perch,Endangered,Animalia,Actinopterygii,-,Yes,-,Yes,-,-,-,-
Little Pygmy Perch,Endangered,Animalia,Actinopterygii,-,-,-,-,-,-,-,Yes
"Variegated Pygmy Perch, Ewens Pygmy Perch, Golden Pygmy Perch",Vulnerable,Animalia,Actinopterygii,-,-,-,-,Yes,-,Yes,-
Flatback Turtle,Vulnerable,Animalia,Reptilia,-,Yes,Yes,Yes,-,-,-,Yes
-,Vulnerable,Plantae,Magnoliopsida,-,-,-,Yes,-,-,-,-
Windswept Helmet-orchid,Critically Endangered,Plantae,Liliopsida,-,-,-,-,-,Yes,-,-
Leafy Nematolepis,Critically Endangered,Plantae,Magnoliopsida,-,-,-,-,-,-,Yes,-
-,Critically Endangered,Plantae,Magnoliopsida,-,Yes,-,-,-,-,-,-
Harsh Nematolepis,Vulnerable,Plantae,Magnoliopsida,-,-,-,-,-,-,Yes,-
Shiny Nematolepis,Vulnerable,Plantae,Magnoliopsida,-,-,-,-,-,-,Yes,-
-,Vulnerable,Plantae,Liliopsida,-,Yes,-,-,-,-,-,-
"Australian Lungfish, Queensland Lungfish",Vulnerable,Animalia,Sarcopterygii,-,-,-,Yes,-,-,-,-
"Star Finch (eastern), Star Finch (southern)",Endangered,Animalia,Aves,-,Yes,-,Yes,-,-,-,-
A native bee,Critically Endangered,Animalia,Insecta,-,-,-,-,-,-,-,Yes
Orange-bellied Parrot,Critically Endangered,Animalia,Aves,-,Yes,-,-,Yes,Yes,Yes,-
Blue-winged Parrot,Vulnerable,Animalia,Aves,Yes,Yes,Yes,Yes,Yes,Yes,Yes,-
"Australian Sea-lion, Australian Sea Lion",Endangered,Animalia,Mammalia,-,-,-,-,Yes,-,Yes,Yes
-,Vulnerable,Plantae,Magnoliopsida,-,-,-,Yes,-,-,-,-
Dalhousie Catfish,Critically Endangered,Animalia,Actinopterygii,-,-,-,-,Yes,-,-,-
marine brown alga,Endangered,Plantae,Phaeophyceae,-,Yes,-,-,-,Yes,Yes,-
Kangaroo Island White-eared Honeyeater,Endangered,Animalia,Aves,-,-,-,-,Yes,-,-,-
Norfolk Island Kaka,Extinct,Animalia,Aves,-,-,-,-,-,-,-,-
-,Vulnerable,Plantae,Magnoliopsida,-,-,-,Yes,-,-,-,-
"Christmas Island Hawk-Owl, Christmas Boobook",Vulnerable,Animalia,Aves,-,-,-,-,-,-,-,-
"Lord Howe Southern Boobook, Lord Howe Boobook Owl",Extinct,Animalia,Aves,-,Yes,-,-,-,-,-,-
"Norfolk Island Boobook, Norfolk Island Morepork, Southern Boobook (Norfolk Island)",Endangered,Animalia,Aves,-,-,-,-,-,-,-,-
a green alga,Critically Endangered,Plantae,Streptophyta (no class),-,Yes,-,-,-,-,-,-
Toolache Wallaby,Extinct,Animalia,Mammalia,-,-,-,-,Yes,-,Yes,-
Parma Wallaby,Vulnerable,Animalia,Mammalia,-,Yes,-,-,-,-,-,-
Krefft's Tiger Snake (Flinders Ranges),Vulnerable,Animalia,Reptilia,-,-,-,-,Yes,-,-,-
Cooneana Olive,Critically Endangered,Plantae,Magnoliopsida,-,-,-,Yes,-,-,-,-
Lloyd's Olive,Vulnerable,Plantae,Magnoliopsida,-,-,-,Yes,-,-,-,-
"Short-tailed Hopping-mouse, Yoontoo",Extinct,Animalia,Mammalia,-,-,Yes,-,Yes,-,-,Yes
"Northern Hopping-mouse, Woorrentinta",Endangered,Animalia,Mammalia,-,-,Yes,Yes,-,-,-,-
"Dusky Hopping-mouse, Wilkiniti",Vulnerable,Animalia,Mammalia,-,Yes,Yes,Yes,Yes,-,-,-
"Long-tailed Hopping-mouse, Koolawa, Talamba",Extinct,Animalia,Mammalia,-,Yes,Yes,-,Yes,-,-,Yes
"Large-eared Hopping-mouse, Noompa, Big -eared Hopping-mouse",Extinct,Animalia,Mammalia,-,-,-,-,-,-,-,Yes
"Darling Downs Hopping-mouse, Payi",Extinct,Animalia,Mammalia,-,Yes,-,Yes,-,-,-,-
"Broad-cheeked Hopping-mouse, Great Hopping-mouse",Extinct,Animalia,Mammalia,-,-,-,-,Yes,-,-,-
"Eastern Curlew, Far Eastern Curlew",Critically Endangered,Animalia,Aves,-,Yes,Yes,Yes,Yes,Yes,Yes,Yes
"Nawaran, Oenpelli Python, Oenpelli Rock Python",Vulnerable,Animalia,Reptilia,-,-,Yes,-,-,-,-,-
"Corben's Long-eared Bat, South-eastern Long-eared Bat",Vulnerable,Animalia,Mammalia,-,Yes,-,Yes,Yes,-,Yes,-
"Lord Howe Long-eared Bat, Lord Howe Island Bat",Extinct,Animalia,Mammalia,-,Yes,-,-,-,-,-,-
Mossman Fairy Orchid,Critically Endangered,Plantae,Liliopsida,-,-,-,Yes,-,-,-,-
Southern Ochrosia,Endangered,Plantae,Magnoliopsida,-,Yes,-,Yes,-,-,-,-
Arcadia Velvet Gecko,Critically Endangered,Animalia,Reptilia,-,-,-,Yes,-,-,-,-
Arid Bronze Azure,Critically Endangered,Animalia,Insecta,-,-,-,-,-,-,-,Yes
Minnie Waters Olax,Vulnerable,Plantae,Magnoliopsida,-,Yes,-,-,-,-,-,-
Arckaringa Daisy,Endangered,Plantae,Magnoliopsida,-,-,-,-,Yes,-,-,-
Marble Daisy-bush,Vulnerable,Plantae,Magnoliopsida,-,-,-,-,-,-,Yes,-
-,Vulnerable,Plantae,Magnoliopsida,-,Yes,-,-,-,-,-,-
Dorrigo Daisy-bush,Endangered,Plantae,Magnoliopsida,-,Yes,-,-,-,-,-,-
"Swamp Daisy, Water Daisy",Endangered,Plantae,Magnoliopsida,-,-,-,Yes,-,-,-,-
-,Vulnerable,Plantae,Magnoliopsida,-,-,Yes,-,-,-,-,-
Small-flowered Daisy-bush,Endangered,Plantae,Magnoliopsida,-,-,-,-,Yes,-,-,-
-,Extinct,Plantae,Magnoliopsida,-,Yes,-,-,-,-,-,-
"Silver Daisy-bush, Silver-leaved Daisy, Velvet Daisy-bush",Vulnerable,Plantae,Magnoliopsida,-,-,-,-,Yes,-,-,-
-,Endangered,Plantae,Magnoliopsida,-,Yes,-,-,-,-,Yes,-
"Lord Howe and Norfolk Islands Skink, Lord Howe Island Skink",Vulnerable,Animalia,Reptilia,-,Yes,-,-,-,-,-,-
-,Vulnerable,Plantae,Magnoliopsida,-,-,-,Yes,-,-,-,-
"Bridled Nail-tail Wallaby, Bridled Nailtail Wallaby",Endangered,Animalia,Mammalia,-,Yes,-,Yes,Yes,-,Yes,-
"Crescent Nailtail Wallaby, Tjawalpa, Wurrung",Extinct,Animalia,Mammalia,-,Yes,Yes,-,Yes,-,-,Yes
Esperance Dog Weed,Extinct,Plantae,Magnoliopsida,-,-,-,-,-,-,-,Yes
Bronzeback Snake-lizard,Vulnerable,Animalia,Reptilia,-,-,Yes,-,Yes,-,-,-
Blind Cave Eel,Vulnerable,Animalia,Actinopterygii,-,-,-,-,-,-,-,Yes
Australian Snubfin  Dolphin,Vulnerable,Animalia,Mammalia,-,-,Yes,Yes,-,-,-,Yes
Rosewood Keeled Snail,Critically Endangered,Animalia,Gastropoda,-,-,Yes,-,-,-,-,Yes
"Marrawah Skipper, Alpine Sedge Skipper, Alpine Skipper",Vulnerable,Animalia,Insecta,-,-,-,-,-,Yes,-,-
"Ptunarra Brown, Ptunarra Brown Butterfly, Ptunarra Xenica",Endangered,Animalia,Insecta,-,-,-,-,-,Yes,-,-
-,Vulnerable,Plantae,Polypodiatae,-,-,-,Yes,-,-,-,-
Mountain Villarsia,Endangered,Plantae,Magnoliopsida,-,-,-,-,-,-,-,Yes
"Long-necked Northern Leaf-tailed Gecko, McIlwraith Leaf-tailed Gecko",Critically Endangered,Animalia,Reptilia,-,-,-,Yes,-,-,-,-
"Barrow Island Wallaroo, Barrow Island Euro",Vulnerable,Animalia,Mammalia,-,-,-,-,-,-,-,Yes
"Onionwood, Bog Onion, Onion Cedar",Vulnerable,Plantae,Magnoliopsida,-,Yes,-,Yes,-,-,-,-
-,Vulnerable,Plantae,Magnoliopsida,-,-,-,Yes,-,-,-,-
Reflexed Everlasting,Vulnerable,Plantae,Magnoliopsida,-,-,-,-,-,Yes,-,-
"Clubmoss Everlasting, Table Mountain Daisy Bush",Extinct,Plantae,Magnoliopsida,-,-,-,-,-,Yes,-,-
-,Vulnerable,Plantae,Magnoliopsida,-,Yes,-,-,-,-,-,-
Wollumbin Dogwood,Vulnerable,Plantae,Magnoliopsida,-,Yes,-,Yes,-,-,-,-
Golden Whistler (Norfolk Island),Vulnerable,Animalia,Aves,-,-,-,-,-,-,-,-
Red-lored Whistler,Vulnerable,Animalia,Aves,-,Yes,-,-,Yes,-,Yes,-
Fairy Prion (southern),Vulnerable,Animalia,Aves,-,Yes,-,Yes,Yes,Yes,Yes,Yes
Edgar Range Pandanus,Endangered,Plantae,Liliopsida,-,-,-,-,-,-,-,Yes
Abbott's Booby,Endangered,Animalia,Aves,-,-,-,-,-,-,-,-
Sandplain Duck Orchid,Endangered,Plantae,Liliopsida,-,-,-,-,-,-,-,Yes
Shannon Paragalaxias,Vulnerable,Animalia,Actinopterygii,-,-,-,-,-,Yes,-,-
Great Lake Paragalaxias,Vulnerable,Animalia,Actinopterygii,-,-,-,-,-,Yes,-,-
Arthurs Paragalaxias,Endangered,Animalia,Actinopterygii,-,-,-,-,-,Yes,-,-
-,Critically Endangered,Plantae,Magnoliopsida,-,-,-,-,-,-,-,Yes
Eltham Copper Butterfly,Endangered,Animalia,Insecta,-,-,-,-,-,-,Yes,-
"Bathurst Copper Butterfly, Purple Copper Butterfly, Bathurst Copper, Bathurst Copper Wing, Bathurst-Lithgow Copper, Purple Copper",Vulnerable,Animalia,Insecta,-,Yes,-,-,-,-,-,-
Dibbler,Endangered,Animalia,Mammalia,-,-,-,-,-,-,-,Yes
Forty-spotted Pardalote,Endangered,Animalia,Aves,-,-,-,-,-,Yes,-,-
Milky Silkpod,Endangered,Plantae,Magnoliopsida,-,Yes,-,-,-,-,-,-
Mt Larcom Silk Pod,Vulnerable,Plantae,Magnoliopsida,-,-,-,Yes,-,-,-,-
Tasmanian Live-bearing Seastar,Vulnerable,Animalia,Asteroidea,-,-,-,-,-,Yes,-,-
a grass,Vulnerable,Plantae,Liliopsida,-,Yes,-,Yes,-,-,-,-
-,Extinct,Plantae,Liliopsida,-,-,-,Yes,-,-,-,-
Spiral-leaved Patersonia,Endangered,Plantae,Liliopsida,-,-,-,-,-,-,-,Yes
Plains-wanderer,Critically Endangered,Animalia,Aves,-,Yes,Yes,Yes,Yes,-,Yes,-
Omeo Stork's-bill,Endangered,Plantae,Magnoliopsida,Yes,Yes,-,-,-,-,Yes,-
Pennantia,Endangered,Plantae,Magnoliopsida,-,-,-,-,-,-,-,-
Shark Bay Bandicoot,Endangered,Animalia,Mammalia,-,Yes,-,-,Yes,-,-,Yes
"Western Barred Bandicoot (eastern), Liverpool Plains Striped Bandicoot",Extinct,Animalia,Mammalia,-,Yes,-,-,-,-,-,-
"Desert Bandicoot, Walilya",Extinct,Animalia,Mammalia,-,-,Yes,-,Yes,-,-,Yes
Eastern Barred Bandicoot (Tasmania),Vulnerable,Animalia,Mammalia,-,-,-,-,-,Yes,-,-
Eastern Barred Bandicoot (Mainland),Endangered,Animalia,Mammalia,-,-,-,-,Yes,-,Yes,-
"Marl, Western Barred Bandicoot",Extinct,Animalia,Mammalia,-,-,-,-,-,-,-,Yes
South-eastern Striped Bandicoot,Extinct,Animalia,Mammalia,-,-,-,-,Yes,-,Yes,-
"Butterfly Bandicoot, Nullarbor Barred Bandicoot",Extinct,Animalia,Mammalia,-,-,-,-,Yes,-,-,Yes
Lord Howe Earthworm,Critically Endangered,Animalia,Oligochaeta,-,Yes,-,-,-,-,-,-
"Knotweed, Tall Knotweed",Vulnerable,Plantae,Magnoliopsida,-,Yes,-,Yes,-,-,-,-
Needle Geebung,Endangered,Plantae,Magnoliopsida,-,Yes,-,-,-,-,-,-
Bargo Geebung,Endangered,Plantae,Magnoliopsida,-,Yes,-,-,-,-,-,-
Mittagong Geebung,Vulnerable,Plantae,Magnoliopsida,-,Yes,-,-,-,-,-,-
-,Endangered,Plantae,Magnoliopsida,-,Yes,-,-,-,-,-,-
"Hairy Geebung, Hairy Persoonia",Endangered,Plantae,Magnoliopsida,-,Yes,-,-,-,-,-,-
-,Extinct,Plantae,Magnoliopsida,-,Yes,-,-,-,-,-,-
Clandulla Geebung,Vulnerable,Plantae,Magnoliopsida,-,Yes,-,-,-,-,-,-
Small-flowered Snottygobble,Critically Endangered,Plantae,Magnoliopsida,-,-,-,-,-,-,-,Yes
-,Endangered,Plantae,Magnoliopsida,-,Yes,-,-,-,-,-,-
-,Vulnerable,Plantae,Magnoliopsida,-,Yes,-,-,-,-,-,-
Nodding Geebung,Endangered,Plantae,Magnoliopsida,-,Yes,-,-,-,-,-,-
-,Endangered,Plantae,Magnoliopsida,-,Yes,-,-,-,-,-,-
North Rothbury Persoonia,Critically Endangered,Plantae,Magnoliopsida,-,Yes,-,-,-,-,-,-
-,Extinct,Plantae,Magnoliopsida,-,-,-,Yes,-,-,-,-
"Greater Glider (northern), Greater Glider (north-eastern Queensland)",Vulnerable,Animalia,Mammalia,-,-,-,Yes,-,-,-,-
Greater Glider (southern and central),Endangered,Animalia,Mammalia,Yes,Yes,-,Yes,-,-,Yes,-
Yellow-bellied Glider (south-eastern),Vulnerable,Animalia,Mammalia,Yes,Yes,-,Yes,-,-,Yes,-
"Yellow-bellied Glider (Wet Tropics), Fluffy Glider",Endangered,Animalia,Mammalia,-,-,-,Yes,-,-,-,-
Mahogany Glider,Endangered,Animalia,Mammalia,-,-,-,Yes,-,-,-,-
Cape York Rock-wallaby,Endangered,Animalia,Mammalia,-,-,-,Yes,-,-,-,-
Nabarlek (Top End),Endangered,Animalia,Mammalia,-,-,Yes,-,-,-,-,-
Nabarlek (Victoria River District),Critically Endangered,Animalia,Mammalia,-,-,Yes,-,-,-,-,-
Nabarlek (Kimberley),Endangered,Animalia,Mammalia,-,-,-,-,-,-,-,Yes
"Warru, Central Australian Rock-wallaby",Vulnerable,Animalia,Mammalia,-,-,Yes,-,Yes,-,-,Yes
Recherche Rock-wallaby,Vulnerable,Animalia,Mammalia,-,-,-,-,-,-,-,Yes
"Wiliji, West Kimberley Rock-wallaby",Endangered,Animalia,Mammalia,-,-,-,-,-,-,-,Yes
"Black-flanked Rock-wallaby, Moororong, Black-footed Rock Wallaby",Endangered,Animalia,Mammalia,-,-,-,-,-,-,-,Yes
Brush-tailed Rock-wallaby,Vulnerable,Animalia,Mammalia,Yes,Yes,-,Yes,-,-,Yes,-
Proserpine Rock-wallaby,Endangered,Animalia,Mammalia,-,-,-,Yes,-,-,-,-
"Mount Claro Rock Wallaby, Sharman's Rock Wallaby",Vulnerable,Animalia,Mammalia,-,-,-,Yes,-,-,-,-
Yellow-footed Rock-wallaby (central-western Queensland),Vulnerable,Animalia,Mammalia,-,-,-,Yes,-,-,-,-
Yellow-footed Rock-wallaby (SA and NSW),Vulnerable,Animalia,Mammalia,-,Yes,-,-,Yes,-,-,-
"Norfolk Island Robin, Pacific Robin",Vulnerable,Animalia,Aves,-,-,-,-,-,-,-,-
Laterite Petrophile,Endangered,Plantae,Magnoliopsida,-,-,-,-,-,-,-,Yes
-,Vulnerable,Plantae,Magnoliopsida,-,-,-,-,-,-,-,Yes
"Western Ground Parrot, Kyloring",Critically Endangered,Animalia,Aves,-,-,-,-,-,-,-,Yes
Night Parrot,Critically Endangered,Animalia,Aves,-,Yes,Yes,Yes,Yes,-,Yes,Yes
"Christmas Island White-tailed Tropicbird, Golden Bosunbird",Endangered,Animalia,Aves,-,-,-,-,-,-,-,-
"Red-tailed Tropicbird (Indian Ocean), Indian Ocean Red-tailed Tropicbird",Endangered,Animalia,Aves,-,-,-,-,-,-,-,Yes
Lesser Swamp-orchid,Endangered,Plantae,Liliopsida,-,Yes,-,Yes,-,-,-,-
Yellow Swamp-orchid,Endangered,Plantae,Liliopsida,-,-,-,Yes,-,-,-,-
-,Vulnerable,Plantae,Liliopsida,-,-,-,Yes,-,-,-,-
Native Moth Orchid,Endangered,Plantae,Liliopsida,-,-,-,Yes,-,-,-,-
-,Vulnerable,Plantae,Magnoliopsida,-,-,-,Yes,-,-,-,-
"Red-tailed Phascogale, Red-tailed Wambenger, Kenngoor",Vulnerable,Animalia,Mammalia,-,Yes,Yes,-,Yes,-,Yes,Yes
Northern Brush-tailed Phascogale,Vulnerable,Animalia,Mammalia,-,-,Yes,-,-,-,-,-
"Kimberley brush-tailed phascogale, Brush-tailed Phascogale (Kimberley)",Vulnerable,Animalia,Mammalia,-,-,-,-,-,-,-,Yes
"Koala (combined populations of Queensland, New South Wales and the Australian Capital Territory)",Endangered,Animalia,Mammalia,Yes,Yes,-,Yes,-,-,-,-
"Davies' Waxflower, St Helens Waxflower",Critically Endangered,Plantae,Magnoliopsida,-,-,-,-,-,Yes,-,-
Mt Berryman Phebalium,Endangered,Plantae,Magnoliopsida,-,-,-,Yes,-,-,-,-
Rusty Desert Phebalium,Vulnerable,Plantae,Magnoliopsida,-,Yes,-,Yes,-,-,-,-
Lowan Phebalium,Vulnerable,Plantae,Magnoliopsida,-,-,-,-,Yes,-,Yes,-
-,Critically Endangered,Plantae,Magnoliopsida,-,Yes,-,-,-,-,-,-
-,Vulnerable,Plantae,Magnoliopsida,-,-,-,Yes,-,-,-,-
Dwarf Mountain Pine,Critically Endangered,Plantae,Pinatae,-,Yes,-,-,-,-,-,-
Baw Baw Frog,Critically Endangered,Animalia,Amphibia,-,-,-,-,-,-,Yes,-
Mount Ballow Mountain Frog,Endangered,Animalia,Amphibia,-,Yes,-,Yes,-,-,-,-
Mountain Frog,Endangered,Animalia,Amphibia,-,Yes,-,Yes,-,-,-,-
Pugh's Sphagnum Frog,Endangered,Animalia,Amphibia,-,Yes,-,-,-,-,-,-
Richmond Range Sphagnum Frog,Endangered,Animalia,Amphibia,-,Yes,-,-,-,-,-,-
Sphagnum Frog,Vulnerable,Animalia,Amphibia,-,Yes,-,-,-,-,-,-
White-flowered Philotheca,Endangered,Plantae,Magnoliopsida,-,-,-,-,-,-,-,Yes
Sickle-leaved Waxflower,Critically Endangered,Plantae,Magnoliopsida,-,-,-,-,-,-,-,Yes
Freycinet Waxflower,Endangered,Plantae,Magnoliopsida,-,-,-,-,-,Yes,-,-
Mountain Wax-flower,Vulnerable,Plantae,Magnoliopsida,-,Yes,-,Yes,-,-,-,-
-,Vulnerable,Plantae,Magnoliopsida,-,Yes,-,-,-,-,-,-
Wongan Eriostemon,Endangered,Plantae,Magnoliopsida,-,-,-,-,-,-,-,Yes
Keeled Tassel-fern,Endangered,Plantae,Lycopodopiatae,-,-,-,Yes,-,-,-,-
Blue Tassel-fern,Endangered,Plantae,Lycopodopiatae,-,-,-,Yes,-,-,-,-
Rat's Tail Tassel-fern,Endangered,Plantae,Lycopodopiatae,-,-,-,Yes,-,-,-,-
-,Vulnerable,Plantae,Lycopodopiatae,-,-,-,Yes,-,-,-,-
Water Tassel-fern,Vulnerable,Plantae,Lycopodopiatae,-,-,-,Yes,-,-,-,-
"Rock Tassel-fern, Water Tassel-fern",Critically Endangered,Plantae,Lycopodopiatae,-,-,-,Yes,-,-,-,-
Square Tassel Fern,Vulnerable,Plantae,Lycopodopiatae,-,-,-,Yes,-,-,-,-
Sooty Albatross,Vulnerable,Animalia,Aves,-,Yes,-,Yes,Yes,Yes,Yes,Yes
Norfolk Island Phreatia,Critically Endangered,Plantae,Liliopsida,-,-,-,-,-,-,-,-
White Lace Orchid,Endangered,Plantae,Liliopsida,-,-,-,-,-,-,-,-
Pink Underwing Moth,Endangered,Animalia,Insecta,-,Yes,-,Yes,-,-,-,-
Dwarf Phyllota,Vulnerable,Plantae,Magnoliopsida,-,Yes,-,-,-,-,-,-
Ringed Thin-tail Gecko,Endangered,Animalia,Reptilia,-,-,-,Yes,-,-,-,-
Gulbaru Gecko,Critically Endangered,Animalia,Reptilia,-,-,-,Yes,-,-,-,-
Oakview Leaf-tailed Gecko,Critically Endangered,Animalia,Reptilia,-,-,-,Yes,-,-,-,-
Pinnacles Leaf-tailed Gecko,Critically Endangered,Animalia,Reptilia,-,-,-,Yes,-,-,-,-
Hawkweed,Vulnerable,Plantae,Magnoliopsida,-,Yes,-,Yes,-,-,-,-
Bungonia Rice-flower,Endangered,Plantae,Magnoliopsida,-,Yes,-,-,-,-,-,-
-,Critically Endangered,Plantae,Magnoliopsida,-,Yes,-,-,-,-,-,-
-,Critically Endangered,Plantae,Magnoliopsida,-,Yes,-,-,-,-,-,-
-,Vulnerable,Plantae,Magnoliopsida,-,Yes,-,-,-,-,-,-
-,Vulnerable,Plantae,Magnoliopsida,-,-,-,Yes,-,-,-,-
Grampians Rice-flower,Vulnerable,Plantae,Magnoliopsida,-,-,-,-,-,-,Yes,-
Spiked Rice-flower,Endangered,Plantae,Magnoliopsida,-,Yes,-,-,-,-,-,-
Wimmera Rice-flower,Critically Endangered,Plantae,Magnoliopsida,-,-,-,-,-,-,Yes,-
"Plains Rice-flower, Spiny Rice-flower, Prickly Pimelea",Critically Endangered,Plantae,Magnoliopsida,-,-,-,-,-,-,Yes,-
Bolivia Hill Rice-flower,Endangered,Plantae,Magnoliopsida,-,Yes,-,-,-,-,-,-
Christmas Island Pipistrelle,Extinct,Animalia,Mammalia,-,-,-,-,-,-,-,-
Oleander,Vulnerable,Plantae,Magnoliopsida,-,-,-,-,-,-,-,-
Big Banana Pittosporum,Critically Endangered,Plantae,Magnoliopsida,-,Yes,-,-,-,-,-,-
Mt Augustus Foxglove,Vulnerable,Plantae,Magnoliopsida,-,-,-,-,-,-,-,Yes
-,Endangered,Plantae,Magnoliopsida,-,-,-,-,-,-,-,Yes
-,Endangered,Plantae,Magnoliopsida,-,-,-,-,-,-,-,Yes
"Lord Howe Flax Snail, Lord Howe Placostylus",Endangered,Animalia,Gastropoda,-,Yes,-,-,-,-,-,-
Bastard Ironwood,Endangered,Plantae,Magnoliopsida,-,-,-,-,-,-,-,-
"Shiny-leaved Condoo, Black Plum, Wild Apple",Endangered,Plantae,Magnoliopsida,-,-,-,Yes,-,-,-,-
Green Rosella (King Island),Vulnerable,Animalia,Aves,-,-,-,-,-,Yes,-,-
Kangaroo Island Crimson Rosella,Vulnerable,Animalia,Aves,-,-,-,-,Yes,-,-,-
-,Vulnerable,Plantae,Magnoliopsida,-,-,-,Yes,-,-,-,-
-,Endangered,Plantae,Magnoliopsida,-,-,-,Yes,-,-,-,-
-,Vulnerable,Plantae,Magnoliopsida,-,-,-,Yes,-,-,-,-
"Nightcap Plectranthus, Silver Plectranthus",Endangered,Plantae,Magnoliopsida,-,Yes,-,Yes,-,-,-,-
-,Endangered,Plantae,Magnoliopsida,-,-,-,Yes,-,-,-,-
-,Endangered,Plantae,Magnoliopsida,-,-,-,Yes,-,-,-,-
-,Endangered,Plantae,Polypodiatae,-,-,-,Yes,-,-,-,-
Silver Candles,Vulnerable,Plantae,Magnoliopsida,-,-,-,-,Yes,-,-,-
Budawangs Wallaby-grass,Critically Endangered,Plantae,Liliopsida,-,Yes,-,-,-,-,-,-
Grey Plover,Vulnerable,Animalia,Aves,-,Yes,Yes,Yes,Yes,Yes,Yes,Yes
fern,Critically Endangered,Plantae,Polypodiatae,-,-,-,-,-,-,-,-
Salt-lake Tussock-grass,Vulnerable,Plantae,Liliopsida,-,-,-,-,-,-,Yes,-
Southern Black-throated Finch,Endangered,Animalia,Aves,-,Yes,-,Yes,-,-,-,-
-,Vulnerable,Plantae,Magnoliopsida,-,-,-,Yes,-,-,-,-
Middle Filmy Fern,Endangered,Plantae,Polypodiatae,-,-,-,Yes,-,-,-,-
-,Vulnerable,Plantae,Magnoliopsida,-,-,-,Yes,-,-,-,-
Rock Shield Fern,Endangered,Plantae,Polypodiatae,-,Yes,-,-,-,-,-,-
"Princess Parrot, Alexandra's Parrot",Vulnerable,Animalia,Aves,-,-,Yes,-,Yes,-,-,Yes
Regent Parrot (eastern),Vulnerable,Animalia,Aves,-,Yes,-,-,Yes,-,Yes,-
Superb Parrot,Vulnerable,Animalia,Aves,Yes,Yes,-,-,-,-,Yes,-
"Rufous Pomaderris, Brown Pomaderris",Vulnerable,Plantae,Magnoliopsida,-,Yes,-,-,-,-,Yes,-
-,Vulnerable,Plantae,Magnoliopsida,-,-,-,Yes,-,-,-,-
-,Endangered,Plantae,Magnoliopsida,-,Yes,-,-,-,-,-,-
Cotoneaster Pomaderris,Endangered,Plantae,Magnoliopsida,-,Yes,-,-,-,-,Yes,-
-,Critically Endangered,Plantae,Magnoliopsida,-,Yes,-,-,-,-,-,-
Grey Deua Pomaderris,Critically Endangered,Plantae,Magnoliopsida,-,Yes,-,-,-,-,-,-
-,Endangered,Plantae,Magnoliopsida,-,Yes,-,-,-,-,-,-
Kangaroo Island Pomaderris,Vulnerable,Plantae,Magnoliopsida,-,-,-,-,Yes,-,-,-
Pale Pomaderris,Vulnerable,Plantae,Magnoliopsida,Yes,Yes,-,-,-,-,-,-
Parris' Pomaderris,Vulnerable,Plantae,Magnoliopsida,-,Yes,-,-,-,-,-,-
Moleskin Dogwood,Vulnerable,Plantae,Magnoliopsida,-,-,-,-,-,Yes,-,-
Denman Pomaderris,Critically Endangered,Plantae,Magnoliopsida,-,Yes,-,-,-,-,-,-
Bent Pomaderris,Critically Endangered,Plantae,Magnoliopsida,-,Yes,-,-,-,-,Yes,-
Concave Pomaderris,Vulnerable,Plantae,Magnoliopsida,-,-,-,-,-,-,Yes,-
Round-leaf Pomaderris,Critically Endangered,Plantae,Magnoliopsida,-,-,-,-,-,-,Yes,-
Carrington Falls Pomaderris,Critically Endangered,Plantae,Magnoliopsida,-,Yes,-,-,-,-,-,-
Dural Land Snail,Endangered,Animalia,Gastropoda,-,Yes,-,-,-,-,-,-
Mountain Poranthera,Vulnerable,Plantae,Magnoliopsida,-,-,-,-,-,Yes,-,-
White Gallinule,Extinct,Animalia,Aves,-,Yes,-,-,-,-,-,-
"Gilbert's Potoroo, Ngilkat",Critically Endangered,Animalia,Mammalia,-,-,-,-,-,-,-,Yes
Long-footed Potoroo,Endangered,Animalia,Mammalia,-,Yes,-,-,-,-,Yes,-
"Broad-faced Potoroo, Moda",Extinct,Animalia,Mammalia,-,-,-,-,-,-,-,Yes
Long-nosed Potoroo (northern),Vulnerable,Animalia,Mammalia,-,Yes,-,Yes,-,-,-,-
Long-nosed Potoroo (southern mainland),Vulnerable,Animalia,Mammalia,-,Yes,-,-,Yes,-,Yes,-
Jervis Bay Leek Orchid,Endangered,Plantae,Liliopsida,-,Yes,-,-,-,-,-,-
Dainty Leek-orchid,Endangered,Plantae,Liliopsida,-,-,-,-,-,Yes,-,-
Tapered Leek-orchid,Endangered,Plantae,Liliopsida,-,-,-,-,-,Yes,-,-
Three Hummock Leek-orchid,Critically Endangered,Plantae,Liliopsida,-,-,-,-,-,Yes,-,-
Bago Leek-orchid,Critically Endangered,Plantae,Liliopsida,-,Yes,-,-,-,-,-,-
Chestnut Leek-orchid,Critically Endangered,Plantae,Liliopsida,-,-,-,-,-,Yes,-,-
Lilac Leek-orchid,Vulnerable,Plantae,Liliopsida,-,-,-,-,-,-,Yes,-
Gaping Leek-orchid,Endangered,Plantae,Liliopsida,-,-,-,-,-,-,Yes,-
Crowded Leek-Orchid,Endangered,Plantae,Liliopsida,-,-,-,-,-,Yes,-,-
Gorae Leek-orchid,Endangered,Plantae,Liliopsida,-,-,-,-,-,-,Yes,-
Western Leek-orchid,Critically Endangered,Plantae,Liliopsida,-,-,-,-,-,Yes,-,-
"Maroon Leek-orchid, Slaty Leek-orchid, Stout Leek-orchid, French's Leek-orchid, Swamp Leek-orchid",Endangered,Plantae,Liliopsida,-,-,-,-,Yes,-,Yes,-
"Tawny Leek-orchid, Slaty Leek-orchid",Vulnerable,Plantae,Liliopsida,-,Yes,-,-,-,-,-,-
Goldsack's Leek-orchid,Endangered,Plantae,Liliopsida,-,-,-,-,Yes,-,-,-
Golfers Leek-orchid,Critically Endangered,Plantae,Liliopsida,-,-,-,-,-,Yes,-,-
Brandy Marys Leek-orchid,Critically Endangered,Plantae,Liliopsida,-,Yes,-,-,-,-,-,-
Kelton's Leek-orchid,Critically Endangered,Plantae,Liliopsida,-,Yes,-,-,-,-,-,-
Lax Leek Orchid,Critically Endangered,Plantae,Liliopsida,-,-,-,-,Yes,-,-,-
Marsh Leek-orchid,Critically Endangered,Plantae,Liliopsida,-,-,-,-,-,Yes,-,-
Coastal Leek Orchid,Critically Endangered,Plantae,Liliopsida,-,-,-,-,Yes,-,Yes,-
Milford Leek-orchid,Critically Endangered,Plantae,Liliopsida,-,-,-,-,-,Yes,-,-
"Mignonette Leek-orchid, Cobungra Leek-orchid, Dense Leek-orchid",Vulnerable,Plantae,Liliopsida,-,Yes,-,-,-,-,Yes,-
Fleurieu Leek Orchid,Critically Endangered,Plantae,Liliopsida,-,-,-,-,Yes,-,-,-
Pungent Leek-orchid,Critically Endangered,Plantae,Liliopsida,-,-,-,-,-,Yes,-,-
Pale Leek-orchid,Vulnerable,Plantae,Liliopsida,-,-,-,-,Yes,-,Yes,-
Knocklofty Leek-orchid,Critically Endangered,Plantae,Liliopsida,-,-,-,-,-,Yes,-,-
Tarengo Leek Orchid,Endangered,Plantae,Liliopsida,Yes,Yes,-,-,-,-,-,-
Plum Leek-orchid,Endangered,Plantae,Liliopsida,-,-,-,-,Yes,-,-,-
Pretty Leek-orchid,Critically Endangered,Plantae,Liliopsida,-,-,-,-,-,Yes,-,-
Robust Leek-orchid,Critically Endangered,Plantae,Liliopsida,-,-,-,-,-,Yes,-,-
Northern Leek-orchid,Endangered,Plantae,Liliopsida,-,-,-,-,-,Yes,-,-
a leek-orchid,Critically Endangered,Plantae,Liliopsida,-,Yes,-,-,-,-,-,-
Dense Leek-orchid,Vulnerable,Plantae,Liliopsida,-,-,-,-,Yes,-,Yes,-
Ben Lomond Leek-orchid,Critically Endangered,Plantae,Liliopsida,-,-,-,-,-,Yes,-,-
Fragrant Leek-orchid,Endangered,Plantae,Liliopsida,-,-,-,-,-,-,Yes,-
Pomonal Leek-orchid,Endangered,Plantae,Liliopsida,-,-,-,-,-,-,Yes,-
Graveside Leek-orchid,Critically Endangered,Plantae,Liliopsida,-,-,-,-,-,Yes,-,-
Tunbridge Leek-orchid,Endangered,Plantae,Liliopsida,-,-,-,-,-,Yes,-,-
Shelley Leek Orchid,Critically Endangered,Plantae,Liliopsida,-,-,-,-,-,-,Yes,-
"Sturdy Leek-orchid, Mount Remarkable Leek-orchid",Vulnerable,Plantae,Liliopsida,-,-,-,-,Yes,-,Yes,-
Wallum Leek-orchid,Vulnerable,Plantae,Liliopsida,-,-,-,Yes,-,-,-,-
"Dwarf Sawfish, Queensland Sawfish",Vulnerable,Animalia,Chondrichthyes,-,-,Yes,Yes,-,-,-,Yes
"Largetooth Sawfish, Freshwater Sawfish, River Sawfish, Leichhardt's Sawfish, Northern Sawfish",Endangered,Animalia,Chondrichthyes,-,-,Yes,Yes,-,-,-,Yes
"Green Sawfish, Dindagubba, Narrowsnout Sawfish",Vulnerable,Animalia,Chondrichthyes,-,Yes,Yes,Yes,-,-,-,Yes
Palm Cockatoo (Australian),Vulnerable,Animalia,Aves,-,-,-,Yes,-,-,-,-
a beetle,Critically Endangered,Animalia,Insecta,-,Yes,-,-,-,-,-,-
-,Critically Endangered,Plantae,Magnoliopsida,-,-,-,Yes,-,-,-,-
"Tranquillity Mintbush, Tranquility Mintbush",Endangered,Plantae,Magnoliopsida,-,Yes,-,-,-,-,-,-
"West Coast Mintbush, Limestone Mintbush, Red Mintbush",Vulnerable,Plantae,Magnoliopsida,-,-,-,-,Yes,-,-,-
-,Vulnerable,Plantae,Magnoliopsida,-,Yes,-,-,-,-,-,-
-,Critically Endangered,Plantae,Magnoliopsida,-,-,-,Yes,-,-,-,-
Wollemi Mint-bush,Vulnerable,Plantae,Magnoliopsida,-,Yes,-,-,-,-,-,-
Villous Mintbush,Vulnerable,Plantae,Magnoliopsida,-,Yes,-,-,-,-,-,-
-,Vulnerable,Plantae,Magnoliopsida,-,Yes,-,-,-,-,-,-
Monarto Mintbush,Endangered,Plantae,Magnoliopsida,-,-,-,-,Yes,-,-,-
Wellington Mintbush,Vulnerable,Plantae,Magnoliopsida,-,-,-,-,-,-,Yes,-
-,Critically Endangered,Plantae,Magnoliopsida,-,Yes,-,-,-,-,-,-
Somersby Mintbush,Endangered,Plantae,Magnoliopsida,-,Yes,-,-,-,-,-,-
Seaforth Mintbush,Critically Endangered,Plantae,Magnoliopsida,-,Yes,-,-,-,-,-,-
Mount Illbilie Mintbush,Vulnerable,Plantae,Magnoliopsida,-,-,-,-,Yes,-,-,-
Swamp Mint-bush,Critically Endangered,Plantae,Magnoliopsida,-,Yes,-,-,-,-,-,-
-,Vulnerable,Plantae,Magnoliopsida,-,-,Yes,-,-,-,-,-
-,Vulnerable,Plantae,Magnoliopsida,-,-,-,Yes,-,-,-,-
-,Critically Endangered,Plantae,Magnoliopsida,-,Yes,-,-,-,-,-,-
-,Vulnerable,Plantae,Magnoliopsida,-,-,-,Yes,-,-,-,-
a mint-bush,Critically Endangered,Plantae,Magnoliopsida,-,Yes,-,-,-,-,-,-
Mount Vincent Mintbush,Vulnerable,Plantae,Magnoliopsida,-,Yes,-,-,-,-,-,-
-,Endangered,Plantae,Magnoliopsida,-,Yes,-,-,-,-,-,-
Australian Grayling,Vulnerable,Animalia,Actinopterygii,-,Yes,-,-,Yes,Yes,Yes,-
"Golden-shouldered Parrot, Alwal, Thaku, Arrmorral, Minpin",Endangered,Animalia,Aves,-,-,-,Yes,-,-,-,-
Paradise Parrot,Extinct,Animalia,Aves,-,Yes,-,Yes,-,-,-,-
"Alpine Bog Skink, Alpine Bog-skink",Endangered,Animalia,Reptilia,-,Yes,-,-,-,-,Yes,-
"Glossy Grass Skink, Swampland Cool-skink, Rawlinson's Window-eyed Skink",Vulnerable,Animalia,Reptilia,Yes,Yes,-,-,Yes,Yes,Yes,-
Western Swamp Tortoise,Critically Endangered,Animalia,Reptilia,-,-,-,-,-,-,-,Yes
Alpine Leafy Liverwort,Vulnerable,Plantae,Bryopsida,-,-,-,-,-,Yes,Yes,-
Mount Lidgbird Charopid Land Snail,Critically Endangered,Animalia,Gastropoda,-,Yes,-,-,-,-,-,-
Whitelegge's Land Snail,Critically Endangered,Animalia,Gastropoda,-,Yes,-,-,-,-,-,-
"Western Ringtail Possum, Ngwayir, Womp, Woder, Ngoor, Ngoolangit",Critically Endangered,Animalia,Mammalia,-,-,-,-,-,-,-,Yes
Banksia montana mealybug,Critically Endangered,Animalia,Insecta,-,-,-,-,-,-,-,Yes
"Honey Blue Eye, Honey Blue-eye",Endangered,Animalia,Actinopterygii,-,-,-,Yes,-,-,-,-
Long-eared Mouse,Extinct,Animalia,Mammalia,-,-,-,-,Yes,-,Yes,-
"Plains Rat, Palyoora, Plains Mouse",Vulnerable,Animalia,Mammalia,-,Yes,Yes,Yes,Yes,-,-,Yes
"Shark Bay Mouse, Djoongari, Alice Springs Mouse",Vulnerable,Animalia,Mammalia,-,-,Yes,-,Yes,-,-,Yes
"Smoky Mouse, Konoom",Endangered,Animalia,Mammalia,Yes,Yes,-,-,Yes,-,Yes,-
Blue-grey Mouse,Extinct,Animalia,Mammalia,-,Yes,-,Yes,-,-,-,-
"Gould's Mouse, Koontin",Extinct,Animalia,Mammalia,-,Yes,-,Yes,Yes,-,Yes,Yes
"New Holland Mouse, Pookila",Vulnerable,Animalia,Mammalia,Yes,Yes,-,Yes,-,Yes,Yes,-
"Hastings River Mouse, Koontoo",Endangered,Animalia,Mammalia,-,Yes,-,Yes,-,-,-,-
"Pilliga Mouse, Poolkoo",Vulnerable,Animalia,Mammalia,-,Yes,-,-,-,-,-,-
"Heath Mouse, Dayang, Heath Rat",Endangered,Animalia,Mammalia,-,-,-,-,Yes,-,Yes,Yes
Southern Corroboree Frog,Critically Endangered,Animalia,Amphibia,-,Yes,-,-,-,-,-,-
Magnificent Brood Frog,Vulnerable,Animalia,Amphibia,-,-,-,Yes,-,-,-,-
Northern Corroboree Frog,Critically Endangered,Animalia,Amphibia,Yes,Yes,-,-,-,-,-,-
Mallee Whipbird,Endangered,Animalia,Aves,-,-,-,-,Yes,-,Yes,-
Western Whipbird (Kangaroo Island),Endangered,Animalia,Aves,-,-,-,-,Yes,-,-,-
Western Heath Whipbird,Endangered,Animalia,Aves,-,-,-,-,-,-,-,Yes
King's Brakefern,Endangered,Plantae,Polypodiatae,-,-,-,-,-,-,-,-
Netted Brakefern,Endangered,Plantae,Polypodiatae,-,-,-,-,-,-,-,-
Herald Petrel,Critically Endangered,Animalia,Aves,-,-,-,Yes,-,-,-,-
"Gould's Petrel, Australian Gould's Petrel",Endangered,Animalia,Aves,-,Yes,-,Yes,Yes,Yes,Yes,-
Soft-plumaged Petrel,Vulnerable,Animalia,Aves,-,-,-,-,Yes,Yes,Yes,Yes
Kermadec Petrel (western),Vulnerable,Animalia,Aves,-,Yes,-,Yes,-,-,-,-
"Percy Island Flying-fox, Dusky Fruit Bat",Extinct,Animalia,Mammalia,-,-,-,Yes,-,-,-,-
Spectacled Flying-fox,Endangered,Animalia,Mammalia,-,-,-,Yes,-,-,-,-
"Christmas Island Flying-fox, Christmas Island Fruit-bat",Critically Endangered,Animalia,Mammalia,-,-,-,-,-,-,-,-
Grey-headed Flying-fox,Vulnerable,Animalia,Mammalia,Yes,Yes,-,Yes,Yes,-,Yes,-
Sandhill Greenhood Orchid,Vulnerable,Plantae,Liliopsida,-,-,-,-,Yes,-,-,-
Basalt Greenhood,Endangered,Plantae,Liliopsida,-,-,-,-,-,-,Yes,-
-,Vulnerable,Plantae,Liliopsida,-,Yes,-,Yes,-,-,-,-
Hindmarsh Valley Greenhood,Critically Endangered,Plantae,Liliopsida,-,-,-,-,Yes,-,-,-
Floodplain Rustyhood,Vulnerable,Plantae,Liliopsida,-,-,-,-,-,-,Yes,-
Green-striped Greenhood,Vulnerable,Plantae,Liliopsida,-,-,-,-,Yes,-,Yes,-
Midland Greenhood,Critically Endangered,Plantae,Liliopsida,-,-,-,-,-,Yes,-,-
Leafy Greenhood,Vulnerable,Plantae,Liliopsida,-,-,-,-,Yes,Yes,Yes,-
Lowly Greenhood,Endangered,Plantae,Liliopsida,-,Yes,-,-,Yes,-,Yes,-
"Illawarra Greenhood, Rufa Greenhood, Pouched Greenhood",Endangered,Plantae,Liliopsida,-,Yes,-,-,-,-,-,-
Halbury Greenhood,Endangered,Plantae,Liliopsida,-,-,-,-,Yes,-,-,-
Metcalfe's Greenhood,Endangered,Plantae,Liliopsida,-,Yes,-,-,-,-,-,-
Nodding Rufoushood,Vulnerable,Plantae,Liliopsida,-,-,-,-,Yes,-,-,-
"Blue-tongued Orchid, Kiandra Greenhood",Critically Endangered,Plantae,Liliopsida,Yes,Yes,-,-,-,-,Yes,-
Liawenee Greenhood,Vulnerable,Plantae,Liliopsida,-,-,-,-,-,Yes,-,-
Two-bristle Greenhood,Critically Endangered,Plantae,Liliopsida,-,-,-,-,Yes,-,-,-
Pretty Greenhood,Vulnerable,Plantae,Liliopsida,-,Yes,-,-,-,-,-,-
Arthur River Greenhood,Endangered,Plantae,Liliopsida,-,-,-,-,-,Yes,-,-
Sydney Plains Greenhood,Endangered,Plantae,Liliopsida,-,Yes,-,-,-,-,-,-
"Northampton Midget Greenhood, Western Swan Greenhood",Endangered,Plantae,Liliopsida,-,-,-,-,-,-,-,Yes
"Botany Bay Bearded Greenhood, Botany Bay Bearded Orchid",Endangered,Plantae,Liliopsida,-,Yes,-,-,-,-,-,-
Hale Dwarf Greenhood,Endangered,Plantae,Liliopsida,-,-,-,-,Yes,-,-,-
"Swamp Greenhood, Dainty Swamp Orchid",Vulnerable,Plantae,Liliopsida,-,-,-,-,Yes,-,Yes,-
Robust Greenhood,Critically Endangered,Plantae,Liliopsida,-,-,-,-,-,-,Yes,-
Halbury Rustyhood,Critically Endangered,Plantae,Liliopsida,-,Yes,-,-,-,-,-,-
Fleshy Greenhood,Critically Endangered,Plantae,Liliopsida,-,-,-,-,-,Yes,-,-
Enigmatic Greenhood,Endangered,Plantae,Liliopsida,-,-,-,-,-,-,Yes,-
Desert Greenhood,Vulnerable,Plantae,Liliopsida,-,-,-,-,Yes,-,Yes,-
"Grassland Greenhood, Cape Portland Greenhood",Vulnerable,Plantae,Liliopsida,-,-,-,-,-,Yes,-,-
Ironstone Mulla Mulla,Vulnerable,Plantae,Magnoliopsida,-,-,-,-,Yes,-,-,-
-,Endangered,Plantae,Magnoliopsida,-,-,-,Yes,-,-,-,-
Pyramid Mulla-mulla,Critically Endangered,Plantae,Magnoliopsida,-,-,-,-,-,-,-,Yes
-,Endangered,Plantae,Magnoliopsida,-,-,-,Yes,-,-,-,-
Dwarf Pea,Vulnerable,Plantae,Magnoliopsida,-,-,-,-,-,-,-,Yes
-,Endangered,Plantae,Magnoliopsida,-,Yes,-,-,-,-,-,-
-,Vulnerable,Plantae,Magnoliopsida,-,Yes,-,-,-,-,-,-
Budawangs Bush-pea,Endangered,Plantae,Magnoliopsida,-,Yes,-,-,-,-,-,-
Elusive Bush-pea,Endangered,Plantae,Magnoliopsida,-,Yes,-,-,-,-,-,-
"Smooth Bush-pea, Swamp Bush-pea",Vulnerable,Plantae,Magnoliopsida,-,Yes,-,-,-,-,-,-
Beyeria Bush-pea,Critically Endangered,Plantae,Magnoliopsida,-,-,-,-,Yes,-,-,-
Maiden's Bush-pea,Extinct,Plantae,Magnoliopsida,-,-,-,-,-,-,Yes,-
-,Vulnerable,Plantae,Magnoliopsida,-,Yes,-,-,-,-,Yes,-
-,Vulnerable,Plantae,Magnoliopsida,-,Yes,-,-,-,-,-,-
Narrogin Pea,Vulnerable,Plantae,Magnoliopsida,-,-,-,-,-,-,-,Yes
-,Vulnerable,Plantae,Magnoliopsida,-,-,-,Yes,-,-,-,-
"Genowlan Point Pultenaea, Genowlan Pultenaea",Critically Endangered,Plantae,Magnoliopsida,-,Yes,-,-,-,-,-,-
Tufted Bush-pea,Endangered,Plantae,Magnoliopsida,-,-,-,-,Yes,-,-,-
"Yellow Bush-pea, Splendid Bush-pea",Vulnerable,Plantae,Magnoliopsida,-,-,-,-,Yes,-,-,-
Williamsons Bush-pea,Vulnerable,Plantae,Magnoliopsida,-,-,-,-,-,-,Yes,-
Pilotbird,Vulnerable,Animalia,Aves,Yes,Yes,-,-,-,-,Yes,-
Stoddart's Helicarionid Land Snail,Critically Endangered,Animalia,Gastropoda,-,-,-,-,-,-,-,-
"Christmas Island Blind Snake, Christmas Island Pink Blind Snake",Vulnerable,Animalia,Reptilia,-,-,-,-,-,-,-,-
Spiny Gardenia,Endangered,Plantae,Magnoliopsida,-,Yes,-,Yes,-,-,-,-
Anemone Buttercup,Vulnerable,Plantae,Magnoliopsida,-,Yes,-,-,-,-,-,-
"Midlands Buttercup, Tunbridge Buttercup",Endangered,Plantae,Magnoliopsida,-,-,-,-,-,Yes,-,-
"Maclear's Rat, Christmas Island Rat",Extinct,Animalia,Mammalia,-,-,-,-,-,-,-,-
"Bulldog Rat, Christmas Island Burrowing Rat",Extinct,Animalia,Mammalia,-,-,-,-,-,-,-,-
Reedia,Critically Endangered,Plantae,Liliopsida,-,-,-,-,-,-,-,Yes
Wongan Rhagodia,Vulnerable,Plantae,Magnoliopsida,-,-,-,-,-,-,-,Yes
-,Vulnerable,Plantae,Magnoliopsida,-,Yes,-,Yes,-,-,-,-
"Austral Cornflower, Native Thistle",Vulnerable,Plantae,Magnoliopsida,-,Yes,-,Yes,-,-,Yes,-
Southern Gastric-brooding Frog,Extinct,Animalia,Amphibia,-,-,-,Yes,-,-,-,-
"Northern Gastric-brooding Frog, Eungella Gastric-brooding Frog",Extinct,Animalia,Amphibia,-,-,-,Yes,-,-,-,-
"Fitzroy River Turtle, Fitzroy Tortoise, Fitzroy Turtle, White-eyed River Diver",Endangered,Animalia,Reptilia,-,-,-,Yes,-,-,-,-
Whale Shark,Vulnerable,Animalia,Chondrichthyes,-,Yes,Yes,Yes,-,Yes,Yes,Yes
-,Vulnerable,Plantae,Liliopsida,-,-,-,Yes,-,-,-,-
"Large-eared Horseshoe Bat, Greater Large-eared Horseshoe Bat, Lesser Large-eared Horseshoe Bat",Vulnerable,Animalia,Mammalia,-,-,-,Yes,-,-,-,-
Pilbara Leaf-nosed Bat,Vulnerable,Animalia,Mammalia,-,-,-,-,-,-,-,Yes
"Lord Howe Grey Fantail, Grey Fantail (Lord Howe Island)",Extinct,Animalia,Aves,-,Yes,-,-,-,-,-,-
"Western Underground Orchid, Underground Orchid",Critically Endangered,Plantae,Liliopsida,-,-,-,-,-,-,-,Yes
South Coast Underground Orchid,Critically Endangered,Plantae,Liliopsida,-,-,-,-,-,-,-,Yes
Eastern Underground Orchid,Endangered,Plantae,Liliopsida,-,Yes,-,-,-,-,-,-
Narrow-leaved Malletwood,Critically Endangered,Plantae,Magnoliopsida,-,-,-,Yes,-,-,-,-
-,Critically Endangered,Plantae,Magnoliopsida,-,-,-,Yes,-,-,-,-
Smooth Scrub Turpentine,Critically Endangered,Plantae,Magnoliopsida,-,Yes,-,Yes,-,-,-,-
"Scrub Turpentine, Brown Malletwood",Critically Endangered,Plantae,Magnoliopsida,-,Yes,-,Yes,-,-,-,-
Iron Malletwood,Endangered,Plantae,Magnoliopsida,-,-,-,Yes,-,-,-,-
White Malletwood,Endangered,Plantae,Magnoliopsida,-,-,-,Yes,-,-,-,-
Native Guava,Critically Endangered,Plantae,Magnoliopsida,-,Yes,-,Yes,-,-,-,-
-,Endangered,Plantae,Magnoliopsida,-,-,-,-,-,-,-,Yes
Glory of the Centre,Vulnerable,Plantae,Magnoliopsida,-,-,Yes,-,-,-,-,-
Barrens Wedding Bush,Endangered,Plantae,Magnoliopsida,-,-,-,-,-,-,-,Yes
Mount Donna Buang Wingless Stonefly,Critically Endangered,Animalia,Insecta,-,-,-,-,-,-,Yes,-
-,Vulnerable,Plantae,Magnoliopsida,-,-,-,Yes,-,-,-,-
-,Vulnerable,Plantae,Liliopsida,-,-,-,Yes,-,-,-,-
Australian Painted Snipe,Endangered,Animalia,Aves,Yes,Yes,Yes,Yes,Yes,-,Yes,Yes
Saltmat,Endangered,Plantae,Magnoliopsida,-,-,-,-,-,-,-,Yes
Heath Wrinklewort,Vulnerable,Plantae,Magnoliopsida,-,Yes,-,-,-,-,-,-
Monaro Golden Daisy,Vulnerable,Plantae,Magnoliopsida,-,Yes,-,-,-,-,-,-
Button Wrinklewort,Endangered,Plantae,Magnoliopsida,Yes,Yes,-,-,-,-,Yes,-
Feldmark Grass,Vulnerable,Plantae,Liliopsida,-,Yes,-,-,-,-,-,-
"Bare-rumped Sheath-tailed Bat, Bare-rumped Sheathtail Bat",Vulnerable,Animalia,Mammalia,-,-,Yes,Yes,-,-,-,Yes
Tasmanian Pearlwort,Endangered,Plantae,Magnoliopsida,-,-,-,-,-,Yes,-,-
Cape Melville Leaf-tail Gecko,Critically Endangered,Animalia,Reptilia,-,-,-,Yes,-,-,-,-
Kate's Leaf-tail Gecko,Endangered,Animalia,Reptilia,-,Yes,-,-,-,-,-,-
"New England Leaf-tailed Gecko, Moritz's Leaf-tailed Gecko",Endangered,Animalia,Reptilia,-,Yes,-,-,-,-,-,-
Granite Leaf-tailed Gecko,Endangered,Animalia,Reptilia,-,Yes,-,Yes,-,-,-,-
Quassia,Vulnerable,Plantae,Magnoliopsida,-,-,-,Yes,-,-,-,-
-,Endangered,Plantae,Magnoliopsida,-,Yes,-,-,-,-,-,-
-,Endangered,Plantae,Magnoliopsida,-,-,-,Yes,-,-,-,-
Fern-leaf Baeckea,Vulnerable,Plantae,Magnoliopsida,-,-,-,-,-,-,Yes,-
a shrub,Vulnerable,Plantae,Magnoliopsida,-,-,-,Yes,-,-,-,-
-,Critically Endangered,Plantae,Magnoliopsida,-,Yes,-,-,-,-,-,-
Ravine Orchid,Vulnerable,Plantae,Liliopsida,-,Yes,-,Yes,-,-,-,-
"Waxy Sarcochilus, Blue Knob Orchid",Vulnerable,Plantae,Liliopsida,-,Yes,-,Yes,-,-,-,-
-,Vulnerable,Plantae,Liliopsida,-,-,-,Yes,-,-,-,-
"Blotched Sarcochilus, Weinthals Sarcanth",Vulnerable,Plantae,Liliopsida,-,Yes,-,Yes,-,-,-,-
Tasmanian Devil,Endangered,Animalia,Mammalia,-,-,-,-,-,Yes,-,-
Large-flowered Scaevola,Critically Endangered,Plantae,Magnoliopsida,-,-,-,-,-,-,-,Yes
"Redfin Blue Eye, Redfin Blue-eye",Endangered,Animalia,Actinopterygii,-,-,-,Yes,-,-,-,-
Mingenew Everlasting,Endangered,Plantae,Magnoliopsida,-,-,-,-,-,-,-,Yes
-,Vulnerable,Plantae,Magnoliopsida,-,-,-,Yes,-,-,-,-
Turnip Copperburr,Endangered,Plantae,Magnoliopsida,-,Yes,-,-,-,-,Yes,-
-,Vulnerable,Plantae,Magnoliopsida,-,-,-,Yes,-,-,-,-
Tallebudgera spikemoss,Vulnerable,Plantae,Lycopodopiatae,-,Yes,-,Yes,-,-,-,-
a land snail,Endangered,Animalia,Gastropoda,-,-,Yes,-,-,-,-,-
a daisy,Vulnerable,Plantae,Magnoliopsida,-,-,-,-,-,-,-,-
"Stiff Groundsel, Behr's Groundsel",Endangered,Plantae,Magnoliopsida,-,Yes,-,-,Yes,-,Yes,-
a daisy,Endangered,Plantae,Magnoliopsida,-,-,-,-,-,-,-,-
Grey Groundsel,Extinct,Plantae,Magnoliopsida,-,Yes,-,-,Yes,Yes,Yes,-
a daisy,Vulnerable,Plantae,Magnoliopsida,-,-,-,-,-,-,-,-
"Large-fruit Fireweed, Large-fruit Groundsel",Vulnerable,Plantae,Magnoliopsida,-,Yes,-,-,Yes,Yes,Yes,-
Superb Groundsel,Vulnerable,Plantae,Magnoliopsida,-,-,-,-,Yes,-,-,-
"Swamp Fireweed, Smooth-fruited Groundsel",Vulnerable,Plantae,Magnoliopsida,-,-,-,-,Yes,Yes,Yes,-
Fringed Fire-bush,Critically Endangered,Plantae,Magnoliopsida,-,-,-,-,-,-,-,Yes
Quokka,Vulnerable,Animalia,Mammalia,-,-,-,-,-,-,-,Yes
Bednall's Land Snail,Endangered,Animalia,Gastropoda,-,-,Yes,-,-,-,-,-
Butler's Dunnart,Vulnerable,Animalia,Mammalia,-,-,Yes,-,-,-,-,Yes
Julia Creek Dunnart,Vulnerable,Animalia,Mammalia,-,-,-,Yes,-,-,-,-
Kangaroo Island Dunnart,Endangered,Animalia,Mammalia,-,-,-,-,Yes,-,-,-
Sandhill Dunnart,Endangered,Animalia,Mammalia,-,-,Yes,-,Yes,-,-,Yes
Bridal Flower,Extinct,Plantae,Magnoliopsida,-,Yes,-,-,-,-,-,-
-,Endangered,Plantae,Magnoliopsida,-,-,-,Yes,-,-,-,-
-,Vulnerable,Plantae,Magnoliopsida,-,-,-,Yes,-,-,-,-
Granite Nightshade,Endangered,Plantae,Magnoliopsida,-,-,-,Yes,-,-,-,-
-,Endangered,Plantae,Magnoliopsida,-,-,-,Yes,-,-,-,-
Menindee Nightshade,Vulnerable,Plantae,Magnoliopsida,-,Yes,-,-,Yes,-,Yes,-
Capella Potato Bush,Critically Endangered,Plantae,Magnoliopsida,-,-,-,Yes,-,-,-,-
-,Endangered,Plantae,Magnoliopsida,-,Yes,-,-,-,-,-,-
-,Vulnerable,Plantae,Magnoliopsida,-,Yes,-,Yes,-,-,-,-
Australian Humpback Dolphin,Vulnerable,Animalia,Mammalia,-,Yes,Yes,Yes,-,-,-,Yes
Grampians Globe-pea,Critically Endangered,Plantae,Magnoliopsida,-,-,-,-,-,-,Yes,-
Mountain Paper-heath,Endangered,Plantae,Magnoliopsida,-,-,-,-,-,-,-,Yes
Sunset Frog,Vulnerable,Animalia,Amphibia,-,-,-,-,-,-,-,Yes
Spiral Bush,Endangered,Plantae,Magnoliopsida,-,-,-,-,-,-,-,Yes
a grass,Endangered,Plantae,Liliopsida,-,-,-,Yes,-,-,-,-
Tiny Spyridium,Endangered,Plantae,Magnoliopsida,-,Yes,-,-,-,-,Yes,-
Butterfly Spyridium,Vulnerable,Plantae,Magnoliopsida,-,-,-,-,Yes,-,-,-
MacGillivray Spyridium,Vulnerable,Plantae,Magnoliopsida,-,-,-,-,Yes,-,-,-
Woods Well Spyridium,Critically Endangered,Plantae,Magnoliopsida,-,-,-,-,Yes,-,-,-
Forked Spyridium,Endangered,Plantae,Magnoliopsida,-,-,-,-,-,-,Yes,-
Small-leaf Spyridium,Endangered,Plantae,Magnoliopsida,-,-,-,-,-,Yes,-,-
Creeping Dusty Miller,Vulnerable,Plantae,Magnoliopsida,-,-,-,-,-,Yes,-,-
Three-flowered Stachystemon,Vulnerable,Plantae,Magnoliopsida,-,-,-,-,-,-,-,Yes
"Annual Stackhousia, Annual Candles",Vulnerable,Plantae,Magnoliopsida,-,-,-,-,Yes,-,Yes,-
"Western Beautiful Firetail, Beautiful Firetail (Mt Lofty Range and Kangaroo Island)",Endangered,Animalia,Aves,-,-,-,-,Yes,-,-,-
Diamond Firetail,Vulnerable,Animalia,Aves,Yes,Yes,-,Yes,Yes,-,Yes,-
"Spreading Stenanthemum, Propellor Plant",Vulnerable,Plantae,Magnoliopsida,-,-,-,-,-,Yes,-,-
"New Zealand Antarctic Tern, Antarctic Tern (New Zealand)",Endangered,Animalia,Aves,-,-,-,-,-,Yes,-,-
Antarctic Tern (Indian Ocean),Vulnerable,Animalia,Aves,-,-,-,-,-,-,-,-
Little Tern,Vulnerable,Animalia,Aves,-,Yes,Yes,Yes,Yes,Yes,Yes,Yes
Australian Fairy Tern,Vulnerable,Animalia,Aves,-,Yes,-,-,Yes,Yes,Yes,Yes
Opal Cling Goby,Critically Endangered,Animalia,Actinopterygii,-,-,-,Yes,-,-,-,-
Kangaroo Island Southern Emu-wren,Endangered,Animalia,Aves,-,-,-,-,Yes,-,-,-
"Fleurieu Peninsula Southern Emu-wren, Mount Lofty Southern Emu-wren",Endangered,Animalia,Aves,-,-,-,-,Yes,-,-,-
"Southern Emu-wren (Eyre Peninsula), Eyre Peninsula Southern Emu-wren",Endangered,Animalia,Aves,-,-,-,-,Yes,-,-,-
Mallee Emu-wren,Endangered,Animalia,Aves,-,-,-,-,Yes,-,Yes,-
Clubmoss Bush-pea,Endangered,Plantae,Magnoliopsida,-,-,-,-,-,Yes,-,-
"Siah's Backbone, Sia's Backbone, Isaac Wood",Endangered,Plantae,Magnoliopsida,-,-,-,-,-,-,-,-
Black Currawong (King Island),Vulnerable,Animalia,Aves,-,-,-,-,-,Yes,-,-
"Lord Howe Island Currawong, Pied Currawong (Lord Howe Island)",Vulnerable,Animalia,Aves,-,Yes,-,-,-,-,-,-
Arnhem Phasmid Gecko,Vulnerable,Animalia,Reptilia,-,-,Yes,-,-,-,-,-
-,Critically Endangered,Plantae,Magnoliopsida,-,-,-,-,-,-,-,Yes
Flat-leaved Triggerplant,Critically Endangered,Plantae,Magnoliopsida,-,-,-,-,-,-,-,Yes
Asymmetric Triggerplant,Endangered,Plantae,Magnoliopsida,-,-,-,-,-,-,-,Yes
-,Endangered,Plantae,Magnoliopsida,-,-,-,-,-,-,-,Yes
"Wongan Hills Triggerplant, Wongan Triggerplant",Endangered,Plantae,Magnoliopsida,-,-,-,-,-,-,-,Yes
a triggerplant,Endangered,Plantae,Magnoliopsida,-,-,Yes,-,-,-,-,-
Yellow Mountain Triggerplant,Vulnerable,Plantae,Magnoliopsida,-,-,-,-,-,-,-,Yes
-,Critically Endangered,Plantae,Magnoliopsida,-,-,-,-,-,-,-,Yes
-,Critically Endangered,Plantae,Magnoliopsida,-,-,-,-,-,-,-,Yes
-,Endangered,Plantae,Magnoliopsida,-,Yes,-,-,-,-,-,-
"Slender Darling-pea, Slender Swainson, Murray Swainson-pea",Vulnerable,Plantae,Magnoliopsida,-,Yes,-,Yes,Yes,-,Yes,-
"Red Darling-pea, Red Swainson-pea",Vulnerable,Plantae,Magnoliopsida,-,Yes,-,-,-,-,Yes,-
Yellow Swainson-pea,Vulnerable,Plantae,Magnoliopsida,-,Yes,-,-,Yes,-,Yes,-
"Small Purple-pea, Mountain Swainson-pea, Small Purple Pea",Endangered,Plantae,Magnoliopsida,Yes,Yes,-,-,-,-,Yes,-
Bancrofts Symonanthus,Endangered,Plantae,Magnoliopsida,-,-,-,-,-,-,-,Yes
"Small-leaved Hazelwood, Shrubby Hazelwood",Vulnerable,Plantae,Magnoliopsida,-,Yes,-,Yes,-,-,-,-
Quartz-loving Synaphea,Endangered,Plantae,Magnoliopsida,-,-,-,-,-,-,-,Yes
Selena's Synaphea,Critically Endangered,Plantae,Magnoliopsida,-,-,-,-,-,-,-,Yes
Club-leafed Synaphea,Critically Endangered,Plantae,Magnoliopsida,-,-,-,-,-,-,-,Yes
-,Endangered,Plantae,Magnoliopsida,-,-,-,-,-,-,-,Yes
-,Critically Endangered,Plantae,Magnoliopsida,-,-,-,-,-,-,-,Yes
Dwellingup Synaphea,Endangered,Plantae,Magnoliopsida,-,-,-,-,-,-,-,Yes
Golden Sun Moth,Vulnerable,Animalia,Insecta,Yes,Yes,-,-,Yes,-,Yes,-
"Smooth-bark Rose Apple, Red Lilly Pilly",Vulnerable,Plantae,Magnoliopsida,-,Yes,-,Yes,-,-,-,-
"Rose Apple, Coolamon, Robby, Durobby, Watermelon Tree, Coolamon Rose Apple",Vulnerable,Plantae,Magnoliopsida,-,Yes,-,Yes,-,-,-,-
"Magenta Lilly Pilly, Magenta Cherry, Daguba, Scrub Cherry, Creek Lilly Pilly, Brush Cherry",Vulnerable,Plantae,Magnoliopsida,-,Yes,-,-,-,-,-,-
-,Vulnerable,Plantae,Magnoliopsida,-,-,-,Yes,-,-,-,-
Kangaroo Island Echidna,Endangered,Animalia,Mammalia,-,-,-,-,Yes,-,-,-
"Minute Orchid, Ribbon-root Orchid",Vulnerable,Plantae,Liliopsida,-,-,-,-,-,-,-,-
"Coast Dandelion, Native Dandelion",Vulnerable,Plantae,Magnoliopsida,-,-,-,-,Yes,Yes,Yes,Yes
-,Endangered,Plantae,Magnoliopsida,-,-,Yes,-,-,-,-,-
Fragrant Pepperbush,Vulnerable,Plantae,Magnoliopsida,-,Yes,-,-,-,-,-,-
"Sharp-snouted Day Frog, Sharp-snouted Torrent Frog",Extinct,Animalia,Amphibia,-,-,-,Yes,-,-,-,-
"Southern Day Frog, Mt Glorious Torrent Frog",Extinct,Animalia,Amphibia,-,-,-,Yes,-,-,-,-
Eungella Day Frog,Endangered,Animalia,Amphibia,-,-,-,Yes,-,-,-,-
"Kroombit Tinker Frog, Pleione's Torrent Frog",Critically Endangered,Animalia,Amphibia,-,-,-,Yes,-,-,-,-
Tinkling Frog,Critically Endangered,Animalia,Amphibia,-,-,-,Yes,-,-,-,-
Cave Fern,Endangered,Plantae,Polypodiatae,-,-,-,Yes,-,-,-,-
Large-articled Samphire,Vulnerable,Plantae,Magnoliopsida,-,-,-,-,-,-,-,Yes
"Bead Glasswort, Bead Samphire",Vulnerable,Plantae,Magnoliopsida,-,-,-,-,Yes,-,Yes,Yes
Gibraltar Waratah,Endangered,Plantae,Magnoliopsida,-,Yes,-,-,-,-,-,-
-,Vulnerable,Plantae,Magnoliopsida,-,-,-,Yes,-,-,-,-
Southern Tetraria,Vulnerable,Plantae,Liliopsida,-,-,-,-,-,-,-,Yes
Bungalbin Tetratheca,Vulnerable,Plantae,Magnoliopsida,-,-,-,-,-,-,-,Yes
Granite Tetratheca,Endangered,Plantae,Magnoliopsida,-,-,-,-,-,-,-,Yes
Cronin's Tetratheca,Extinct,Plantae,Magnoliopsida,-,-,-,-,-,-,-,Yes
"Shy Pinkbells, Shy Susan",Critically Endangered,Plantae,Magnoliopsida,-,-,-,-,-,Yes,-,-
Jackson Tetratheca,Vulnerable,Plantae,Magnoliopsida,-,-,-,-,-,-,-,Yes
Black-eyed Susan,Vulnerable,Plantae,Magnoliopsida,-,Yes,-,-,-,-,-,-
-,Critically Endangered,Plantae,Magnoliopsida,-,-,-,-,-,-,-,Yes
Paynter's Tetratheca,Endangered,Plantae,Magnoliopsida,-,-,-,-,-,-,-,Yes
"Buller's Albatross, Pacific Albatross",Vulnerable,Animalia,Aves,-,Yes,-,-,Yes,Yes,Yes,-
"Northern Buller's Albatross, Pacific Albatross",Vulnerable,Animalia,Aves,-,Yes,-,-,Yes,Yes,Yes,-
Indian Yellow-nosed  Albatross,Vulnerable,Animalia,Aves,-,-,-,Yes,Yes,-,Yes,Yes
Shy Albatross,Endangered,Animalia,Aves,-,Yes,-,Yes,Yes,Yes,Yes,Yes
Grey-headed Albatross,Endangered,Animalia,Aves,-,Yes,-,Yes,Yes,Yes,Yes,Yes
Chatham Albatross,Endangered,Animalia,Aves,-,Yes,-,-,-,Yes,Yes,-
"Campbell Albatross, Campbell Black-browed Albatross",Vulnerable,Animalia,Aves,-,Yes,-,Yes,Yes,Yes,Yes,Yes
Black-browed Albatross,Vulnerable,Animalia,Aves,-,Yes,-,Yes,Yes,Yes,Yes,Yes
Salvin's Albatross,Vulnerable,Animalia,Aves,-,Yes,-,Yes,Yes,Yes,Yes,Yes
White-capped Albatross,Vulnerable,Animalia,Aves,-,Yes,-,Yes,Yes,Yes,Yes,Yes
Alpine Stonefly,Endangered,Animalia,Insecta,-,-,-,-,-,-,Yes,-
Wyong Sun Orchid,Critically Endangered,Plantae,Liliopsida,-,Yes,-,-,-,-,-,-
"Blue Top Sun-orchid, Dark-tipped Sun-orchid",Critically Endangered,Plantae,Liliopsida,-,-,-,-,Yes,-,-,-
Cinnamon Sun Orchid,Endangered,Plantae,Liliopsida,-,-,-,-,-,-,-,Yes
Metallic Sun-orchid,Endangered,Plantae,Liliopsida,-,Yes,-,-,Yes,-,Yes,-
Blue Star Sun-orchid,Critically Endangered,Plantae,Liliopsida,-,-,-,-,Yes,-,-,-
Sky-blue Sun-orchid,Endangered,Plantae,Liliopsida,-,-,-,-,-,Yes,-,-
Kangaloon Sun Orchid,Critically Endangered,Plantae,Liliopsida,-,Yes,-,-,-,-,-,-
Brilliant Sun-orchid,Vulnerable,Plantae,Liliopsida,-,-,-,-,-,-,Yes,-
Spiral Sun-orchid,Endangered,Plantae,Liliopsida,-,-,-,-,Yes,-,Yes,-
Hoary Sun-orchid,Critically Endangered,Plantae,Liliopsida,-,-,-,-,Yes,-,Yes,-
Sandplain Sun-orchid,Vulnerable,Plantae,Liliopsida,-,-,-,-,-,-,-,Yes
Star Sun-orchid,Endangered,Plantae,Liliopsida,-,-,-,-,-,-,-,Yes
Queen of Sheba,Critically Endangered,Plantae,Liliopsida,-,-,-,-,-,-,-,Yes
Mitchell's Rainforest Snail,Critically Endangered,Animalia,Gastropoda,-,Yes,-,-,-,-,-,-
"Austral Toadflax, Toadflax",Vulnerable,Plantae,Magnoliopsida,Yes,Yes,-,Yes,-,Yes,Yes,-
"Eastern Hooded Plover, Eastern Hooded Plover",Vulnerable,Animalia,Aves,-,Yes,-,-,Yes,Yes,Yes,-
-,Endangered,Plantae,Liliopsida,-,Yes,-,-,-,-,-,-
Mt Holland Thomasia,Extinct,Plantae,Magnoliopsida,-,-,-,-,-,-,-,Yes
Sandplain Thomasia,Vulnerable,Plantae,Magnoliopsida,-,-,-,-,-,-,-,Yes
Hill Thomasia,Vulnerable,Plantae,Magnoliopsida,-,-,-,-,-,-,-,Yes
Green Hill Thomasia,Endangered,Plantae,Magnoliopsida,-,-,-,-,-,-,-,Yes
Mountain Thryptomene,Vulnerable,Plantae,Magnoliopsida,-,-,Yes,-,-,-,-,Yes
"Thylacine, Tasmanian Tiger",Extinct,Animalia,Mammalia,-,-,-,-,-,Yes,-,-
Red Handfish,Critically Endangered,Animalia,Actinopterygii,-,-,-,-,-,Yes,-,-
Myrtle Elbow Orchid,Critically Endangered,Plantae,Liliopsida,-,-,-,-,-,Yes,-,-
"Pygmy Blue-tongue Lizard, Adelaide Blue-tongue Lizard",Endangered,Animalia,Reptilia,-,-,-,-,Yes,-,-,-
Northern Blue-tongued Skink,Critically Endangered,Animalia,Reptilia,-,-,Yes,Yes,-,-,-,Yes
-,Extinct,Plantae,Psilotatae,-,-,-,Yes,-,-,-,-
Hanging Fork-fern,Vulnerable,Plantae,Psilotatae,-,-,-,-,-,-,-,-
-,Endangered,Plantae,Magnoliopsida,-,-,-,Yes,-,-,-,-
a tree,Endangered,Plantae,Magnoliopsida,-,-,Yes,-,-,-,-,-
-,Vulnerable,Plantae,Polypodiatae,-,-,-,Yes,-,-,-,-
Mountain Trachymene,Endangered,Plantae,Magnoliopsida,-,Yes,-,-,-,-,-,-
-,Extinct,Plantae,Magnoliopsida,-,Yes,-,-,-,-,-,-
Granite Pink,Vulnerable,Plantae,Liliopsida,-,-,-,-,-,-,-,Yes
Dwarf Yellow-heads,Vulnerable,Plantae,Magnoliopsida,-,-,-,-,-,-,Yes,-
Northern Brushtail Possum,Vulnerable,Animalia,Mammalia,-,-,Yes,-,-,-,-,Yes
"Common Greenshank, Greenshank",Endangered,Animalia,Aves,Yes,Yes,Yes,Yes,Yes,Yes,Yes,Yes
Banksia brownii plant louse,Endangered,Animalia,Insecta,-,-,-,-,-,-,-,Yes
-,Endangered,Plantae,Magnoliopsida,-,Yes,-,-,-,-,-,-
-,Vulnerable,Plantae,Magnoliopsida,-,-,-,Yes,-,-,-,-
Nowra Heath-myrtle,Endangered,Plantae,Magnoliopsida,-,Yes,-,-,-,-,-,-
Antbed Parrot Moth,Endangered,Animalia,Insecta,-,-,-,Yes,-,-,-,-
Swan Hydatella,Endangered,Plantae,Liliopsida,-,-,-,-,-,-,-,Yes
Glossy Spice Bush,Endangered,Plantae,Magnoliopsida,-,-,-,Yes,-,-,-,-
Thin Feather Orchid,Vulnerable,Plantae,Liliopsida,-,-,-,Yes,-,-,-,-
Christmas Island Thrush,Endangered,Animalia,Aves,-,-,-,-,-,-,-,-
"Grey-headed Blackbird, Norfolk Island Thrush",Extinct,Animalia,Aves,-,-,-,-,-,-,-,-
"Lord Howe Thrush, Vinous-tinted Thrush",Extinct,Animalia,Aves,-,Yes,-,-,-,-,-,-
Black-breasted Button-quail,Vulnerable,Animalia,Aves,-,Yes,-,Yes,-,-,-,-
Buff-breasted Button-quail,Critically Endangered,Animalia,Aves,-,-,-,Yes,-,-,-,-
Painted Button-quail (Houtman Abrolhos),Endangered,Animalia,Aves,-,-,-,-,-,-,-,Yes
-,Endangered,Plantae,Magnoliopsida,-,Yes,-,Yes,-,-,-,-
-,Endangered,Plantae,Magnoliopsida,-,-,-,Yes,-,-,-,-
-,Endangered,Plantae,Magnoliopsida,-,Yes,-,Yes,-,-,-,-
Condamine Earless Dragon,Endangered,Animalia,Reptilia,-,-,-,Yes,-,-,-,-
"Canberra Grassland Earless Dragon, Lined Earless Dragon",Critically Endangered,Animalia,Reptilia,Yes,Yes,-,-,-,-,-,-
Bathurst Grassland Earless Dragon,Critically Endangered,Animalia,Reptilia,-,Yes,-,-,-,-,-,-
Monaro Grassland Earless Dragon,Endangered,Animalia,Reptilia,-,Yes,-,-,-,-,-,-
Victorian Grassland Earless Dragon,Critically Endangered,Animalia,Reptilia,-,-,-,-,-,-,Yes,-
a herb,Endangered,Plantae,Liliopsida,-,-,Yes,-,-,-,-,-
a herb,Endangered,Plantae,Liliopsida,-,-,Yes,-,-,-,-,-
-,Endangered,Plantae,Liliopsida,-,-,Yes,-,-,-,-,-
-,Endangered,Plantae,Liliopsida,-,-,Yes,-,-,-,-,-
a herb,Endangered,Plantae,Liliopsida,-,-,Yes,-,-,-,-,-
Masked Owl (Tasmanian),Vulnerable,Animalia,Aves,-,-,-,-,-,Yes,-,-
Masked Owl (northern),Vulnerable,Animalia,Aves,-,-,Yes,Yes,-,-,-,Yes
"Tiwi Masked Owl, Tiwi Islands Masked Owl",Endangered,Animalia,Aves,-,-,Yes,-,-,-,-,-
Bastard Oak,Vulnerable,Plantae,Magnoliopsida,-,-,-,-,-,-,-,-
"Howard River Toadlet, Davies's Toadlet",Vulnerable,Animalia,Amphibia,-,-,Yes,-,-,-,-,-
Mahony's Toadlet,Endangered,Animalia,Amphibia,-,Yes,-,-,-,-,-,-
Martin's Toadlet,Endangered,Animalia,Amphibia,-,Yes,-,-,-,-,Yes,-
Peach Myrtle,Endangered,Plantae,Magnoliopsida,-,Yes,-,-,-,-,-,-
"Border Thick-tailed Gecko, Granite Belt Thick-tailed Gecko",Vulnerable,Animalia,Reptilia,-,Yes,-,Yes,-,-,-,-
Cape York Vanda,Vulnerable,Plantae,Liliopsida,-,-,-,Yes,-,-,-,-
Bennett's Seaweed,Extinct,Plantae,Rhodophyceae,-,Yes,-,-,-,-,-,-
"Dwarf Butterfly Orchid, Cooktown Orchid",Endangered,Plantae,Liliopsida,-,-,-,Yes,-,-,-,-
Cooktown Orchid,Vulnerable,Plantae,Liliopsida,-,-,-,Yes,-,-,-,-
Mertens' Water Monitor,Endangered,Animalia,Reptilia,-,-,Yes,Yes,-,-,-,Yes
Mitchell's Water Monitor,Critically Endangered,Animalia,Reptilia,-,-,Yes,Yes,-,-,-,Yes
-,Vulnerable,Plantae,Magnoliopsida,-,Yes,-,-,-,-,-,-
Ciliolate Hebe,Vulnerable,Plantae,Magnoliopsida,-,-,-,-,-,Yes,-,-
Mount Lofty Speedwell,Critically Endangered,Plantae,Magnoliopsida,-,-,-,-,Yes,-,-,-
-,Endangered,Plantae,Magnoliopsida,-,Yes,-,-,-,-,-,-
Port Lincoln Speedwell,Endangered,Plantae,Magnoliopsida,-,-,-,-,Yes,-,-,-
White Featherflower,Endangered,Plantae,Magnoliopsida,-,-,-,-,-,-,-,Yes
"Hay River Featherflower, Scruffy Verticordia",Critically Endangered,Plantae,Magnoliopsida,-,-,-,-,-,-,-,Yes
Stirling Range Featherflower,Vulnerable,Plantae,Magnoliopsida,-,-,-,-,-,-,-,Yes
-,Vulnerable,Plantae,Magnoliopsida,-,-,-,-,-,-,-,Yes
Long-stalked Featherflower,Endangered,Plantae,Magnoliopsida,-,-,-,-,-,-,-,Yes
Southern Shy Featherflower,Vulnerable,Plantae,Magnoliopsida,-,-,-,-,-,-,-,Yes
Shy Featherflower,Endangered,Plantae,Magnoliopsida,-,-,-,-,-,-,-,Yes
Coast Featherflower,Vulnerable,Plantae,Magnoliopsida,-,-,-,-,-,-,-,Yes
Hughan's Featherflower,Endangered,Plantae,Magnoliopsida,-,-,-,-,-,-,-,Yes
"Little Pine Verticordia, Pine-like Featherflower",Endangered,Plantae,Magnoliopsida,-,-,-,-,-,-,-,Yes
Tufted Plumed Featherflower,Endangered,Plantae,Magnoliopsida,-,-,-,-,-,-,-,Yes
Vasse Featherflower,Endangered,Plantae,Magnoliopsida,-,-,-,-,-,-,-,Yes
Scaly-leaved Featherflower,Endangered,Plantae,Magnoliopsida,-,-,-,-,-,-,-,Yes
Wongan Featherflower,Endangered,Plantae,Magnoliopsida,-,-,-,-,-,-,-,Yes
Granite Featherflower,Endangered,Plantae,Magnoliopsida,-,-,-,-,-,-,-,Yes
Dwarf Violet,Endangered,Plantae,Magnoliopsida,Yes,Yes,-,-,-,-,Yes,-
Tonsil Orchid,Endangered,Plantae,Liliopsida,-,-,-,Yes,-,-,-,-
"Carter's Freshwater Mussel, Ambiguus Mussel",Vulnerable,Animalia,Bivalvia,-,-,-,-,-,-,-,Yes
Whipstick Westringia,Endangered,Plantae,Magnoliopsida,-,-,-,-,-,-,Yes,-
Snowy River Westringia,Critically Endangered,Plantae,Magnoliopsida,-,-,-,-,-,-,Yes,-
-,Vulnerable,Plantae,Magnoliopsida,-,Yes,-,-,-,-,-,-
-,Endangered,Plantae,Magnoliopsida,-,Yes,-,-,-,-,-,-
-,Vulnerable,Plantae,Magnoliopsida,-,-,-,Yes,-,-,-,-
-,Vulnerable,Plantae,Magnoliopsida,-,Yes,-,Yes,-,-,-,-
Kurrajong,Critically Endangered,Plantae,Magnoliopsida,-,-,-,-,-,-,-,-
Wollemi Pine,Critically Endangered,Plantae,Pinatae,-,Yes,-,-,-,-,-,-
"Georges' Snapping Turtle, Bellinger River Sawshell Turtle, Georges Helmeted Turtle",Critically Endangered,Animalia,Reptilia,-,Yes,-,-,-,-,-,-
Naturaliste Nancy,Endangered,Plantae,Liliopsida,-,-,-,-,-,-,-,Yes
Long-flowered Nancy,Endangered,Plantae,Liliopsida,-,-,-,-,-,-,-,Yes
Sand Grasstree,Vulnerable,Plantae,Liliopsida,-,-,-,-,-,Yes,-,-
Shiny Grasstree,Endangered,Plantae,Liliopsida,-,-,-,-,-,Yes,-,-
-,Endangered,Plantae,Magnoliopsida,-,-,-,Yes,-,-,-,-
"Penda, Southern Penda, Luya's Hardwood",Vulnerable,Plantae,Magnoliopsida,-,-,-,Yes,-,-,-,-
Terek Sandpiper,Vulnerable,Animalia,Aves,-,Yes,Yes,Yes,Yes,Yes,Yes,Yes
"Swamp Everlasting, Swamp Paper Daisy",Vulnerable,Plantae,Magnoliopsida,-,Yes,-,-,-,Yes,Yes,-
"Water Mouse, False Water Rat, Yirrkoo",Vulnerable,Animalia,Mammalia,-,Yes,Yes,Yes,-,-,-,Yes
-,Endangered,Plantae,Magnoliopsida,-,-,-,Yes,-,-,-,-
-,Vulnerable,Plantae,Magnoliopsida,-,Yes,-,Yes,Yes,-,-,-
a shrub,Endangered,Plantae,Magnoliopsida,-,-,Yes,Yes,-,-,-,-
-,Endangered,Plantae,Magnoliopsida,-,Yes,-,-,-,-,-,-
Stirling Range Xyris,Critically Endangered,Plantae,Liliopsida,-,-,-,-,-,-,-,Yes
"Maugean Skate, Port Davey Skate",Endangered,Animalia,Chondrichthyes,-,-,-,-,-,Yes,-,-
"Native Cucumber, Giant Cucumber",Endangered,Plantae,Magnoliopsida,-,-,-,-,-,-,-,-
Kangaroo Island Assassin Spider,Critically Endangered,Animalia,Arachnida,-,-,-,-,Yes,-,-,-
Velvet Jewel Orchid,Vulnerable,Plantae,Liliopsida,-,-,-,Yes,-,-,-,-
Araluen Zieria,Critically Endangered,Plantae,Magnoliopsida,-,Yes,-,-,-,-,-,-
"Bomaderry Zieria, Bomaderry Creek Zieria",Endangered,Plantae,Magnoliopsida,-,Yes,-,-,-,-,-,-
-,Endangered,Plantae,Magnoliopsida,-,-,-,Yes,-,-,-,-
Box Range Zieria,Critically Endangered,Plantae,Magnoliopsida,-,Yes,-,-,-,-,-,-
Lemon-scented Zieria,Vulnerable,Plantae,Magnoliopsida,-,Yes,-,-,-,-,Yes,-
-,Vulnerable,Plantae,Magnoliopsida,-,-,-,Yes,-,-,-,-
Coveny's Zieria,Endangered,Plantae,Magnoliopsida,-,Yes,-,-,-,-,-,-
Banished Stink Bush,Critically Endangered,Plantae,Magnoliopsida,-,-,-,Yes,-,-,-,-
-,Endangered,Plantae,Magnoliopsida,-,Yes,-,-,-,-,-,-
Shapely Zieria,Endangered,Plantae,Magnoliopsida,-,Yes,-,-,-,-,-,-
"Hill Zieria, Hilly Zieria, Illawarra Zieria",Endangered,Plantae,Magnoliopsida,-,Yes,-,-,-,-,-,-
"Ingram's Zieria, Keith's Zieria",Endangered,Plantae,Magnoliopsida,-,Yes,-,-,-,-,-,-
-,Vulnerable,Plantae,Magnoliopsida,-,Yes,-,-,-,-,-,-
Willi Willi Zieria,Endangered,Plantae,Magnoliopsida,-,Yes,-,-,-,-,-,-
Velvet Zieria,Vulnerable,Plantae,Magnoliopsida,-,Yes,-,-,-,-,-,-
Granite Zieria,Endangered,Plantae,Magnoliopsida,-,Yes,-,-,-,-,-,-
-,Vulnerable,Plantae,Magnoliopsida,-,-,-,Yes,-,-,-,-
-,Critically Endangered,Plantae,Magnoliopsida,-,Yes,-,-,-,-,-,-
Parris's Zieria,Critically Endangered,Plantae,Magnoliopsida,-,Yes,-,-,-,-,-,-
Headland Zieria,Endangered,Plantae,Magnoliopsida,-,Yes,-,-,-,-,-,-
-,Vulnerable,Plantae,Magnoliopsida,-,-,-,Yes,-,-,-,-
Warty Zieria,Vulnerable,Plantae,Magnoliopsida,-,Yes,-,-,-,-,-,-
-,Vulnerable,Plantae,Magnoliopsida,-,-,-,Yes,-,-,-,-
"South Australian Bassian Thrush, Western Bassian Thrush",Endangered,Animalia,Aves,-,-,-,-,Yes,-,-,-
"White-chested White-eye, Norfolk Island Silvereye",Extinct,Animalia,Aves,-,-,-,-,-,-,-,-
Robust White-eye,Extinct,Animalia,Aves,-,Yes,-,-,-,-,-,-
"Arnhem Rock-rat, Arnhem Land Rock-rat, Kodjperr",Vulnerable,Animalia,Mammalia,-,-,Yes,-,-,-,-,-
"Carpentarian Rock-rat, Aywalirroomoo",Endangered,Animalia,Mammalia,-,-,Yes,-,-,-,-,-
"Central Rock-rat, Antina",Critically Endangered,Animalia,Mammalia,-,-,Yes,-,-,-,-,Yes
