CommonName,TaxonomicGroup,MaxStatus,State,RegionCentroidLatitude,RegionCentroidLongitude,ManagementCategory,TimeSeriesID
Kamballup Dryandra,Plants,Endangered,Western Australia,-32.41332852,117.1792762,Unknown,961_183_1851_269071_p_10001
Kamballup Dryandra,Plants,Endangered,Western Australia,-32.41332852,117.1792762,Unknown,961_183_1851_269072_p_10001
Kamballup Dryandra,Plants,Endangered,Western Australia,-32.41332852,117.1792762,Unknown,961_183_1851_269073_p_10001
Kamballup Dryandra,Plants,Endangered,Western Australia,-32.41332852,117.1792762,Unknown,961_183_1851_269074_p_10001
Kamballup Dryandra,Plants,Endangered,Western Australia,-34.23074081,119.1504387,Unknown,900_2_1641_955275_p_10002
Stirling Range Dryandra,Plants,Critically Endangered,Western Australia,-34.23074081,119.1504387,Actively managed,900_2_1640_955276_p_10060
,Plants,Critically Endangered,New South Wales,-35.26523623,150.6600222,Actively managed,894_2_1345_257002_p_10256
Minyon Quandong,Plants,Endangered,New South Wales,-28.59635014,153.1883811,Actively managed,1464_212_1414_952518_p_10388
Minyon Quandong,Plants,Endangered,New South Wales,-28.59635014,153.1883811,Unknown,1464_212_2651_952517_p_10388
,Plants,Endangered,New South Wales,-33.16202614,150.3893724,Unknown,1438_506_2651_952480_p_10635
,Plants,Endangered,New South Wales,-33.16202614,150.3893724,Unknown,1438_506_2651_952481_p_10635
,Plants,Endangered,New South Wales,-33.16202614,150.3893724,Unknown,1438_506_2651_952482_p_10635
Jumping-jack Wattle,Plants,Endangered,South Australia,-35.97157537,139.9875087,Actively managed,918_2_1522_269714_p_1103
Jumping-jack Wattle,Plants,Endangered,South Australia,-35.97157537,139.9875087,Unknown,918_2_1523_269716_p_1103
Jumping-jack Wattle,Plants,Endangered,South Australia,-35.64006379,140.609955,Unknown,918_2_1523_269718_p_1103
Jumping-jack Wattle,Plants,Endangered,South Australia,-35.64006379,140.609955,Unknown,918_2_1523_269729_p_1103
Jumping-jack Wattle,Plants,Endangered,South Australia,-35.64006379,140.609955,Unknown,918_2_1523_269730_p_1103
Jumping-jack Wattle,Plants,Endangered,South Australia,-35.64006379,140.609955,Actively managed,918_2_1524_269731_p_1103
Jumping-jack Wattle,Plants,Endangered,South Australia,-35.97157537,139.9875087,Actively managed,918_2_1525_269735_p_1103
Jumping-jack Wattle,Plants,Endangered,Victoria,-36.5434572,142.1688746,Unknown,958_2_1897_372712_p_1103
Jumping-jack Wattle,Plants,Endangered,Victoria,-36.5434572,142.1688746,Unknown,958_2_1897_373037_p_1103
Jumping-jack Wattle,Plants,Endangered,Victoria,-36.5434572,142.1688746,Unknown,958_2_1897_373058_p_1103
Jumping-jack Wattle,Plants,Endangered,Victoria,-36.5434572,142.1688746,Unknown,958_2_1897_373060_p_1103
Jumping-jack Wattle,Plants,Endangered,Victoria,-36.5434572,142.1688746,Unknown,958_2_1897_373332_p_1103
,Plants,Near Threatened,New South Wales,-30.03902622,151.9043727,Actively managed,1307_202_2059_397157_p_11588
,Plants,Near Threatened,New South Wales,-30.03902622,151.9043727,Actively managed,1307_2_2259_397156_p_11588
Dalveen Blue Box,Plants,Critically Endangered,Queensland,-28.68404142,151.8934121,No management,1387_2_1414_949541_p_11688
Dalveen Blue Box,Plants,Critically Endangered,Queensland,-28.54354516,151.5203759,No management,1387_2_1414_949542_p_11688
a shrub,Plants,Endangered,Western Australia,-32.41332852,117.1792762,Unknown,961_2_1847_269065_p_11752
"Imlay Mallee, Mount Imlay Mallee",Plants,Critically Endangered,New South Wales,-36.53324171,149.7389788,Unknown,1445_212_2782_955680_p_11875
"Imlay Mallee, Mount Imlay Mallee",Plants,Critically Endangered,New South Wales,-36.53324171,149.7389788,Actively managed,1445_212_2782_955681_p_11875
Grampians Pincushion-lily,Plants,Endangered,Victoria,-37.25678172,142.3822528,Actively managed,928_2_1668_255798_p_12162
,Plants,Critically Endangered,New South Wales,-34.1382346,148.3763939,Unknown,999_2_1973_257414_p_12253
,Plants,Critically Endangered,New South Wales,-34.1382346,148.3763939,Unknown,999_2_1973_257415_p_12253
,Plants,Critically Endangered,New South Wales,-34.1382346,148.3763939,Unknown,999_2_1973_257416_p_12253
,Plants,Critically Endangered,New South Wales,-34.1382346,148.3763939,Unknown,999_2_1973_257417_p_12253
,Plants,Critically Endangered,New South Wales,-34.1382346,148.3763939,Unknown,999_2_1973_257418_p_12253
,Plants,Critically Endangered,New South Wales,-34.1382346,148.3763939,Unknown,999_2_1973_257419_p_12253
,Plants,Critically Endangered,New South Wales,-34.1382346,148.3763939,Unknown,999_2_1973_257420_p_12253
,Plants,Vulnerable,Queensland,-27.04108243,144.8441333,Actively managed,1384_2_1358_943904_p_124
,Plants,Vulnerable,Queensland,-27.04108243,144.8441333,No management,1384_2_1358_943905_p_124
,Plants,Vulnerable,Queensland,-28.57414066,144.7793841,No management,1384_2_1358_943906_p_124
,Plants,Endangered,New South Wales,-33.16202614,150.3893724,Actively managed,998_2_1969_276338_p_1288
Baeuerlen's Gentian,Plants,Endangered,Australian Capital Territory,-35.43401712,149.060159,No management,1488_2_1535_954126_p_13516
Canberra Spider Orchid,Plants,Critically Endangered,Australian Capital Territory,-35.43401712,149.060159,Actively managed,883_2_1323_269283_p_13884
White-beauty Spider-orchid,Plants,Endangered,South Australia,-33.59852723,138.730096,Unknown,911_2_1487_252231_p_13890
White-beauty Spider-orchid,Plants,Endangered,South Australia,-33.59852723,138.730096,Unknown,911_2_1487_252235_p_13890
White-beauty Spider-orchid,Plants,Endangered,South Australia,-33.59852723,138.730096,Unknown,911_2_1487_252237_p_13890
White-beauty Spider-orchid,Plants,Endangered,South Australia,-33.59852723,138.730096,Unknown,911_2_1487_252238_p_13890
White-beauty Spider-orchid,Plants,Endangered,South Australia,-33.59852723,138.730096,Unknown,911_2_1487_252240_p_13890
White-beauty Spider-orchid,Plants,Endangered,South Australia,-33.59852723,138.730096,Unknown,911_2_1488_252233_p_13890
White-beauty Spider-orchid,Plants,Endangered,South Australia,-33.59852723,138.730096,Unknown,911_2_1488_252234_p_13890
White-beauty Spider-orchid,Plants,Endangered,South Australia,-33.59852723,138.730096,Unknown,911_3_1489_252230_p_13890
White-beauty Spider-orchid,Plants,Endangered,South Australia,-33.59852723,138.730096,Unknown,911_3_1489_252232_p_13890
White-beauty Spider-orchid,Plants,Endangered,South Australia,-33.59852723,138.730096,Unknown,911_3_1489_252239_p_13890
White-beauty Spider-orchid,Plants,Endangered,South Australia,-33.59852723,138.730096,Unknown,911_2_1490_252236_p_13890
White-beauty Spider-orchid,Plants,Endangered,South Australia,-34.88766404,138.7623028,No management,1251_348_1670_611115_p_13890
White-beauty Spider-orchid,Plants,Endangered,South Australia,-34.88766404,138.7623028,No management,1251_348_1670_611116_p_13890
White-beauty Spider-orchid,Plants,Endangered,South Australia,-35.33131139,138.668376,No management,1251_348_1670_611117_p_13890
White-beauty Spider-orchid,Plants,Endangered,South Australia,-35.33131139,138.668376,No management,1251_348_1670_611118_p_13890
White-beauty Spider-orchid,Plants,Endangered,South Australia,-34.88766404,138.7623028,No management,1251_348_1670_611120_p_13890
White-beauty Spider-orchid,Plants,Endangered,South Australia,-34.88766404,138.7623028,No management,1251_348_1670_611121_p_13890
White-beauty Spider-orchid,Plants,Endangered,South Australia,-34.88766404,138.7623028,No management,1251_348_1670_611122_p_13890
White-beauty Spider-orchid,Plants,Endangered,South Australia,-34.88766404,138.7623028,No management,1251_348_1670_611123_p_13890
White-beauty Spider-orchid,Plants,Endangered,South Australia,-34.88766404,138.7623028,No management,1251_348_1670_611124_p_13890
White-beauty Spider-orchid,Plants,Endangered,South Australia,-34.88766404,138.7623028,No management,1251_348_1670_611125_p_13890
White-beauty Spider-orchid,Plants,Endangered,South Australia,-34.88766404,138.7623028,No management,1251_348_1670_611126_p_13890
White-beauty Spider-orchid,Plants,Endangered,South Australia,-34.88766404,138.7623028,No management,1251_348_1670_611128_p_13890
White-beauty Spider-orchid,Plants,Endangered,South Australia,-34.88766404,138.7623028,No management,1251_348_1670_611129_p_13890
White-beauty Spider-orchid,Plants,Endangered,South Australia,-35.33131139,138.668376,No management,1251_348_1670_611185_p_13890
White-beauty Spider-orchid,Plants,Endangered,South Australia,-35.33131139,138.668376,No management,1251_348_1670_611245_p_13890
Pink-lipped Spider-orchid,Plants,Endangered,South Australia,-34.88766404,138.7623028,Unknown,910_2_1476_252324_p_13896
Pink-lipped Spider-orchid,Plants,Endangered,South Australia,-34.88766404,138.7623028,Unknown,910_2_1476_252325_p_13896
Pink-lipped Spider-orchid,Plants,Endangered,South Australia,-34.88766404,138.7623028,Unknown,910_2_1476_252326_p_13896
Pink-lipped Spider-orchid,Plants,Endangered,South Australia,-34.88766404,138.7623028,Unknown,910_2_1476_252327_p_13896
Pink-lipped Spider-orchid,Plants,Endangered,South Australia,-34.88766404,138.7623028,Unknown,910_2_1476_252328_p_13896
Pink-lipped Spider-orchid,Plants,Endangered,South Australia,-34.88766404,138.7623028,Unknown,910_2_1476_252329_p_13896
Pink-lipped Spider-orchid,Plants,Endangered,South Australia,-34.88766404,138.7623028,No management,1251_348_1670_611254_p_13896
Pink-lipped Spider-orchid,Plants,Endangered,South Australia,-34.88766404,138.7623028,No management,1251_348_1670_611255_p_13896
Pink-lipped Spider-orchid,Plants,Endangered,South Australia,-34.88766404,138.7623028,No management,1251_348_1670_611280_p_13896
Pink-lipped Spider-orchid,Plants,Endangered,South Australia,-34.88766404,138.7623028,No management,1251_348_1670_611282_p_13896
Pink-lipped Spider-orchid,Plants,Endangered,South Australia,-34.88766404,138.7623028,No management,1251_348_1670_611294_p_13896
Pink-lipped Spider-orchid,Plants,Endangered,South Australia,-34.88766404,138.7623028,No management,1251_348_1670_611309_p_13896
Pink-lipped Spider-orchid,Plants,Endangered,South Australia,-34.88766404,138.7623028,No management,1251_348_1670_611323_p_13896
Pink-lipped Spider-orchid,Plants,Endangered,South Australia,-34.88766404,138.7623028,No management,1251_348_1670_611325_p_13896
Pink-lipped Spider-orchid,Plants,Endangered,South Australia,-34.88766404,138.7623028,No management,1251_348_1670_611372_p_13896
Tailed Spider-orchid,Plants,Vulnerable,Tasmania,-41.28197086,146.1451601,Unknown,869_2_1273_249991_p_13915
"Coloured Spider-orchid, Small Western Spider-orchid, Painted Spider-orchid",Plants,Endangered,South Australia,-35.97157537,139.9875087,Unknown,916_2_1535_369335_p_13917
"Coloured Spider-orchid, Small Western Spider-orchid, Painted Spider-orchid",Plants,Endangered,South Australia,-35.33131139,138.668376,Unknown,916_2_1535_369336_p_13917
"Coloured Spider-orchid, Small Western Spider-orchid, Painted Spider-orchid",Plants,Endangered,South Australia,-35.33131139,138.668376,Unknown,916_2_1535_369337_p_13917
"Coloured Spider-orchid, Small Western Spider-orchid, Painted Spider-orchid",Plants,Endangered,South Australia,-35.97157537,139.9875087,Unknown,916_2_1535_369338_p_13917
"Coloured Spider-orchid, Small Western Spider-orchid, Painted Spider-orchid",Plants,Endangered,South Australia,-35.77465865,139.2177927,Unknown,916_2_1535_369339_p_13917
"Coloured Spider-orchid, Small Western Spider-orchid, Painted Spider-orchid",Plants,Endangered,South Australia,-35.77465865,139.2177927,Unknown,916_2_1535_369340_p_13917
"Coloured Spider-orchid, Small Western Spider-orchid, Painted Spider-orchid",Plants,Endangered,South Australia,-35.77465865,139.2177927,Unknown,916_2_1535_369341_p_13917
"Coloured Spider-orchid, Small Western Spider-orchid, Painted Spider-orchid",Plants,Endangered,South Australia,-35.77465865,139.2177927,Unknown,916_2_1535_369342_p_13917
"Coloured Spider-orchid, Small Western Spider-orchid, Painted Spider-orchid",Plants,Endangered,South Australia,-35.77465865,139.2177927,Unknown,916_2_1535_369343_p_13917
"Coloured Spider-orchid, Small Western Spider-orchid, Painted Spider-orchid",Plants,Endangered,South Australia,-35.77465865,139.2177927,Unknown,916_2_1535_369344_p_13917
"Coloured Spider-orchid, Small Western Spider-orchid, Painted Spider-orchid",Plants,Endangered,South Australia,-35.97157537,139.9875087,Unknown,916_2_1535_369345_p_13917
"Coloured Spider-orchid, Small Western Spider-orchid, Painted Spider-orchid",Plants,Endangered,South Australia,-35.77465865,139.2177927,Unknown,916_2_1535_369346_p_13917
"Coloured Spider-orchid, Small Western Spider-orchid, Painted Spider-orchid",Plants,Endangered,South Australia,-35.97157537,139.9875087,Unknown,916_2_1535_369348_p_13917
"Coloured Spider-orchid, Small Western Spider-orchid, Painted Spider-orchid",Plants,Endangered,South Australia,-35.33131139,138.668376,Unknown,916_2_1535_369349_p_13917
"Coloured Spider-orchid, Small Western Spider-orchid, Painted Spider-orchid",Plants,Endangered,South Australia,-34.75516376,139.9321759,Unknown,916_2_1535_369350_p_13917
"Coloured Spider-orchid, Small Western Spider-orchid, Painted Spider-orchid",Plants,Endangered,South Australia,-35.33131139,138.668376,Unknown,916_2_1535_369351_p_13917
"Coloured Spider-orchid, Small Western Spider-orchid, Painted Spider-orchid",Plants,Endangered,South Australia,-35.77465865,139.2177927,Unknown,916_2_1535_369352_p_13917
"Coloured Spider-orchid, Small Western Spider-orchid, Painted Spider-orchid",Plants,Endangered,South Australia,-35.77465865,139.2177927,Unknown,916_2_1535_369353_p_13917
"Coloured Spider-orchid, Small Western Spider-orchid, Painted Spider-orchid",Plants,Endangered,South Australia,-35.77465865,139.2177927,Unknown,916_2_1535_369354_p_13917
"Coloured Spider-orchid, Small Western Spider-orchid, Painted Spider-orchid",Plants,Endangered,South Australia,-35.33131139,138.668376,Unknown,916_2_1535_369355_p_13917
"Coloured Spider-orchid, Small Western Spider-orchid, Painted Spider-orchid",Plants,Endangered,South Australia,-35.77465865,139.2177927,Unknown,916_2_1535_369356_p_13917
"Coloured Spider-orchid, Small Western Spider-orchid, Painted Spider-orchid",Plants,Endangered,South Australia,-35.33131139,138.668376,Unknown,916_2_1535_369357_p_13917
"Coloured Spider-orchid, Small Western Spider-orchid, Painted Spider-orchid",Plants,Endangered,South Australia,-35.33131139,138.668376,Unknown,916_2_1535_369358_p_13917
"Coloured Spider-orchid, Small Western Spider-orchid, Painted Spider-orchid",Plants,Endangered,South Australia,-35.33131139,138.668376,Unknown,916_2_1535_369359_p_13917
"Coloured Spider-orchid, Small Western Spider-orchid, Painted Spider-orchid",Plants,Endangered,South Australia,-35.33131139,138.668376,Unknown,916_2_1535_369360_p_13917
"Coloured Spider-orchid, Small Western Spider-orchid, Painted Spider-orchid",Plants,Endangered,South Australia,-35.33131139,138.668376,Unknown,916_2_1535_369361_p_13917
"Coloured Spider-orchid, Small Western Spider-orchid, Painted Spider-orchid",Plants,Endangered,South Australia,-35.33131139,138.668376,Unknown,916_201_1536_369347_p_13917
"Bayonet Spider-orchid, Clubbed Spider-orchid",Plants,Endangered,South Australia,-32.48331644,138.2653766,No management,877_2_1307_250539_p_13938
"Bayonet Spider-orchid, Clubbed Spider-orchid",Plants,Endangered,South Australia,-32.48331644,138.2653766,Unknown,911_2_1487_252241_p_13938
"Bayonet Spider-orchid, Clubbed Spider-orchid",Plants,Endangered,South Australia,-32.48331644,138.2653766,Unknown,911_2_1487_252243_p_13938
"Bayonet Spider-orchid, Clubbed Spider-orchid",Plants,Endangered,South Australia,-32.48331644,138.2653766,Unknown,911_2_1487_252246_p_13938
"Bayonet Spider-orchid, Clubbed Spider-orchid",Plants,Endangered,South Australia,-32.48331644,138.2653766,Unknown,911_3_1489_252242_p_13938
"Bayonet Spider-orchid, Clubbed Spider-orchid",Plants,Endangered,South Australia,-32.48331644,138.2653766,Unknown,911_3_1489_252245_p_13938
"Bayonet Spider-orchid, Clubbed Spider-orchid",Plants,Endangered,South Australia,-32.48331644,138.2653766,Unknown,911_201_1491_252244_p_13938
Ghost Spider-orchid,Plants,Critically Endangered,South Australia,-34.95748829,137.4743807,Unknown,911_2_1487_252247_p_13947
Ghost Spider-orchid,Plants,Critically Endangered,South Australia,-34.95748829,137.4743807,Unknown,911_2_1487_252250_p_13947
Ghost Spider-orchid,Plants,Critically Endangered,South Australia,-34.95748829,137.4743807,Unknown,911_2_1487_252251_p_13947
Ghost Spider-orchid,Plants,Critically Endangered,South Australia,-34.95748829,137.4743807,Unknown,911_2_1487_252252_p_13947
Ghost Spider-orchid,Plants,Critically Endangered,South Australia,-34.95748829,137.4743807,Unknown,911_2_1487_252253_p_13947
Ghost Spider-orchid,Plants,Critically Endangered,South Australia,-34.95748829,137.4743807,Unknown,911_201_1491_252249_p_13947
Ghost Spider-orchid,Plants,Critically Endangered,South Australia,-34.95748829,137.4743807,Unknown,911_2_1492_252248_p_13947
Ghost Spider-orchid,Plants,Critically Endangered,South Australia,-34.95748829,137.4743807,Unknown,911_2_1492_252254_p_13947
Large-club Spider-orchid,Plants,Endangered,South Australia,-34.95748829,137.4743807,Unknown,911_2_1487_252255_p_13950
Large-club Spider-orchid,Plants,Endangered,South Australia,-34.95748829,137.4743807,Unknown,911_2_1487_252256_p_13950
Large-club Spider-orchid,Plants,Endangered,South Australia,-34.95748829,137.4743807,Unknown,911_2_1487_252257_p_13950
Stiff White Spider-orchid,Plants,Endangered,South Australia,-34.88766404,138.7623028,Unknown,910_2_1476_252334_p_13968
Stiff White Spider-orchid,Plants,Endangered,South Australia,-34.88766404,138.7623028,Unknown,910_2_1476_252335_p_13968
Stiff White Spider-orchid,Plants,Endangered,South Australia,-34.88766404,138.7623028,Unknown,910_2_1476_252340_p_13968
Stiff White Spider-orchid,Plants,Endangered,South Australia,-34.88766404,138.7623028,Unknown,910_2_1476_252341_p_13968
Stiff White Spider-orchid,Plants,Endangered,South Australia,-34.88766404,138.7623028,Unknown,910_2_1476_252342_p_13968
Stiff White Spider-orchid,Plants,Endangered,South Australia,-34.88766404,138.7623028,Unknown,910_2_1476_252343_p_13968
Stiff White Spider-orchid,Plants,Endangered,South Australia,-34.88766404,138.7623028,Unknown,910_2_1476_252344_p_13968
Stiff White Spider-orchid,Plants,Endangered,South Australia,-34.88766404,138.7623028,Unknown,910_2_1476_252345_p_13968
"Thick-lipped Spider-orchid, Daddy Long-legs",Plants,Vulnerable,New South Wales,-34.87182416,149.9592602,Unknown,965_2_1881_257207_p_13996
"Thick-lipped Spider-orchid, Daddy Long-legs",Plants,Vulnerable,New South Wales,-34.98189202,150.298742,Unknown,965_2_1882_257208_p_13996
Woolcock's Spider-orchid,Plants,Vulnerable,South Australia,-32.48331644,138.2653766,Unknown,911_2_1487_252258_p_14006
Woolcock's Spider-orchid,Plants,Vulnerable,South Australia,-32.48331644,138.2653766,Unknown,911_2_1487_252259_p_14006
Woolcock's Spider-orchid,Plants,Vulnerable,South Australia,-32.48331644,138.2653766,Unknown,911_2_1487_252261_p_14006
Woolcock's Spider-orchid,Plants,Vulnerable,South Australia,-32.48331644,138.2653766,Unknown,911_2_1487_252262_p_14006
Woolcock's Spider-orchid,Plants,Vulnerable,South Australia,-32.48331644,138.2653766,Unknown,911_2_1487_252263_p_14006
Woolcock's Spider-orchid,Plants,Vulnerable,South Australia,-32.48331644,138.2653766,Unknown,911_201_1491_252260_p_14006
Yellow-lip Spider-orchid,Plants,Endangered,South Australia,-33.59852723,138.730096,No management,1251_348_1670_611466_p_14009
Yellow-lip Spider-orchid,Plants,Endangered,South Australia,-33.59852723,138.730096,No management,1251_348_1670_611468_p_14009
Yellow-lip Spider-orchid,Plants,Endangered,South Australia,-33.59852723,138.730096,No management,1251_348_1670_611469_p_14009
Yellow-lip Spider-orchid,Plants,Endangered,South Australia,-33.59852723,138.730096,No management,1251_348_1670_611470_p_14009
Yellow-lip Spider-orchid,Plants,Endangered,South Australia,-33.59852723,138.730096,No management,1251_348_1670_611471_p_14009
Yellow-lip Spider-orchid,Plants,Endangered,South Australia,-33.59852723,138.730096,No management,1251_348_1670_611472_p_14009
Yellow-lip Spider-orchid,Plants,Endangered,South Australia,-33.59852723,138.730096,No management,1251_348_1670_611473_p_14009
Stilted Tinsel Lily,Plants,Vulnerable,Western Australia,-32.41332852,117.1792762,Unknown,961_3_1850_269070_p_14241
Veiny Graptophyllum,Plants,Endangered,Queensland,-27.20516781,153.3374921,Unknown,1435_2_2639_949969_p_14278
Veiny Graptophyllum,Plants,Endangered,Queensland,-27.20516781,153.3374921,Unknown,1435_2_2639_949970_p_14278
Carrington Falls Grevillea,Plants,Critically Endangered,New South Wales,-34.57821037,150.4553103,Actively managed,1453_527_2651_952496_p_14703
,Plants,Critically Endangered,Queensland,-28.68404142,151.8934121,Actively managed,1388_2_1414_949558_p_14724
,Plants,Critically Endangered,Queensland,-28.68404142,151.8934121,No management,1388_2_1414_949559_p_14724
,Plants,Critically Endangered,Queensland,-28.68404142,151.8934121,Actively managed,1388_2_1414_949560_p_14724
,Plants,Critically Endangered,Queensland,-28.68404142,151.8934121,No management,1388_2_1414_949561_p_14724
,Plants,Critically Endangered,Queensland,-28.68404142,151.8934121,No management,1388_2_1414_949562_p_14724
,Plants,Critically Endangered,Queensland,-28.68404142,151.8934121,No management,1388_2_1414_949563_p_14724
,Plants,Critically Endangered,Queensland,-28.68404142,151.8934121,No management,1388_2_1414_949564_p_14724
,Plants,Critically Endangered,Queensland,-28.68404142,151.8934121,No management,1388_2_1414_949565_p_14724
,Plants,Critically Endangered,Queensland,-28.68404142,151.8934121,No management,1388_2_1414_949566_p_14724
,Plants,Critically Endangered,Queensland,-28.68404142,151.8934121,No management,1388_2_1414_949567_p_14724
,Plants,Critically Endangered,Queensland,-28.68404142,151.8934121,No management,1388_2_1414_949568_p_14724
,Plants,Critically Endangered,Queensland,-28.68404142,151.8934121,No management,1388_2_1414_949569_p_14724
,Plants,Critically Endangered,Queensland,-28.68404142,151.8934121,No management,1388_2_1414_949570_p_14724
,Plants,Critically Endangered,Queensland,-28.68404142,151.8934121,No management,1388_2_1414_949571_p_14724
,Plants,Critically Endangered,Queensland,-28.68404142,151.8934121,No management,1388_2_1414_949572_p_14724
Bald-tip Beard-orchid,Plants,Endangered,Victoria,-36.85791566,143.9087018,Actively managed,927_2_1665_250614_p_14735
,Plants,Critically Endangered,South Australia,-35.33131139,138.668376,No management,1251_2_1670_611572_p_15908
,Plants,Critically Endangered,South Australia,-35.33131139,138.668376,No management,1251_2_1670_611573_p_15908
,Plants,Critically Endangered,South Australia,-35.33131139,138.668376,No management,1251_2_1670_611579_p_15908
,Plants,Critically Endangered,South Australia,-35.33131139,138.668376,No management,1251_2_1670_611580_p_15908
,Plants,Critically Endangered,South Australia,-35.33131139,138.668376,No management,1251_2_1670_611582_p_15908
Avenue Cassinia,Plants,Critically Endangered,South Australia,-36.95318691,140.406113,Unknown,918_2_1523_269715_p_16725
Avenue Cassinia,Plants,Critically Endangered,South Australia,-35.64006379,140.609955,Unknown,918_2_1523_269717_p_16725
Avenue Cassinia,Plants,Critically Endangered,South Australia,-35.64006379,140.609955,Unknown,918_2_1523_269732_p_16725
Avenue Cassinia,Plants,Critically Endangered,South Australia,-35.64006379,140.609955,Unknown,918_2_1523_269733_p_16725
Menzel's Wattle,Plants,Vulnerable,South Australia,-30.56704355,138.798038,No management,874_2_1298_250525_p_1753
Menzel's Wattle,Plants,Vulnerable,South Australia,-35.33131139,138.668376,Unknown,916_2_1535_369246_p_1753
Menzel's Wattle,Plants,Vulnerable,South Australia,-35.33131139,138.668376,Unknown,916_2_1535_369247_p_1753
Menzel's Wattle,Plants,Vulnerable,South Australia,-35.33131139,138.668376,Unknown,916_2_1535_369248_p_1753
Menzel's Wattle,Plants,Vulnerable,South Australia,-35.33131139,138.668376,Unknown,916_2_1535_369249_p_1753
Menzel's Wattle,Plants,Vulnerable,South Australia,-35.33131139,138.668376,Unknown,916_2_1535_369250_p_1753
Menzel's Wattle,Plants,Vulnerable,South Australia,-35.33131139,138.668376,Unknown,916_2_1535_369251_p_1753
Menzel's Wattle,Plants,Vulnerable,South Australia,-35.33131139,138.668376,Unknown,916_2_1535_369252_p_1753
Menzel's Wattle,Plants,Vulnerable,South Australia,-35.33131139,138.668376,Unknown,916_2_1535_369253_p_1753
Menzel's Wattle,Plants,Vulnerable,South Australia,-35.33131139,138.668376,Unknown,916_2_1535_369254_p_1753
Menzel's Wattle,Plants,Vulnerable,South Australia,-35.33131139,138.668376,Unknown,916_2_1535_369255_p_1753
Menzel's Wattle,Plants,Vulnerable,South Australia,-35.33131139,138.668376,Unknown,916_2_1535_369256_p_1753
Menzel's Wattle,Plants,Vulnerable,South Australia,-35.33131139,138.668376,Unknown,916_2_1535_369257_p_1753
Menzel's Wattle,Plants,Vulnerable,South Australia,-35.33131139,138.668376,Unknown,916_2_1535_369258_p_1753
Menzel's Wattle,Plants,Vulnerable,South Australia,-35.33131139,138.668376,Unknown,916_2_1535_369259_p_1753
Menzel's Wattle,Plants,Vulnerable,South Australia,-35.33131139,138.668376,Unknown,916_2_1535_369260_p_1753
Menzel's Wattle,Plants,Vulnerable,South Australia,-35.33131139,138.668376,Unknown,916_2_1535_369261_p_1753
Menzel's Wattle,Plants,Vulnerable,South Australia,-35.33131139,138.668376,Unknown,916_2_1535_369262_p_1753
Menzel's Wattle,Plants,Vulnerable,South Australia,-35.33131139,138.668376,Unknown,916_2_1535_369263_p_1753
Menzel's Wattle,Plants,Vulnerable,South Australia,-35.33131139,138.668376,Unknown,916_2_1535_369264_p_1753
Menzel's Wattle,Plants,Vulnerable,South Australia,-35.33131139,138.668376,Unknown,916_2_1535_369265_p_1753
Menzel's Wattle,Plants,Vulnerable,South Australia,-35.33131139,138.668376,Unknown,916_2_1535_369266_p_1753
Menzel's Wattle,Plants,Vulnerable,South Australia,-35.33131139,138.668376,Unknown,916_2_1535_369267_p_1753
Menzel's Wattle,Plants,Vulnerable,South Australia,-35.33131139,138.668376,Unknown,916_2_1535_369268_p_1753
Menzel's Wattle,Plants,Vulnerable,South Australia,-35.33131139,138.668376,Unknown,916_2_1535_369269_p_1753
Menzel's Wattle,Plants,Vulnerable,South Australia,-35.33131139,138.668376,Unknown,916_2_1535_369270_p_1753
Menzel's Wattle,Plants,Vulnerable,South Australia,-35.33131139,138.668376,Unknown,916_2_1535_369271_p_1753
Menzel's Wattle,Plants,Vulnerable,South Australia,-34.75516376,139.9321759,Unknown,916_2_1535_369272_p_1753
Menzel's Wattle,Plants,Vulnerable,South Australia,-34.75516376,139.9321759,Unknown,916_2_1535_369273_p_1753
,Plants,Critically Endangered,New South Wales,-31.20398431,151.6700563,Actively managed,1306_367_2059_397161_p_17692
"Austral Cornflower, Native Thistle",Plants,Vulnerable,Queensland,-27.29060711,151.4271932,No management,1381_2_1358_943933_p_18412
"Austral Cornflower, Native Thistle",Plants,Vulnerable,Queensland,-27.29060711,151.4271932,Actively managed,1381_430_1358_943934_p_18412
"Austral Cornflower, Native Thistle",Plants,Vulnerable,Queensland,-27.29060711,151.4271932,No management,1381_2_1358_943935_p_18412
"Austral Cornflower, Native Thistle",Plants,Vulnerable,Queensland,-27.29060711,151.4271932,No management,1381_2_1358_943936_p_18412
"Austral Cornflower, Native Thistle",Plants,Vulnerable,Queensland,-27.29060711,151.4271932,No management,1381_2_1358_943937_p_18412
"Austral Cornflower, Native Thistle",Plants,Vulnerable,Queensland,-27.29060711,151.4271932,No management,1381_2_1358_943938_p_18412
"Austral Cornflower, Native Thistle",Plants,Vulnerable,Queensland,-27.29060711,151.4271932,No management,1381_2_1358_943939_p_18412
"Austral Cornflower, Native Thistle",Plants,Vulnerable,Queensland,-27.29060711,151.4271932,No management,1381_2_1358_943940_p_18412
"Austral Cornflower, Native Thistle",Plants,Vulnerable,Queensland,-27.29060711,151.4271932,No management,1381_2_1358_943941_p_18412
"Austral Cornflower, Native Thistle",Plants,Vulnerable,Queensland,-27.29060711,151.4271932,No management,1381_2_1358_943942_p_18412
"Bulberin Nut, Bulburin Nut Tree",Plants,Endangered,Queensland,-24.22947123,151.7723377,Unknown,1434_2_2637_949957_p_18954
"Bulberin Nut, Bulburin Nut Tree",Plants,Endangered,Queensland,-24.22947123,151.7723377,Actively managed,1434_2_2637_949958_p_18954
"Bulberin Nut, Bulburin Nut Tree",Plants,Endangered,Queensland,-24.22947123,151.7723377,Actively managed,1434_2_2637_949959_p_18954
"Bulberin Nut, Bulburin Nut Tree",Plants,Endangered,Queensland,-24.22947123,151.7723377,Unknown,1434_2_2637_949960_p_18954
"Bulberin Nut, Bulburin Nut Tree",Plants,Endangered,Queensland,-24.22947123,151.7723377,Unknown,1434_2_2637_949961_p_18954
,Plants,Vulnerable,Queensland,-27.04108243,144.8441333,No management,1379_2_1358_943898_p_19414
,Plants,Vulnerable,Queensland,-27.04108243,144.8441333,No management,1379_2_1358_943899_p_19414
,Plants,Vulnerable,Queensland,-27.04108243,144.8441333,No management,1379_2_1358_943900_p_19414
"Slender Bell-fruit, Camel Poison",Plants,Vulnerable,South Australia,-30.56704355,138.798038,Actively managed,878_2_1311_250543_p_19789
"Slender Bell-fruit, Camel Poison",Plants,Vulnerable,South Australia,-30.56704355,138.798038,Actively managed,878_2_1311_250544_p_19789
"Slender Bell-fruit, Camel Poison",Plants,Vulnerable,South Australia,-30.56704355,138.798038,No management,878_2_1311_250545_p_19789
"Waddy, Waddi, Waddy-wood, Birdsville Wattle",Plants,Vulnerable,Northern Territory,-24.59532144,136.5659338,Actively managed,919_209_1646_251128_p_2039
Phantom Wattle,Plants,Endangered,New South Wales,-36.0760009,148.4682667,Actively managed,1039_90_2019_387418_p_2043
Birds Nest Wattle,Plants,Vulnerable,South Australia,-26.95205403,139.7664607,Actively managed,875_3_1301_250530_p_2049
Birds Nest Wattle,Plants,Vulnerable,South Australia,-26.95205403,139.7664607,Actively managed,875_3_1301_250531_p_2049
Birds Nest Wattle,Plants,Vulnerable,South Australia,-26.95205403,139.7664607,No management,875_3_1301_250532_p_2049
Birds Nest Wattle,Plants,Vulnerable,South Australia,-26.95205403,139.7664607,Actively managed,875_3_1302_250533_p_2049
"Fat-leaved Wattle, Fat-leaf Wattle",Plants,Endangered,South Australia,-34.75516376,139.9321759,Unknown,916_2_1535_369274_p_2056
"Fat-leaved Wattle, Fat-leaf Wattle",Plants,Endangered,South Australia,-34.75516376,139.9321759,Unknown,916_2_1535_369275_p_2056
"Fat-leaved Wattle, Fat-leaf Wattle",Plants,Endangered,South Australia,-34.75516376,139.9321759,Unknown,916_2_1535_369276_p_2056
"Fat-leaved Wattle, Fat-leaf Wattle",Plants,Endangered,South Australia,-34.75516376,139.9321759,Unknown,916_2_1535_369277_p_2056
"Fat-leaved Wattle, Fat-leaf Wattle",Plants,Endangered,South Australia,-34.75516376,139.9321759,Unknown,916_2_1535_369278_p_2056
"Fat-leaved Wattle, Fat-leaf Wattle",Plants,Endangered,South Australia,-34.75516376,139.9321759,Unknown,916_2_1535_369279_p_2056
"Fat-leaved Wattle, Fat-leaf Wattle",Plants,Endangered,South Australia,-34.75516376,139.9321759,Unknown,916_2_1535_369280_p_2056
"Fat-leaved Wattle, Fat-leaf Wattle",Plants,Endangered,South Australia,-34.75516376,139.9321759,Unknown,916_2_1535_369281_p_2056
"Fat-leaved Wattle, Fat-leaf Wattle",Plants,Endangered,South Australia,-35.33131139,138.668376,Unknown,916_2_1535_369282_p_2056
"Fat-leaved Wattle, Fat-leaf Wattle",Plants,Endangered,South Australia,-34.75516376,139.9321759,Unknown,916_2_1535_369283_p_2056
"Fat-leaved Wattle, Fat-leaf Wattle",Plants,Endangered,South Australia,-35.33131139,138.668376,Unknown,916_2_1535_369284_p_2056
"Fat-leaved Wattle, Fat-leaf Wattle",Plants,Endangered,South Australia,-34.75516376,139.9321759,Unknown,916_2_1535_369285_p_2056
"Fat-leaved Wattle, Fat-leaf Wattle",Plants,Endangered,South Australia,-34.75516376,139.9321759,Unknown,916_2_1535_369286_p_2056
"Fat-leaved Wattle, Fat-leaf Wattle",Plants,Endangered,South Australia,-35.33131139,138.668376,Unknown,916_2_1535_369287_p_2056
"Fat-leaved Wattle, Fat-leaf Wattle",Plants,Endangered,South Australia,-35.33131139,138.668376,Unknown,916_2_1535_369288_p_2056
"Fat-leaved Wattle, Fat-leaf Wattle",Plants,Endangered,South Australia,-35.33131139,138.668376,Unknown,916_2_1535_369289_p_2056
"Fat-leaved Wattle, Fat-leaf Wattle",Plants,Endangered,South Australia,-35.33131139,138.668376,Unknown,916_2_1535_369290_p_2056
"Fat-leaved Wattle, Fat-leaf Wattle",Plants,Endangered,South Australia,-35.33131139,138.668376,Unknown,916_2_1535_369291_p_2056
"Onionwood, Bog Onion, Onion Cedar",Plants,Vulnerable,New South Wales,-28.59635014,153.1883811,Unknown,1443_512_2655_952499_p_21063
"Onionwood, Bog Onion, Onion Cedar",Plants,Vulnerable,New South Wales,-28.59635014,153.1883811,Unknown,1443_532_2655_952500_p_21063
"Brindabella Midge-orchid, Ectopic Midge-orchid",Plants,Critically Endangered,Australian Capital Territory,-35.43876199,148.8460307,Unknown,884_3_1325_250745_p_21229
Velvet Wattle,Plants,Vulnerable,New South Wales,-29.47466597,151.3906724,No management,1026_2_1537_257777_p_2131
Velvet Wattle,Plants,Vulnerable,New South Wales,-29.24111411,151.6099142,No management,1026_2_1537_257778_p_2131
Velvet Wattle,Plants,Vulnerable,New South Wales,-30.49557328,151.0729317,Actively managed,1026_2_1537_257779_p_2131
Mittagong Geebung,Plants,Endangered,New South Wales,-34.22528357,150.3223691,Unknown,1452_556_2651_952494_p_21668
Rusty Desert Phebalium,Plants,Vulnerable,New South Wales,-29.24111411,151.6099142,Actively managed,1308_367_2059_397149_p_21890
Rusty Desert Phebalium,Plants,Vulnerable,New South Wales,-29.24111411,151.6099142,Actively managed,1308_367_2059_397150_p_21890
Rusty Desert Phebalium,Plants,Vulnerable,New South Wales,-29.24111411,151.6099142,Actively managed,1308_367_2059_397151_p_21890
Rusty Desert Phebalium,Plants,Vulnerable,New South Wales,-29.24111411,151.6099142,Actively managed,1308_367_2059_397152_p_21890
Rusty Desert Phebalium,Plants,Vulnerable,New South Wales,-29.24111411,151.6099142,Actively managed,1308_367_2059_397153_p_21890
Hawkweed,Plants,Vulnerable,Queensland,-27.29060711,151.4271932,No management,1383_3_1358_943909_p_22191
Hawkweed,Plants,Vulnerable,Queensland,-27.29060711,151.4271932,No management,1383_3_1358_943910_p_22191
,Plants,Critically Endangered,New South Wales,-31.20398431,151.6700563,Actively managed,1309_367_2059_397143_p_22261
"Neat Wattle, Resin Wattle (SA)",Plants,Vulnerable,South Australia,-34.75516376,139.9321759,No management,876_3_1307_250536_p_2228
"Neat Wattle, Resin Wattle (SA)",Plants,Vulnerable,South Australia,-34.75516376,139.9321759,No management,876_3_1308_250537_p_2228
"Neat Wattle, Resin Wattle (SA)",Plants,Vulnerable,South Australia,-35.33131139,138.668376,Unknown,916_2_1535_369292_p_2228
"Neat Wattle, Resin Wattle (SA)",Plants,Vulnerable,South Australia,-34.75516376,139.9321759,Unknown,916_2_1535_369295_p_2228
"Neat Wattle, Resin Wattle (SA)",Plants,Vulnerable,South Australia,-34.75516376,139.9321759,Unknown,916_2_1535_369298_p_2228
"Neat Wattle, Resin Wattle (SA)",Plants,Vulnerable,South Australia,-34.75516376,139.9321759,Unknown,916_2_1535_369299_p_2228
"Neat Wattle, Resin Wattle (SA)",Plants,Vulnerable,South Australia,-35.33131139,138.668376,Unknown,916_2_1535_369301_p_2228
"Neat Wattle, Resin Wattle (SA)",Plants,Vulnerable,South Australia,-34.75516376,139.9321759,Unknown,916_2_1535_369305_p_2228
"Neat Wattle, Resin Wattle (SA)",Plants,Vulnerable,South Australia,-35.33131139,138.668376,Unknown,916_2_1535_369308_p_2228
"Neat Wattle, Resin Wattle (SA)",Plants,Vulnerable,South Australia,-35.33131139,138.668376,Unknown,916_2_1535_369310_p_2228
"Neat Wattle, Resin Wattle (SA)",Plants,Vulnerable,South Australia,-35.33131139,138.668376,Unknown,916_2_1535_369311_p_2228
"Neat Wattle, Resin Wattle (SA)",Plants,Vulnerable,South Australia,-34.75516376,139.9321759,Unknown,916_2_1535_369312_p_2228
"Neat Wattle, Resin Wattle (SA)",Plants,Vulnerable,South Australia,-35.33131139,138.668376,Unknown,916_2_1535_369313_p_2228
"Neat Wattle, Resin Wattle (SA)",Plants,Vulnerable,South Australia,-34.75516376,139.9321759,Unknown,916_2_1535_369314_p_2228
"Neat Wattle, Resin Wattle (SA)",Plants,Vulnerable,South Australia,-34.75516376,139.9321759,Unknown,916_2_1535_369316_p_2228
"Neat Wattle, Resin Wattle (SA)",Plants,Vulnerable,South Australia,-35.33131139,138.668376,Unknown,916_2_1535_369317_p_2228
"Neat Wattle, Resin Wattle (SA)",Plants,Vulnerable,South Australia,-34.75516376,139.9321759,Unknown,916_2_1535_369318_p_2228
"Neat Wattle, Resin Wattle (SA)",Plants,Vulnerable,South Australia,-34.75516376,139.9321759,Unknown,916_2_1535_369319_p_2228
"Neat Wattle, Resin Wattle (SA)",Plants,Vulnerable,South Australia,-34.75516376,139.9321759,Unknown,916_2_1535_369320_p_2228
"Neat Wattle, Resin Wattle (SA)",Plants,Vulnerable,South Australia,-34.75516376,139.9321759,Unknown,916_2_1535_369321_p_2228
"Neat Wattle, Resin Wattle (SA)",Plants,Vulnerable,South Australia,-34.75516376,139.9321759,Unknown,916_2_1535_369322_p_2228
"Neat Wattle, Resin Wattle (SA)",Plants,Vulnerable,South Australia,-34.75516376,139.9321759,Unknown,916_2_1535_369324_p_2228
"Neat Wattle, Resin Wattle (SA)",Plants,Vulnerable,South Australia,-34.75516376,139.9321759,No management,916_2_1535_369325_p_2228
"Neat Wattle, Resin Wattle (SA)",Plants,Vulnerable,South Australia,-34.75516376,139.9321759,No management,916_2_1535_369326_p_2228
"Neat Wattle, Resin Wattle (SA)",Plants,Vulnerable,South Australia,-34.75516376,139.9321759,Unknown,916_2_1535_369327_p_2228
"Neat Wattle, Resin Wattle (SA)",Plants,Vulnerable,South Australia,-35.33131139,138.668376,Unknown,916_2_1535_369328_p_2228
"Neat Wattle, Resin Wattle (SA)",Plants,Vulnerable,South Australia,-34.75516376,139.9321759,No management,916_2_1535_369329_p_2228
"Neat Wattle, Resin Wattle (SA)",Plants,Vulnerable,South Australia,-34.75516376,139.9321759,Unknown,916_2_1535_369330_p_2228
"Neat Wattle, Resin Wattle (SA)",Plants,Vulnerable,South Australia,-34.75516376,139.9321759,Unknown,916_2_1535_369331_p_2228
"Neat Wattle, Resin Wattle (SA)",Plants,Vulnerable,South Australia,-34.75516376,139.9321759,Unknown,916_2_1535_369333_p_2228
Spiked Rice-flower,Plants,Endangered,New South Wales,-33.88508608,150.8078195,Unknown,1449_519_2651_952823_p_22368
Spiked Rice-flower,Plants,Endangered,New South Wales,-33.88508608,150.8078195,Actively managed,1449_519_2651_952824_p_22368
Budawangs Wallaby-grass,Plants,Critically Endangered,New South Wales,-36.53324171,149.7389788,Unknown,1454_529_2672_952522_p_22723
Fleurieu Leek Orchid,Plants,Critically Endangered,South Australia,-35.33131139,138.668376,No management,1251_348_1670_611600_p_23291
Fleurieu Leek Orchid,Plants,Critically Endangered,South Australia,-35.33131139,138.668376,No management,1251_348_1670_611601_p_23291
Fleurieu Leek Orchid,Plants,Critically Endangered,South Australia,-35.33131139,138.668376,No management,1251_348_1670_611604_p_23291
Fleurieu Leek Orchid,Plants,Critically Endangered,South Australia,-35.33131139,138.668376,No management,1251_348_1670_611605_p_23291
Fleurieu Leek Orchid,Plants,Critically Endangered,South Australia,-35.33131139,138.668376,No management,1251_348_1670_611606_p_23291
Fleurieu Leek Orchid,Plants,Critically Endangered,South Australia,-35.33131139,138.668376,No management,1251_348_1670_611607_p_23291
Fleurieu Leek Orchid,Plants,Critically Endangered,South Australia,-35.33131139,138.668376,No management,1251_348_1670_611608_p_23291
Plum Leek-orchid,Plants,Endangered,South Australia,-34.88766404,138.7623028,No management,1251_348_1670_611254_p_23307
Plum Leek-orchid,Plants,Endangered,South Australia,-34.88766404,138.7623028,No management,1251_348_1670_611255_p_23307
Plum Leek-orchid,Plants,Endangered,South Australia,-34.88766404,138.7623028,No management,1251_348_1670_611615_p_23307
Plum Leek-orchid,Plants,Endangered,South Australia,-34.88766404,138.7623028,No management,1251_348_1670_611634_p_23307
Plum Leek-orchid,Plants,Endangered,South Australia,-34.88766404,138.7623028,No management,1251_348_1670_611635_p_23307
Plum Leek-orchid,Plants,Endangered,South Australia,-34.88766404,138.7623028,No management,1251_348_1670_611636_p_23307
Plum Leek-orchid,Plants,Endangered,South Australia,-34.88766404,138.7623028,No management,1251_348_1670_611637_p_23307
Plum Leek-orchid,Plants,Endangered,South Australia,-34.88766404,138.7623028,No management,1251_348_1670_611638_p_23307
Plum Leek-orchid,Plants,Endangered,South Australia,-34.88766404,138.7623028,No management,1251_348_1670_611639_p_23307
Plum Leek-orchid,Plants,Endangered,South Australia,-34.88766404,138.7623028,No management,1251_348_1670_611640_p_23307
Plum Leek-orchid,Plants,Endangered,South Australia,-34.88766404,138.7623028,No management,1251_348_1670_611710_p_23307
Plum Leek-orchid,Plants,Endangered,South Australia,-34.88766404,138.7623028,No management,1251_348_1670_611711_p_23307
Plum Leek-orchid,Plants,Endangered,South Australia,-34.88766404,138.7623028,No management,1251_348_1670_611712_p_23307
Plum Leek-orchid,Plants,Endangered,South Australia,-34.88766404,138.7623028,No management,1251_348_1670_611713_p_23307
Plum Leek-orchid,Plants,Endangered,South Australia,-34.88766404,138.7623028,No management,1251_348_1670_611714_p_23307
Plum Leek-orchid,Plants,Endangered,South Australia,-34.88766404,138.7623028,No management,1251_348_1670_611715_p_23307
Plum Leek-orchid,Plants,Endangered,South Australia,-34.88766404,138.7623028,No management,1251_348_1670_611716_p_23307
Plum Leek-orchid,Plants,Endangered,South Australia,-34.88766404,138.7623028,No management,1251_348_1670_611717_p_23307
Plum Leek-orchid,Plants,Endangered,South Australia,-34.88766404,138.7623028,No management,1251_348_1670_611733_p_23307
Plum Leek-orchid,Plants,Endangered,South Australia,-34.88766404,138.7623028,No management,1251_348_1670_611734_p_23307
Plum Leek-orchid,Plants,Endangered,South Australia,-34.88766404,138.7623028,No management,1251_348_1670_611752_p_23307
Plum Leek-orchid,Plants,Endangered,South Australia,-34.88766404,138.7623028,No management,1251_348_1670_611759_p_23307
Plum Leek-orchid,Plants,Endangered,South Australia,-34.88766404,138.7623028,No management,1251_348_1670_611760_p_23307
Plum Leek-orchid,Plants,Endangered,South Australia,-34.88766404,138.7623028,No management,1251_348_1670_611761_p_23307
Plum Leek-orchid,Plants,Endangered,South Australia,-34.88766404,138.7623028,No management,1251_348_1670_611762_p_23307
Plum Leek-orchid,Plants,Endangered,South Australia,-34.88766404,138.7623028,No management,1251_348_1670_611763_p_23307
Plum Leek-orchid,Plants,Endangered,South Australia,-34.88766404,138.7623028,No management,1251_348_1670_611764_p_23307
Plum Leek-orchid,Plants,Endangered,South Australia,-34.88766404,138.7623028,No management,1251_348_1670_611765_p_23307
Plum Leek-orchid,Plants,Endangered,South Australia,-34.88766404,138.7623028,No management,1251_348_1670_611766_p_23307
Plum Leek-orchid,Plants,Endangered,South Australia,-34.88766404,138.7623028,No management,1251_348_1670_611767_p_23307
Plum Leek-orchid,Plants,Endangered,South Australia,-34.88766404,138.7623028,No management,1251_348_1670_611805_p_23307
Plum Leek-orchid,Plants,Endangered,South Australia,-34.88766404,138.7623028,No management,1251_348_1670_611806_p_23307
"Tranquillity Mintbush, Tranquility Mintbush",Plants,Endangered,New South Wales,-33.2071383,151.5581067,Unknown,1450_521_2651_952492_p_23411
Villous Mintbush,Plants,Vulnerable,New South Wales,-34.22470711,151.0051801,Unknown,1444_514_2657_952484_p_23433
Two-bristle Greenhood,Plants,Critically Endangered,South Australia,-34.88766404,138.7623028,No management,1251_348_1670_611709_p_23890
Two-bristle Greenhood,Plants,Critically Endangered,South Australia,-34.88766404,138.7623028,No management,1251_348_1670_611710_p_23890
Two-bristle Greenhood,Plants,Critically Endangered,South Australia,-34.88766404,138.7623028,No management,1251_348_1670_611711_p_23890
Two-bristle Greenhood,Plants,Critically Endangered,South Australia,-34.88766404,138.7623028,No management,1251_348_1670_611714_p_23890
Two-bristle Greenhood,Plants,Critically Endangered,South Australia,-34.88766404,138.7623028,No management,1251_348_1670_611715_p_23890
Two-bristle Greenhood,Plants,Critically Endangered,South Australia,-34.88766404,138.7623028,No management,1251_348_1670_611716_p_23890
Two-bristle Greenhood,Plants,Critically Endangered,South Australia,-34.88766404,138.7623028,No management,1251_348_1670_611717_p_23890
Two-bristle Greenhood,Plants,Critically Endangered,South Australia,-34.88766404,138.7623028,No management,1251_348_1670_611759_p_23890
Two-bristle Greenhood,Plants,Critically Endangered,South Australia,-34.88766404,138.7623028,No management,1251_348_1670_611761_p_23890
Two-bristle Greenhood,Plants,Critically Endangered,South Australia,-34.88766404,138.7623028,No management,1251_348_1670_612050_p_23890
Two-bristle Greenhood,Plants,Critically Endangered,South Australia,-34.88766404,138.7623028,No management,1251_348_1670_612051_p_23890
Two-bristle Greenhood,Plants,Critically Endangered,South Australia,-34.88766404,138.7623028,No management,1251_348_1670_612052_p_23890
Two-bristle Greenhood,Plants,Critically Endangered,South Australia,-34.88766404,138.7623028,No management,1251_348_1670_612053_p_23890
Two-bristle Greenhood,Plants,Critically Endangered,South Australia,-34.88766404,138.7623028,No management,1251_348_1670_612054_p_23890
Two-bristle Greenhood,Plants,Critically Endangered,South Australia,-34.88766404,138.7623028,No management,1251_348_1670_612060_p_23890
Two-bristle Greenhood,Plants,Critically Endangered,South Australia,-34.88766404,138.7623028,No management,1251_348_1670_612067_p_23890
Two-bristle Greenhood,Plants,Critically Endangered,South Australia,-34.88766404,138.7623028,No management,1251_348_1670_612068_p_23890
Two-bristle Greenhood,Plants,Critically Endangered,South Australia,-34.88766404,138.7623028,No management,1251_348_1670_612069_p_23890
Two-bristle Greenhood,Plants,Critically Endangered,South Australia,-34.88766404,138.7623028,No management,1251_348_1670_612070_p_23890
Two-bristle Greenhood,Plants,Critically Endangered,South Australia,-34.88766404,138.7623028,No management,1251_348_1670_612071_p_23890
Two-bristle Greenhood,Plants,Critically Endangered,South Australia,-34.88766404,138.7623028,No management,1251_348_1670_612072_p_23890
Two-bristle Greenhood,Plants,Critically Endangered,South Australia,-34.88766404,138.7623028,No management,1251_348_1670_612073_p_23890
Two-bristle Greenhood,Plants,Critically Endangered,South Australia,-34.88766404,138.7623028,No management,1251_348_1670_612074_p_23890
Wittwer's Mountain Bell,Plants,Endangered,Western Australia,-34.23074081,119.1504387,Unknown,900_2_1643_955277_p_24369
Maroon-flowered Daviesia,Plants,Critically Endangered,Western Australia,-34.23074081,119.1504387,Actively managed,900_2_1637_955278_p_24564
Grampians Bitter-pea,Plants,Vulnerable,Victoria,-37.21970708,144.8841341,Unknown,958_2_1897_373317_p_24601
Stirling Range Daviesia,Plants,Critically Endangered,Western Australia,-34.23074081,119.1504387,Actively managed,900_2_1637_955279_p_24678
Matted Flax-lily,Plants,Endangered,Victoria,-37.84704817,143.2517563,Actively managed,1056_2_1345_374004_p_25298
Buttercup Doubletail,Plants,Endangered,New South Wales,-34.0400509,150.0838695,Unknown,954_2_1776_382052_p_26648
Buttercup Doubletail,Plants,Endangered,New South Wales,-34.0400509,150.0838695,Unknown,954_2_1777_382053_p_26648
Buttercup Doubletail,Plants,Endangered,New South Wales,-36.13965496,149.1056612,Unknown,954_2_1778_382054_p_26648
Pale Golden Moths,Plants,Vulnerable,New South Wales,-36.0760009,148.4682667,Actively managed,1284_2_2366_400992_p_26669
Pale Golden Moths,Plants,Vulnerable,New South Wales,-36.0760009,148.4682667,No management,1284_2_2366_400993_p_26669
Glossy Spice Bush,Plants,Endangered,Queensland,-27.20516781,153.3374921,Unknown,1433_2_2635_949935_p_29164
Glossy Spice Bush,Plants,Endangered,Queensland,-27.1534329,152.8243086,Unknown,1433_2_2635_949936_p_29164
Glossy Spice Bush,Plants,Endangered,Queensland,-27.1534329,152.8243086,Unknown,1433_2_2635_949937_p_29164
Glossy Spice Bush,Plants,Endangered,Queensland,-25.70346896,152.2774276,Unknown,1433_2_2635_949938_p_29164
Glossy Spice Bush,Plants,Endangered,Queensland,-25.70346896,152.2774276,Unknown,1433_2_2635_949939_p_29164
Glossy Spice Bush,Plants,Endangered,Queensland,-27.20516781,153.3374921,Unknown,1433_2_2635_949940_p_29164
Glossy Spice Bush,Plants,Endangered,Queensland,-25.10118443,152.8141377,Unknown,1433_2_2635_949941_p_29164
Glossy Spice Bush,Plants,Endangered,Queensland,-27.20516781,153.3374921,Unknown,1433_2_2635_949942_p_29164
Glossy Spice Bush,Plants,Endangered,Queensland,-27.20516781,153.3374921,Unknown,1433_2_2635_949943_p_29164
Glossy Spice Bush,Plants,Endangered,Queensland,-27.20516781,153.3374921,Unknown,1433_2_2635_949944_p_29164
Glossy Spice Bush,Plants,Endangered,Queensland,-27.20516781,153.3374921,Unknown,1433_2_2635_949945_p_29164
Peach Myrtle,Plants,Endangered,New South Wales,-28.59635014,153.1883811,Unknown,1442_510_2653_952506_p_29287
Lake King Eremophila,Plants,Endangered,Western Australia,-33.05792494,119.0261199,Unknown,961_3_1848_269066_p_30220
Lake King Eremophila,Plants,Endangered,Western Australia,-33.05792494,119.0261199,Unknown,961_3_1849_269067_p_30220
"Bomaderry Zieria, Bomaderry Creek Zieria",Plants,Endangered,New South Wales,-34.66180604,150.8782982,Unknown,1441_508_1414_952512_p_30302
,Plants,Critically Endangered,New South Wales,-30.49557328,151.0729317,Unknown,1439_474_1414_952514_p_30342
"Salt Pipewort, Button Grass",Plants,Endangered,New South Wales,-30.72067787,144.0403293,Actively managed,890_1_1337_276061_p_30544
"Salt Pipewort, Button Grass",Plants,Endangered,New South Wales,-30.72067787,144.0403293,Actively managed,890_1_1337_276062_p_30544
"Salt Pipewort, Button Grass",Plants,Endangered,New South Wales,-30.72067787,144.0403293,Actively managed,890_1_1337_276063_p_30544
"Salt Pipewort, Button Grass",Plants,Endangered,New South Wales,-30.72067787,144.0403293,Actively managed,890_1_1337_276064_p_30544
"Salt Pipewort, Button Grass",Plants,Endangered,New South Wales,-30.72067787,144.0403293,Actively managed,890_1_1337_276065_p_30544
"Salt Pipewort, Button Grass",Plants,Endangered,New South Wales,-30.72067787,144.0403293,Actively managed,890_1_1337_276066_p_30544
"Salt Pipewort, Button Grass",Plants,Endangered,New South Wales,-30.72067787,144.0403293,Actively managed,890_1_1337_276067_p_30544
"Salt Pipewort, Button Grass",Plants,Endangered,New South Wales,-30.72067787,144.0403293,Actively managed,890_1_1337_276068_p_30544
"Spiny Everlasting, Spiny Daisy",Plants,Critically Endangered,South Australia,-33.59852723,138.730096,Unknown,923_3_1656_252168_p_3112
"Spiny Everlasting, Spiny Daisy",Plants,Critically Endangered,South Australia,-33.59852723,138.730096,Unknown,923_3_1656_252169_p_3112
"Spiny Everlasting, Spiny Daisy",Plants,Critically Endangered,South Australia,-37.34930962,140.0267898,Unknown,923_3_1656_252170_p_3112
"Spiny Everlasting, Spiny Daisy",Plants,Critically Endangered,South Australia,-34.88766404,138.7623028,Unknown,923_3_1656_252171_p_3112
"Spiny Everlasting, Spiny Daisy",Plants,Critically Endangered,South Australia,-33.91392283,137.9381525,Unknown,923_183_1656_252172_p_3112
"Spiny Everlasting, Spiny Daisy",Plants,Critically Endangered,South Australia,-33.91392283,137.9381525,Unknown,923_3_1656_252173_p_3112
"Spiny Everlasting, Spiny Daisy",Plants,Critically Endangered,South Australia,-32.48331644,138.2653766,Unknown,923_3_1656_252174_p_3112
"Spiny Everlasting, Spiny Daisy",Plants,Critically Endangered,South Australia,-32.48331644,138.2653766,Unknown,923_3_1656_252175_p_3112
Dungowan Starbush,Plants,Critically Endangered,New South Wales,-30.62260538,150.6901946,Unknown,1244_2_1973_376449_p_3137
Dungowan Starbush,Plants,Critically Endangered,New South Wales,-31.20398431,151.6700563,Unknown,1244_2_1973_376450_p_3137
Dungowan Starbush,Plants,Critically Endangered,New South Wales,-31.20398431,151.6700563,Unknown,1244_2_1973_376451_p_3137
Dungowan Starbush,Plants,Critically Endangered,New South Wales,-31.20398431,151.6700563,Unknown,1244_2_1973_376452_p_3137
,Plants,Endangered,New South Wales,-33.10149856,150.9275559,Actively managed,1278_2_2108_403817_p_3142
,Plants,Critically Endangered,Victoria,-37.67163105,146.4117217,No management,929_2_1670_250616_p_32586
Mongarlowe Mallee,Plants,Critically Endangered,New South Wales,-34.87182416,149.9592602,Unknown,926_2_1535_257499_p_32857
Mongarlowe Mallee,Plants,Critically Endangered,New South Wales,-34.87182416,149.9592602,Unknown,926_2_1535_257500_p_32857
Mongarlowe Mallee,Plants,Critically Endangered,New South Wales,-34.87182416,149.9592602,Unknown,926_2_1535_257501_p_32857
Mongarlowe Mallee,Plants,Critically Endangered,New South Wales,-34.87182416,149.9592602,Unknown,926_2_1535_257502_p_32857
Coastal Fontainea,Plants,Critically Endangered,New South Wales,-29.24588835,153.2593919,Actively managed,1053_298_2056_383657_p_35619
Oval-leaf Adenanthos,Plants,Endangered,Western Australia,-34.23074081,119.1504387,Unknown,900_2_1633_955268_p_3618
Angle-stemmed Myrtle,Plants,Endangered,Queensland,-27.75995263,152.6081037,Actively managed,930_2_1670_255936_p_38343
Angle-stemmed Myrtle,Plants,Endangered,Queensland,-27.75995263,152.6081037,Actively managed,930_2_1670_255937_p_38343
Angle-stemmed Myrtle,Plants,Endangered,Queensland,-27.1534329,152.8243086,Actively managed,930_2_1670_255938_p_38343
Angle-stemmed Myrtle,Plants,Endangered,Queensland,-27.75995263,152.6081037,Actively managed,930_2_1670_255939_p_38343
Angle-stemmed Myrtle,Plants,Endangered,Queensland,-27.75995263,152.6081037,Actively managed,930_2_1670_255940_p_38343
Angle-stemmed Myrtle,Plants,Endangered,Queensland,-27.1534329,152.8243086,No management,930_2_1670_255941_p_38343
Angle-stemmed Myrtle,Plants,Endangered,Queensland,-27.1534329,152.8243086,No management,930_2_1670_255942_p_38343
,Plants,Endangered,Western Australia,-34.15050767,116.6498318,Actively managed,900_2_1631_955280_p_38532
,Plants,Endangered,Western Australia,-34.15050767,116.6498318,Actively managed,900_2_1631_955281_p_38532
"Foote's Grevillea, Cataby Grevillea, Black Magic Grevillea",Plants,Critically Endangered,Western Australia,-29.90694164,115.3829825,Actively managed,900_2_1631_955282_p_38710
"Foote's Grevillea, Cataby Grevillea, Black Magic Grevillea",Plants,Critically Endangered,Western Australia,-29.90694164,115.3829825,Actively managed,900_2_1631_955283_p_38710
"Foote's Grevillea, Cataby Grevillea, Black Magic Grevillea",Plants,Critically Endangered,Western Australia,-29.90694164,115.3829825,No management,900_2_1631_955284_p_38710
"Foote's Grevillea, Cataby Grevillea, Black Magic Grevillea",Plants,Critically Endangered,Western Australia,-29.90694164,115.3829825,No management,900_2_1631_955285_p_38710
"Foote's Grevillea, Cataby Grevillea, Black Magic Grevillea",Plants,Critically Endangered,Western Australia,-29.90694164,115.3829825,No management,900_2_1631_955286_p_38710
"Foote's Grevillea, Cataby Grevillea, Black Magic Grevillea",Plants,Critically Endangered,Western Australia,-29.90694164,115.3829825,No management,900_2_1631_955287_p_38710
"Foote's Grevillea, Cataby Grevillea, Black Magic Grevillea",Plants,Critically Endangered,Western Australia,-29.90694164,115.3829825,Actively managed,900_2_1631_955288_p_38710
Coochin Hills Grevillea,Plants,Critically Endangered,Queensland,-27.20516781,153.3374921,No management,931_2_1670_250618_p_38930
Anglesea Grevillea,Plants,Vulnerable,Victoria,-38.32100885,144.2402249,Unknown,958_2_1144_372790_p_38963
Anglesea Grevillea,Plants,Vulnerable,Victoria,-38.32100885,144.2402249,Unknown,958_2_1144_372980_p_38963
Anglesea Grevillea,Plants,Vulnerable,Victoria,-38.32100885,144.2402249,Unknown,958_2_1144_372981_p_38963
Anglesea Grevillea,Plants,Vulnerable,Victoria,-38.32100885,144.2402249,Unknown,958_2_1144_372982_p_38963
Anglesea Grevillea,Plants,Vulnerable,Victoria,-38.32100885,144.2402249,Unknown,958_2_1144_373288_p_38963
Anglesea Grevillea,Plants,Vulnerable,Victoria,-38.32100885,144.2402249,Unknown,958_2_1144_373289_p_38963
Anglesea Grevillea,Plants,Vulnerable,Victoria,-38.32100885,144.2402249,Unknown,958_2_1144_373290_p_38963
Anglesea Grevillea,Plants,Vulnerable,Victoria,-38.32100885,144.2402249,Unknown,958_2_1144_373574_p_38963
Anglesea Grevillea,Plants,Vulnerable,Victoria,-38.32100885,144.2402249,Unknown,958_2_1144_373575_p_38963
Anglesea Grevillea,Plants,Vulnerable,Victoria,-38.32100885,144.2402249,Unknown,958_2_1144_373708_p_38963
Anglesea Grevillea,Plants,Vulnerable,Victoria,-38.32100885,144.2402249,Unknown,958_2_1144_373709_p_38963
Anglesea Grevillea,Plants,Vulnerable,Victoria,-38.32100885,144.2402249,Unknown,958_2_1144_373711_p_38963
Anglesea Grevillea,Plants,Vulnerable,Victoria,-38.32100885,144.2402249,Unknown,958_2_1144_373713_p_38963
Anglesea Grevillea,Plants,Vulnerable,Victoria,-38.32100885,144.2402249,Unknown,958_2_1144_373735_p_38963
Anglesea Grevillea,Plants,Vulnerable,Victoria,-38.32100885,144.2402249,Unknown,958_2_1897_372730_p_38963
Anglesea Grevillea,Plants,Vulnerable,Victoria,-38.32100885,144.2402249,Unknown,958_2_1897_372734_p_38963
Anglesea Grevillea,Plants,Vulnerable,Victoria,-38.32100885,144.2402249,Unknown,958_2_1897_372777_p_38963
Anglesea Grevillea,Plants,Vulnerable,Victoria,-38.32100885,144.2402249,Unknown,958_2_1897_372797_p_38963
Anglesea Grevillea,Plants,Vulnerable,Victoria,-38.32100885,144.2402249,Unknown,958_2_1897_372892_p_38963
Anglesea Grevillea,Plants,Vulnerable,Victoria,-38.32100885,144.2402249,Unknown,958_2_1897_373253_p_38963
Anglesea Grevillea,Plants,Vulnerable,Victoria,-38.32100885,144.2402249,Unknown,958_2_1897_373292_p_38963
Anglesea Grevillea,Plants,Vulnerable,Victoria,-38.32100885,144.2402249,Unknown,958_2_1897_373312_p_38963
Anglesea Grevillea,Plants,Vulnerable,Victoria,-38.32100885,144.2402249,Unknown,958_2_1897_373444_p_38963
Anglesea Grevillea,Plants,Vulnerable,Victoria,-38.32100885,144.2402249,Unknown,958_2_1897_373778_p_38963
Anglesea Grevillea,Plants,Vulnerable,Victoria,-38.32100885,144.2402249,Unknown,958_2_1897_373779_p_38963
Anglesea Grevillea,Plants,Vulnerable,Victoria,-38.32100885,144.2402249,Unknown,958_2_1897_373783_p_38963
Flame Spider-flower,Plants,Endangered,New South Wales,-29.52739459,141.8754965,Actively managed,891_2_1335_257077_p_39012
Flame Spider-flower,Plants,Endangered,New South Wales,-29.52739459,141.8754965,Actively managed,891_2_1335_257078_p_39012
Flame Spider-flower,Plants,Endangered,New South Wales,-29.52739459,141.8754965,Actively managed,891_2_1335_257079_p_39012
Flame Spider-flower,Plants,Endangered,New South Wales,-29.52739459,141.8754965,Actively managed,891_2_1335_257080_p_39012
Flame Spider-flower,Plants,Endangered,New South Wales,-29.52739459,141.8754965,Actively managed,891_2_1335_257081_p_39012
Flame Spider-flower,Plants,Endangered,New South Wales,-29.52739459,141.8754965,Actively managed,891_2_1335_257082_p_39012
Flame Spider-flower,Plants,Endangered,New South Wales,-29.52739459,141.8754965,No management,891_2_1335_257083_p_39012
Flame Spider-flower,Plants,Endangered,New South Wales,-29.52739459,141.8754965,No management,891_2_1335_257084_p_39012
Maxwell's Grevillea,Plants,Critically Endangered,Western Australia,-34.23074081,119.1504387,Unknown,900_2_1637_955290_p_39124
Maxwell's Grevillea,Plants,Critically Endangered,Western Australia,-34.23074081,119.1504387,Unknown,900_2_1642_955289_p_39124
Grey Grevillea,Plants,Endangered,New South Wales,-32.93819303,150.0562368,Unknown,898_2_1354_376436_p_39195
Grey Grevillea,Plants,Endangered,New South Wales,-32.93819303,150.0562368,Unknown,898_2_1354_376437_p_39195
Grey Grevillea,Plants,Endangered,New South Wales,-33.14247789,149.9850264,Unknown,898_191_2138_376438_p_39195
Grey Grevillea,Plants,Endangered,New South Wales,-33.14247789,149.9850264,Unknown,898_191_2138_376439_p_39195
Grey Grevillea,Plants,Endangered,New South Wales,-33.14247789,149.9850264,Unknown,898_191_2138_376440_p_39195
Grey Grevillea,Plants,Endangered,New South Wales,-33.14247789,149.9850264,Unknown,898_191_2138_376441_p_39195
Grey Grevillea,Plants,Endangered,New South Wales,-33.14247789,149.9850264,Unknown,898_191_2138_376442_p_39195
Grey Grevillea,Plants,Endangered,New South Wales,-33.14247789,149.9850264,Unknown,898_191_2138_376443_p_39195
"Spidery Wattle, Balcanoona Wattle",Plants,Vulnerable,South Australia,-30.56704355,138.798038,No management,873_3_1293_250518_p_392
"Spidery Wattle, Balcanoona Wattle",Plants,Vulnerable,South Australia,-30.56704355,138.798038,Actively managed,873_3_1294_250519_p_392
"Spidery Wattle, Balcanoona Wattle",Plants,Vulnerable,South Australia,-30.56704355,138.798038,Actively managed,873_3_1295_250520_p_392
"Spidery Wattle, Balcanoona Wattle",Plants,Vulnerable,South Australia,-30.56704355,138.798038,No management,873_3_1295_250521_p_392
"Spidery Wattle, Balcanoona Wattle",Plants,Vulnerable,South Australia,-30.56704355,138.798038,No management,873_3_1295_250522_p_392
"Spidery Wattle, Balcanoona Wattle",Plants,Vulnerable,South Australia,-30.56704355,138.798038,No management,873_3_1296_250523_p_392
Tumut Grevillea,Plants,Critically Endangered,New South Wales,-34.1382346,148.3763939,Actively managed,903_2_1411_942969_p_39649
,Plants,Critically Endangered,New South Wales,-32.37710097,150.232037,Unknown,1437_504_2651_952476_p_417
Granite Boronia,Plants,Endangered,Queensland,-28.68404142,151.8934121,Unknown,1486_573_1414_955742_p_4387
Granite Boronia,Plants,Endangered,Queensland,-28.68404142,151.8934121,Unknown,1486_573_1414_955744_p_4387
Granite Boronia,Plants,Endangered,Queensland,-28.68404142,151.8934121,Unknown,1486_573_1414_955745_p_4387
Granite Boronia,Plants,Endangered,Queensland,-28.68404142,151.8934121,Unknown,1486_573_1414_955746_p_4387
Granite Boronia,Plants,Endangered,Queensland,-28.68404142,151.8934121,Unknown,1486_573_1414_955747_p_4387
Granite Boronia,Plants,Endangered,Queensland,-28.68404142,151.8934121,Unknown,1486_573_1414_955748_p_4387
Granite Boronia,Plants,Endangered,Queensland,-28.68404142,151.8934121,Unknown,1486_573_1414_955749_p_4387
Granite Boronia,Plants,Endangered,Queensland,-28.68404142,151.8934121,Unknown,1486_573_1414_955750_p_4387
"Repand Boronia, Border Boronia",Plants,Endangered,Queensland,-28.68404142,151.8934121,Unknown,1478_573_1414_952925_p_4464
"Repand Boronia, Border Boronia",Plants,Endangered,Queensland,-28.68404142,151.8934121,Unknown,1478_573_1414_952928_p_4464
"Repand Boronia, Border Boronia",Plants,Endangered,Queensland,-28.68404142,151.8934121,Unknown,1478_573_1414_952929_p_4464
"Repand Boronia, Border Boronia",Plants,Endangered,Queensland,-28.68404142,151.8934121,Unknown,1478_573_1414_952930_p_4464
"Repand Boronia, Border Boronia",Plants,Endangered,Queensland,-28.68404142,151.8934121,Unknown,1478_573_1414_952931_p_4464
"Repand Boronia, Border Boronia",Plants,Endangered,Queensland,-28.68404142,151.8934121,Unknown,1478_573_1414_952932_p_4464
Isoglossa,Plants,Endangered,New South Wales,-28.59635014,153.1883811,No management,902_2_1403_445875_p_45206
Isoglossa,Plants,Endangered,New South Wales,-28.59635014,153.1883811,Actively managed,902_2_1404_445876_p_45206
Isoglossa,Plants,Endangered,New South Wales,-28.59635014,153.1883811,Actively managed,902_2_1404_445877_p_45206
Isoglossa,Plants,Endangered,New South Wales,-28.59635014,153.1883811,Actively managed,902_2_1405_445878_p_45206
"Albany Cone Bush, Hook-leaf Isopogon",Plants,Critically Endangered,Western Australia,-34.69551507,116.1574097,Unknown,900_2_1637_955291_p_45433
"Albany Cone Bush, Hook-leaf Isopogon",Plants,Critically Endangered,Western Australia,-34.15050767,116.6498318,Unknown,900_2_1637_955292_p_45433
"Albany Cone Bush, Hook-leaf Isopogon",Plants,Critically Endangered,Western Australia,-34.69551507,116.1574097,Unknown,900_2_1637_955293_p_45433
,Plants,Critically Endangered,Western Australia,-34.23074081,119.1504387,Unknown,900_2_1633_955294_p_47152
Roundleaf Honeysuckle,Plants,Endangered,Western Australia,-34.15050767,116.6498318,Unknown,900_2_1637_955295_p_47552
Roundleaf Honeysuckle,Plants,Endangered,Western Australia,-34.15050767,116.6498318,Unknown,900_2_1637_955296_p_47552
Wrinkled Buttons,Plants,Vulnerable,Victoria,-38.75598286,143.6921367,Unknown,958_2_1897_372695_p_48062
Wrinkled Buttons,Plants,Vulnerable,Victoria,-38.75598286,143.6921367,Unknown,958_2_1897_372754_p_48062
Wrinkled Buttons,Plants,Vulnerable,Victoria,-38.75598286,143.6921367,Unknown,958_2_1897_372843_p_48062
Wrinkled Buttons,Plants,Vulnerable,Victoria,-38.75598286,143.6921367,Unknown,958_2_1897_372912_p_48062
Wrinkled Buttons,Plants,Vulnerable,Victoria,-38.75598286,143.6921367,Unknown,958_2_1897_372971_p_48062
Wrinkled Buttons,Plants,Vulnerable,Victoria,-38.75598286,143.6921367,Unknown,958_2_1897_373213_p_48062
Wrinkled Buttons,Plants,Vulnerable,Victoria,-38.75598286,143.6921367,Unknown,958_2_1897_373740_p_48062
Wrinkled Buttons,Plants,Vulnerable,Victoria,-38.75598286,143.6921367,Unknown,958_2_1897_373742_p_48062
Wrinkled Buttons,Plants,Vulnerable,Victoria,-38.75598286,143.6921367,Unknown,958_2_1897_373744_p_48062
Wrinkled Buttons,Plants,Vulnerable,Victoria,-38.75598286,143.6921367,Unknown,958_2_1897_373757_p_48062
Wrinkled Buttons,Plants,Vulnerable,Victoria,-38.75598286,143.6921367,Unknown,958_2_1898_373249_p_48062
Spiny Peppercress,Plants,Vulnerable,Victoria,-37.84704817,143.2517563,Unknown,958_2_1897_372697_p_48300
Spiny Peppercress,Plants,Vulnerable,Victoria,-36.88372003,146.7575184,Unknown,958_2_1897_372737_p_48300
Spiny Peppercress,Plants,Vulnerable,Victoria,-37.84704817,143.2517563,Unknown,958_2_1897_373217_p_48300
Spiny Peppercress,Plants,Vulnerable,Victoria,-37.84704817,143.2517563,Unknown,958_2_1897_373308_p_48300
Spiny Peppercress,Plants,Vulnerable,Victoria,-37.84704817,143.2517563,Unknown,958_2_1897_373502_p_48300
Spiny Peppercress,Plants,Vulnerable,Victoria,-37.84704817,143.2517563,Unknown,958_2_1897_373624_p_48300
Spiny Peppercress,Plants,Vulnerable,Victoria,-37.84704817,143.2517563,Unknown,958_2_1898_372897_p_48300
Ginninderra Peppercress,Plants,Critically Endangered,Australian Capital Territory,-35.43401712,149.060159,No management,1054_2_2059_376524_p_48334
Ginninderra Peppercress,Plants,Critically Endangered,Australian Capital Territory,-35.43401712,149.060159,No management,1054_2_2059_376525_p_48334
Ginninderra Peppercress,Plants,Critically Endangered,Australian Capital Territory,-35.43401712,149.060159,No management,1054_2_2059_376526_p_48334
Ginninderra Peppercress,Plants,Critically Endangered,Australian Capital Territory,-35.43401712,149.060159,No management,1054_2_2059_376527_p_48334
Stirling Range Beard Heath,Plants,Critically Endangered,Western Australia,-34.23074081,119.1504387,Unknown,900_2_1634_955297_p_49826
Kangaroo Island Spider-orchid,Plants,Endangered,South Australia,-35.33131139,138.668376,No management,1251_348_1670_611118_p_5279
Kangaroo Island Spider-orchid,Plants,Endangered,South Australia,-35.33131139,138.668376,No management,1251_348_1670_611453_p_5279
Kangaroo Island Spider-orchid,Plants,Endangered,South Australia,-35.33131139,138.668376,No management,1251_348_1670_611454_p_5279
,Plants,Vulnerable,New South Wales,-33.10149856,150.9275559,Actively managed,1034_2_1335_267822_p_55018
,Plants,Vulnerable,New South Wales,-33.10149856,150.9275559,Actively managed,1034_3_1335_267822_p_55018
,Plants,Vulnerable,New South Wales,-33.10149856,150.9275559,Actively managed,1034_183_1335_267822_p_55018
,Plants,Vulnerable,New South Wales,-33.10149856,150.9275559,Actively managed,1034_2_1335_267823_p_55018
,Plants,Vulnerable,New South Wales,-33.10149856,150.9275559,Actively managed,1034_3_1335_267823_p_55018
,Plants,Vulnerable,New South Wales,-33.10149856,150.9275559,Actively managed,1034_183_1335_267823_p_55018
,Plants,Vulnerable,New South Wales,-33.68682216,151.3158186,Actively managed,1034_2_1335_267824_p_55018
,Plants,Vulnerable,New South Wales,-33.68682216,151.3158186,Actively managed,1034_3_1335_267824_p_55018
,Plants,Vulnerable,New South Wales,-33.68682216,151.3158186,Actively managed,1034_183_1335_267824_p_55018
Giant Andersonia,Plants,Critically Endangered,Western Australia,-34.23074081,119.1504387,Unknown,900_2_1639_955269_p_5572
Tuggeranong Lignum,Plants,Endangered,Australian Capital Territory,-35.43401712,149.060159,Unknown,886_2_1329_250768_p_56027
,Plants,Near Threatened,New South Wales,-28.59635014,153.1883811,Unknown,1365_2_2454_595569_p_5620
Two Peoples Bay Andersonia,Plants,Vulnerable,Western Australia,-34.15050767,116.6498318,Actively managed,900_2_1632_955270_p_5634
Copper Beard Orchid,Plants,Critically Endangered,South Australia,-34.88766404,138.7623028,No management,1251_348_1670_611476_p_5662
,Plants,Vulnerable,New South Wales,-30.42953667,152.9262964,No management,1003_2_1976_257767_p_56920
,Plants,Vulnerable,New South Wales,-30.42953667,152.9262964,No management,1003_2_1976_257768_p_56920
,Plants,Vulnerable,New South Wales,-30.42953667,152.9262964,No management,1003_2_1976_257769_p_56920
,Plants,Vulnerable,New South Wales,-30.42953667,152.9262964,No management,1003_2_1976_257770_p_56920
"Silver Daisy-bush, Silver-leaved Daisy, Velvet Daisy-bush",Plants,Vulnerable,South Australia,-35.33131139,138.668376,Unknown,916_2_1535_369362_p_57921
"Silver Daisy-bush, Silver-leaved Daisy, Velvet Daisy-bush",Plants,Vulnerable,South Australia,-35.33131139,138.668376,Unknown,916_2_1535_369363_p_57921
"Silver Daisy-bush, Silver-leaved Daisy, Velvet Daisy-bush",Plants,Vulnerable,South Australia,-35.33131139,138.668376,Unknown,916_2_1535_369364_p_57921
"Silver Daisy-bush, Silver-leaved Daisy, Velvet Daisy-bush",Plants,Vulnerable,South Australia,-34.75516376,139.9321759,Unknown,916_2_1535_369365_p_57921
"Silver Daisy-bush, Silver-leaved Daisy, Velvet Daisy-bush",Plants,Vulnerable,South Australia,-34.75516376,139.9321759,Unknown,916_2_1535_369366_p_57921
"Silver Daisy-bush, Silver-leaved Daisy, Velvet Daisy-bush",Plants,Vulnerable,South Australia,-35.33131139,138.668376,Unknown,916_2_1535_369367_p_57921
"Silver Daisy-bush, Silver-leaved Daisy, Velvet Daisy-bush",Plants,Vulnerable,South Australia,-35.33131139,138.668376,Unknown,916_2_1535_369368_p_57921
"Silver Daisy-bush, Silver-leaved Daisy, Velvet Daisy-bush",Plants,Vulnerable,South Australia,-35.33131139,138.668376,Unknown,916_2_1535_369369_p_57921
"Silver Daisy-bush, Silver-leaved Daisy, Velvet Daisy-bush",Plants,Vulnerable,South Australia,-35.33131139,138.668376,Unknown,916_2_1535_369370_p_57921
"Silver Daisy-bush, Silver-leaved Daisy, Velvet Daisy-bush",Plants,Vulnerable,South Australia,-35.33131139,138.668376,Unknown,916_2_1535_369371_p_57921
"Silver Daisy-bush, Silver-leaved Daisy, Velvet Daisy-bush",Plants,Vulnerable,South Australia,-35.33131139,138.668376,Unknown,916_2_1535_369372_p_57921
"Silver Daisy-bush, Silver-leaved Daisy, Velvet Daisy-bush",Plants,Vulnerable,South Australia,-34.75516376,139.9321759,Unknown,916_2_1535_369373_p_57921
"Silver Daisy-bush, Silver-leaved Daisy, Velvet Daisy-bush",Plants,Vulnerable,South Australia,-35.33131139,138.668376,Unknown,916_2_1535_369374_p_57921
"Silver Daisy-bush, Silver-leaved Daisy, Velvet Daisy-bush",Plants,Vulnerable,South Australia,-35.33131139,138.668376,Unknown,916_2_1535_369375_p_57921
"Silver Daisy-bush, Silver-leaved Daisy, Velvet Daisy-bush",Plants,Vulnerable,South Australia,-35.33131139,138.668376,Unknown,916_2_1535_369376_p_57921
"Silver Daisy-bush, Silver-leaved Daisy, Velvet Daisy-bush",Plants,Vulnerable,South Australia,-35.33131139,138.668376,Unknown,916_2_1535_369377_p_57921
"Silver Daisy-bush, Silver-leaved Daisy, Velvet Daisy-bush",Plants,Vulnerable,South Australia,-35.33131139,138.668376,Unknown,916_2_1535_369378_p_57921
"Silver Daisy-bush, Silver-leaved Daisy, Velvet Daisy-bush",Plants,Vulnerable,South Australia,-35.33131139,138.668376,Unknown,916_2_1535_369379_p_57921
"Silver Daisy-bush, Silver-leaved Daisy, Velvet Daisy-bush",Plants,Vulnerable,South Australia,-35.33131139,138.668376,Unknown,916_2_1535_369380_p_57921
"Silver Daisy-bush, Silver-leaved Daisy, Velvet Daisy-bush",Plants,Vulnerable,South Australia,-35.33131139,138.668376,Unknown,916_2_1535_369381_p_57921
"Silver Daisy-bush, Silver-leaved Daisy, Velvet Daisy-bush",Plants,Vulnerable,South Australia,-35.33131139,138.668376,Unknown,916_2_1535_369382_p_57921
"Silver Daisy-bush, Silver-leaved Daisy, Velvet Daisy-bush",Plants,Vulnerable,South Australia,-35.33131139,138.668376,Unknown,916_2_1535_369383_p_57921
"Silver Daisy-bush, Silver-leaved Daisy, Velvet Daisy-bush",Plants,Vulnerable,South Australia,-35.33131139,138.668376,Unknown,916_2_1535_369384_p_57921
"Silver Daisy-bush, Silver-leaved Daisy, Velvet Daisy-bush",Plants,Vulnerable,South Australia,-35.33131139,138.668376,Unknown,916_2_1535_369385_p_57921
"Silver Daisy-bush, Silver-leaved Daisy, Velvet Daisy-bush",Plants,Vulnerable,South Australia,-35.33131139,138.668376,Unknown,916_2_1535_369386_p_57921
"Silver Daisy-bush, Silver-leaved Daisy, Velvet Daisy-bush",Plants,Vulnerable,South Australia,-34.75516376,139.9321759,Unknown,916_2_1535_369387_p_57921
"Silver Daisy-bush, Silver-leaved Daisy, Velvet Daisy-bush",Plants,Vulnerable,South Australia,-34.75516376,139.9321759,Unknown,916_2_1535_369388_p_57921
"Silver Daisy-bush, Silver-leaved Daisy, Velvet Daisy-bush",Plants,Vulnerable,South Australia,-34.75516376,139.9321759,Unknown,916_2_1535_369389_p_57921
"Silver Daisy-bush, Silver-leaved Daisy, Velvet Daisy-bush",Plants,Vulnerable,South Australia,-34.75516376,139.9321759,Unknown,916_2_1535_369390_p_57921
"Silver Daisy-bush, Silver-leaved Daisy, Velvet Daisy-bush",Plants,Vulnerable,South Australia,-35.33131139,138.668376,Unknown,916_2_1535_369391_p_57921
"Silver Daisy-bush, Silver-leaved Daisy, Velvet Daisy-bush",Plants,Vulnerable,South Australia,-35.33131139,138.668376,Unknown,916_2_1535_369392_p_57921
"Silver Daisy-bush, Silver-leaved Daisy, Velvet Daisy-bush",Plants,Vulnerable,South Australia,-35.33131139,138.668376,Unknown,916_2_1535_369393_p_57921
"Silver Daisy-bush, Silver-leaved Daisy, Velvet Daisy-bush",Plants,Vulnerable,South Australia,-35.33131139,138.668376,Unknown,916_2_1535_369394_p_57921
"Silver Daisy-bush, Silver-leaved Daisy, Velvet Daisy-bush",Plants,Vulnerable,South Australia,-35.77465865,139.2177927,Unknown,916_2_1535_369395_p_57921
"Silver Daisy-bush, Silver-leaved Daisy, Velvet Daisy-bush",Plants,Vulnerable,South Australia,-35.33131139,138.668376,Unknown,916_2_1535_369396_p_57921
"Silver Daisy-bush, Silver-leaved Daisy, Velvet Daisy-bush",Plants,Vulnerable,South Australia,-35.33131139,138.668376,Unknown,916_2_1535_369397_p_57921
"Silver Daisy-bush, Silver-leaved Daisy, Velvet Daisy-bush",Plants,Vulnerable,South Australia,-35.33131139,138.668376,Unknown,916_2_1535_369398_p_57921
"Silver Daisy-bush, Silver-leaved Daisy, Velvet Daisy-bush",Plants,Vulnerable,South Australia,-35.33131139,138.668376,Unknown,916_2_1535_369399_p_57921
"Silver Daisy-bush, Silver-leaved Daisy, Velvet Daisy-bush",Plants,Vulnerable,South Australia,-35.33131139,138.668376,Unknown,916_2_1535_369400_p_57921
"Silver Daisy-bush, Silver-leaved Daisy, Velvet Daisy-bush",Plants,Vulnerable,South Australia,-35.33131139,138.668376,Unknown,916_2_1535_369401_p_57921
"Silver Daisy-bush, Silver-leaved Daisy, Velvet Daisy-bush",Plants,Vulnerable,South Australia,-35.33131139,138.668376,Unknown,916_2_1535_369402_p_57921
"Silver Daisy-bush, Silver-leaved Daisy, Velvet Daisy-bush",Plants,Vulnerable,South Australia,-35.33131139,138.668376,Unknown,916_2_1535_369403_p_57921
"Silver Daisy-bush, Silver-leaved Daisy, Velvet Daisy-bush",Plants,Vulnerable,South Australia,-35.33131139,138.668376,Unknown,916_2_1535_369404_p_57921
"Silver Daisy-bush, Silver-leaved Daisy, Velvet Daisy-bush",Plants,Vulnerable,South Australia,-35.33131139,138.668376,Unknown,916_2_1535_369405_p_57921
"Silver Daisy-bush, Silver-leaved Daisy, Velvet Daisy-bush",Plants,Vulnerable,South Australia,-35.33131139,138.668376,Unknown,916_2_1535_369406_p_57921
"Silver Daisy-bush, Silver-leaved Daisy, Velvet Daisy-bush",Plants,Vulnerable,South Australia,-35.33131139,138.668376,Unknown,916_2_1535_369407_p_57921
"Silver Daisy-bush, Silver-leaved Daisy, Velvet Daisy-bush",Plants,Vulnerable,South Australia,-35.33131139,138.668376,Unknown,916_2_1535_369408_p_57921
"Silver Daisy-bush, Silver-leaved Daisy, Velvet Daisy-bush",Plants,Vulnerable,South Australia,-34.75516376,139.9321759,Unknown,916_2_1535_369409_p_57921
"Silver Daisy-bush, Silver-leaved Daisy, Velvet Daisy-bush",Plants,Vulnerable,South Australia,-35.33131139,138.668376,Unknown,916_2_1535_369410_p_57921
"Silver Daisy-bush, Silver-leaved Daisy, Velvet Daisy-bush",Plants,Vulnerable,South Australia,-34.75516376,139.9321759,Actively managed,916_2_1535_369411_p_57921
"Silver Daisy-bush, Silver-leaved Daisy, Velvet Daisy-bush",Plants,Vulnerable,South Australia,-34.75516376,139.9321759,Unknown,916_2_1535_369412_p_57921
"Silver Daisy-bush, Silver-leaved Daisy, Velvet Daisy-bush",Plants,Vulnerable,South Australia,-35.33131139,138.668376,Unknown,916_2_1535_369413_p_57921
,Plants,Endangered,New South Wales,-33.16202614,150.3893724,Unknown,1001_2_1973_376296_p_60529
,Plants,Endangered,New South Wales,-33.16202614,150.3893724,Unknown,1001_2_1973_376297_p_60529
,Plants,Endangered,New South Wales,-33.16202614,150.3893724,Unknown,1001_2_1973_376298_p_60529
,Plants,Endangered,New South Wales,-33.16202614,150.3893724,Unknown,1001_2_1973_376299_p_60529
,Plants,Endangered,New South Wales,-33.16202614,150.3893724,Unknown,1001_2_1973_376300_p_60529
,Plants,Endangered,New South Wales,-33.16202614,150.3893724,Unknown,1001_2_1973_376301_p_60529
,Plants,Endangered,New South Wales,-33.16202614,150.3893724,Unknown,1001_2_1973_376302_p_60529
,Plants,Endangered,New South Wales,-33.16202614,150.3893724,Unknown,1001_2_1973_376303_p_60529
,Plants,Endangered,New South Wales,-33.16202614,150.3893724,Unknown,1001_2_1973_376304_p_60529
,Plants,Endangered,New South Wales,-33.16202614,150.3893724,Unknown,1001_2_1973_376305_p_60529
,Plants,Endangered,New South Wales,-33.16202614,150.3893724,Unknown,1001_2_1973_376306_p_60529
,Plants,Endangered,New South Wales,-33.16202614,150.3893724,Unknown,1001_2_1973_376307_p_60529
,Plants,Endangered,New South Wales,-33.16202614,150.3893724,Unknown,1001_2_1973_376308_p_60529
,Plants,Endangered,New South Wales,-33.16202614,150.3893724,Unknown,1001_2_1973_376309_p_60529
,Plants,Endangered,New South Wales,-33.16202614,150.3893724,Unknown,1001_2_1973_376310_p_60529
,Plants,Endangered,New South Wales,-33.16202614,150.3893724,Unknown,1001_2_1973_376311_p_60529
,Plants,Endangered,New South Wales,-33.16202614,150.3893724,Unknown,1001_2_1973_376312_p_60529
,Plants,Endangered,New South Wales,-33.16202614,150.3893724,Unknown,1001_2_1973_376313_p_60529
,Plants,Endangered,New South Wales,-33.16202614,150.3893724,Unknown,1001_2_1973_376314_p_60529
,Plants,Endangered,New South Wales,-33.16202614,150.3893724,Unknown,1001_2_1973_376315_p_60529
,Plants,Endangered,New South Wales,-33.16202614,150.3893724,Unknown,1001_2_1973_376316_p_60529
,Plants,Endangered,New South Wales,-33.16202614,150.3893724,Unknown,1001_2_1973_376317_p_60529
,Plants,Endangered,New South Wales,-33.16202614,150.3893724,Unknown,1001_2_1973_376318_p_60529
,Plants,Endangered,New South Wales,-33.16202614,150.3893724,Unknown,1001_2_1973_376319_p_60529
,Plants,Endangered,New South Wales,-33.16202614,150.3893724,Unknown,1001_2_1973_376320_p_60529
,Plants,Endangered,New South Wales,-33.16202614,150.3893724,Unknown,1001_2_1973_376321_p_60529
,Plants,Endangered,New South Wales,-33.16202614,150.3893724,Unknown,1001_2_1973_376322_p_60529
,Plants,Endangered,New South Wales,-33.16202614,150.3893724,Unknown,1001_2_1973_376323_p_60529
,Plants,Endangered,New South Wales,-33.16202614,150.3893724,Unknown,1001_2_1973_376324_p_60529
,Plants,Endangered,New South Wales,-33.16202614,150.3893724,Unknown,1001_2_1973_376325_p_60529
Clandulla Geebung,Plants,Endangered,New South Wales,-33.14247789,149.9850264,Unknown,996_191_1355_257154_p_60584
Clandulla Geebung,Plants,Endangered,New South Wales,-33.14247789,149.9850264,Unknown,996_191_1355_257155_p_60584
Clandulla Geebung,Plants,Endangered,New South Wales,-33.14247789,149.9850264,Unknown,996_191_1355_257156_p_60584
Clandulla Geebung,Plants,Endangered,New South Wales,-33.14247789,149.9850264,Unknown,996_191_1355_257157_p_60584
Clandulla Geebung,Plants,Endangered,New South Wales,-33.14247789,149.9850264,Unknown,996_191_1355_257158_p_60584
Clandulla Geebung,Plants,Endangered,New South Wales,-33.14247789,149.9850264,Unknown,996_191_1355_257159_p_60584
Clandulla Geebung,Plants,Endangered,New South Wales,-33.14247789,149.9850264,Unknown,996_191_1355_257160_p_60584
Clandulla Geebung,Plants,Endangered,New South Wales,-33.14247789,149.9850264,Unknown,996_191_1355_257161_p_60584
Clandulla Geebung,Plants,Endangered,New South Wales,-33.14247789,149.9850264,Unknown,996_191_1355_257162_p_60584
Small-flowered Snottygobble,Plants,Critically Endangered,Western Australia,-34.23074081,119.1504387,Actively managed,900_2_1636_955298_p_60590
Small-flowered Snottygobble,Plants,Critically Endangered,Western Australia,-34.23074081,119.1504387,Actively managed,900_2_1638_955299_p_60590
Lesser Swamp-orchid,Plants,Endangered,New South Wales,-29.82068434,153.4153938,Actively managed,1033_202_1989_267817_p_61041
Lesser Swamp-orchid,Plants,Endangered,New South Wales,-29.82068434,153.4153938,Actively managed,1033_202_1989_267818_p_61041
Lesser Swamp-orchid,Plants,Endangered,Queensland,-25.26705056,148.2195359,Actively managed,1386_2_2497_943954_p_61041
Lesser Swamp-orchid,Plants,Endangered,Queensland,-25.26705056,148.2195359,Actively managed,1386_2_2497_943955_p_61041
Lesser Swamp-orchid,Plants,Endangered,Queensland,-25.26705056,148.2195359,Actively managed,1386_2_2497_943956_p_61041
"Davies' Waxflower, St Helens Waxflower",Plants,Critically Endangered,Tasmania,-40.43566564,147.8210816,Actively managed,933_2_1670_250775_p_61178
"Davies' Waxflower, St Helens Waxflower",Plants,Critically Endangered,Tasmania,-40.43566564,147.8210816,Actively managed,933_2_1670_250776_p_61178
Lowan Phebalium,Plants,Vulnerable,South Australia,-35.64006379,140.609955,Unknown,916_2_1538_369460_p_61233
Lowan Phebalium,Plants,Vulnerable,South Australia,-35.64006379,140.609955,Unknown,916_2_1538_369461_p_61233
Lowan Phebalium,Plants,Vulnerable,South Australia,-35.64006379,140.609955,Unknown,916_2_1538_369462_p_61233
Lowan Phebalium,Plants,Vulnerable,South Australia,-35.64006379,140.609955,Actively managed,916_2_1538_369463_p_61233
Lowan Phebalium,Plants,Vulnerable,South Australia,-35.64006379,140.609955,Unknown,916_2_1538_369464_p_61233
Lowan Phebalium,Plants,Vulnerable,South Australia,-35.64006379,140.609955,Actively managed,916_2_1538_369465_p_61233
Lowan Phebalium,Plants,Vulnerable,South Australia,-35.64006379,140.609955,Unknown,916_2_1538_369466_p_61233
Silver Candles,Plants,Vulnerable,South Australia,-33.79845532,134.7934883,No management,879_183_1313_250547_p_63556
Cotoneaster Pomaderris,Plants,Endangered,New South Wales,-34.87182416,149.9592602,Unknown,907_2_1428_390666_p_64799
Cotoneaster Pomaderris,Plants,Endangered,New South Wales,-34.87182416,149.9592602,Unknown,907_2_1428_390667_p_64799
Cotoneaster Pomaderris,Plants,Endangered,New South Wales,-34.87182416,149.9592602,Unknown,907_2_1428_390668_p_64799
Cotoneaster Pomaderris,Plants,Endangered,New South Wales,-34.87182416,149.9592602,Unknown,907_2_1428_390669_p_64799
Cotoneaster Pomaderris,Plants,Endangered,New South Wales,-34.22528357,150.3223691,Unknown,907_2_1428_390670_p_64799
Cotoneaster Pomaderris,Plants,Endangered,New South Wales,-34.22528357,150.3223691,Unknown,907_2_1428_390671_p_64799
Cotoneaster Pomaderris,Plants,Endangered,New South Wales,-34.22528357,150.3223691,Unknown,907_2_1428_390672_p_64799
Cotoneaster Pomaderris,Plants,Endangered,New South Wales,-34.22528357,150.3223691,Unknown,907_2_1428_390673_p_64799
Cotoneaster Pomaderris,Plants,Endangered,New South Wales,-34.22528357,150.3223691,Unknown,907_2_1428_390674_p_64799
Cotoneaster Pomaderris,Plants,Endangered,New South Wales,-34.22528357,150.3223691,Unknown,907_2_1428_390675_p_64799
,Plants,Critically Endangered,New South Wales,-34.87182416,149.9592602,No management,905_2_2366_401009_p_64801
,Plants,Critically Endangered,New South Wales,-34.87182416,149.9592602,Actively managed,905_2_2366_401010_p_64801
Pale Pomaderris,Plants,Vulnerable,New South Wales,-36.13965496,149.1056612,Unknown,907_2_1428_390677_p_64867
Pale Pomaderris,Plants,Vulnerable,New South Wales,-36.53324171,149.7389788,Unknown,907_2_1430_390676_p_64867
Concave Pomaderris,Plants,Vulnerable,Victoria,-37.21970708,144.8841341,Unknown,958_2_1897_372907_p_64936
Concave Pomaderris,Plants,Vulnerable,Victoria,-37.21970708,144.8841341,Unknown,958_2_1897_372931_p_64936
Concave Pomaderris,Plants,Vulnerable,Victoria,-37.21970708,144.8841341,Unknown,958_2_1897_372938_p_64936
Concave Pomaderris,Plants,Vulnerable,Victoria,-37.21970708,144.8841341,Unknown,958_2_1897_372945_p_64936
Concave Pomaderris,Plants,Vulnerable,Victoria,-37.21970708,144.8841341,Unknown,958_2_1897_373144_p_64936
Concave Pomaderris,Plants,Vulnerable,Victoria,-37.21970708,144.8841341,Unknown,958_2_1897_373459_p_64936
Concave Pomaderris,Plants,Vulnerable,Victoria,-37.21970708,144.8841341,Unknown,958_2_1897_373838_p_64936
"Jervis Bay Leek Orchid, Culburra Leek-orchid, Kinghorn Point Leek-orchid",Plants,Endangered,New South Wales,-35.26523623,150.6600222,No management,903_2_2488_942967_p_65296
Crowded Leek-Orchid,Plants,Endangered,Tasmania,-42.56615211,145.6211809,Actively managed,862_2_1271_249987_p_65305
"Maroon Leek-orchid, Slaty Leek-orchid, Stout Leek-orchid, French's Leek-orchid, Swamp Leek-orchid",Plants,Endangered,South Australia,-37.34930962,140.0267898,Unknown,917_2_389_252295_p_65310
"Maroon Leek-orchid, Slaty Leek-orchid, Stout Leek-orchid, French's Leek-orchid, Swamp Leek-orchid",Plants,Endangered,South Australia,-37.34930962,140.0267898,Unknown,917_2_389_252296_p_65310
"Maroon Leek-orchid, Slaty Leek-orchid, Stout Leek-orchid, French's Leek-orchid, Swamp Leek-orchid",Plants,Endangered,South Australia,-37.34930962,140.0267898,Unknown,917_2_389_252297_p_65310
"Maroon Leek-orchid, Slaty Leek-orchid, Stout Leek-orchid, French's Leek-orchid, Swamp Leek-orchid",Plants,Endangered,South Australia,-37.34930962,140.0267898,Unknown,917_2_389_252298_p_65310
"Maroon Leek-orchid, Slaty Leek-orchid, Stout Leek-orchid, French's Leek-orchid, Swamp Leek-orchid",Plants,Endangered,South Australia,-37.34930962,140.0267898,Unknown,917_2_389_252299_p_65310
Pale Leek-orchid,Plants,Vulnerable,South Australia,-32.48331644,138.2653766,No management,880_2_1315_250549_p_65321
Tarengo Leek Orchid,Plants,Endangered,Australian Capital Territory,-35.43401712,149.060159,Actively managed,888_2_1325_953774_p_65324
Tarengo Leek Orchid,Plants,Endangered,New South Wales,-34.1382346,148.3763939,Actively managed,1283_2_2368_400985_p_65324
Tarengo Leek Orchid,Plants,Endangered,New South Wales,-34.1382346,148.3763939,Actively managed,1283_2_2368_400986_p_65324
Tarengo Leek Orchid,Plants,Endangered,New South Wales,-34.1382346,148.3763939,Actively managed,1283_2_2368_400987_p_65324
Tarengo Leek Orchid,Plants,Endangered,New South Wales,-34.1382346,148.3763939,Actively managed,1283_2_2368_400988_p_65324
Tarengo Leek Orchid,Plants,Endangered,New South Wales,-36.13965496,149.1056612,Actively managed,1283_2_2368_400989_p_65324
Pretty Leek-orchid,Plants,Critically Endangered,Tasmania,-40.43566564,147.8210816,Actively managed,868_2_1275_249989_p_65326
Fragrant Leek-orchid,Plants,Endangered,Victoria,-37.84704817,143.2517563,Unknown,958_2_1897_372787_p_65336
Fragrant Leek-orchid,Plants,Endangered,Victoria,-37.84704817,143.2517563,Unknown,958_2_1897_373064_p_65336
Fragrant Leek-orchid,Plants,Endangered,Victoria,-37.84704817,143.2517563,Unknown,958_2_1897_373183_p_65336
Fragrant Leek-orchid,Plants,Endangered,Victoria,-37.84704817,143.2517563,Unknown,958_2_1897_373734_p_65336
Fragrant Leek-orchid,Plants,Endangered,Victoria,-37.84704817,143.2517563,Unknown,958_2_1897_373862_p_65336
Monarto Mintbush,Plants,Endangered,South Australia,-35.33131139,138.668376,Unknown,916_2_1535_369449_p_65546
Monarto Mintbush,Plants,Endangered,South Australia,-35.33131139,138.668376,Unknown,916_2_1535_369450_p_65546
Monarto Mintbush,Plants,Endangered,South Australia,-35.33131139,138.668376,Unknown,916_2_1535_369451_p_65546
Monarto Mintbush,Plants,Endangered,South Australia,-35.33131139,138.668376,Unknown,916_2_1535_369452_p_65546
Monarto Mintbush,Plants,Endangered,South Australia,-35.33131139,138.668376,Unknown,916_2_1535_369453_p_65546
Monarto Mintbush,Plants,Endangered,South Australia,-35.33131139,138.668376,Unknown,916_2_1535_369454_p_65546
Monarto Mintbush,Plants,Endangered,South Australia,-35.33131139,138.668376,Unknown,916_2_1535_369455_p_65546
Monarto Mintbush,Plants,Endangered,South Australia,-35.33131139,138.668376,Unknown,916_2_1535_369456_p_65546
Monarto Mintbush,Plants,Endangered,South Australia,-35.33131139,138.668376,Unknown,916_2_1535_369457_p_65546
Monarto Mintbush,Plants,Endangered,South Australia,-35.33131139,138.668376,Unknown,916_2_1535_369458_p_65546
Monarto Mintbush,Plants,Endangered,South Australia,-35.33131139,138.668376,Unknown,916_2_1535_369459_p_65546
Monarto Mintbush,Plants,Endangered,South Australia,-35.97157537,139.9875087,Unknown,918_2_1523_269720_p_65546
Monarto Mintbush,Plants,Endangered,South Australia,-35.97157537,139.9875087,Unknown,918_2_1523_269721_p_65546
Monarto Mintbush,Plants,Endangered,South Australia,-35.97157537,139.9875087,Unknown,918_2_1523_269722_p_65546
Monarto Mintbush,Plants,Endangered,South Australia,-35.97157537,139.9875087,Unknown,918_2_1523_269723_p_65546
Monarto Mintbush,Plants,Endangered,South Australia,-35.97157537,139.9875087,Unknown,918_2_1523_269724_p_65546
Monarto Mintbush,Plants,Endangered,South Australia,-35.97157537,139.9875087,Unknown,918_2_1523_269725_p_65546
Monarto Mintbush,Plants,Endangered,South Australia,-35.97157537,139.9875087,Unknown,918_2_1523_269726_p_65546
Monarto Mintbush,Plants,Endangered,South Australia,-35.97157537,139.9875087,No management,918_2_1526_269728_p_65546
Monarto Mintbush,Plants,Endangered,South Australia,-35.97157537,139.9875087,No management,918_2_1526_269734_p_65546
Wellington Mintbush,Plants,Vulnerable,Victoria,-38.38643205,146.2603928,Unknown,958_2_1144_373190_p_65549
Wellington Mintbush,Plants,Vulnerable,Victoria,-38.38643205,146.2603928,Unknown,958_2_1897_372719_p_65549
Wellington Mintbush,Plants,Vulnerable,Victoria,-38.38643205,146.2603928,Unknown,958_2_1897_372842_p_65549
Somersby Mintbush,Plants,Endangered,New South Wales,-33.68682216,151.3158186,Unknown,994_247_1956_276383_p_65567
Somersby Mintbush,Plants,Endangered,New South Wales,-33.68682216,151.3158186,Unknown,994_247_1956_276384_p_65567
Somersby Mintbush,Plants,Endangered,New South Wales,-33.68682216,151.3158186,Unknown,994_247_1956_276385_p_65567
Somersby Mintbush,Plants,Endangered,New South Wales,-33.68682216,151.3158186,Unknown,994_247_1956_276386_p_65567
Somersby Mintbush,Plants,Endangered,New South Wales,-33.68682216,151.3158186,Unknown,994_247_1956_276387_p_65567
Somersby Mintbush,Plants,Endangered,New South Wales,-33.68682216,151.3158186,Unknown,994_247_1956_276388_p_65567
Somersby Mintbush,Plants,Endangered,New South Wales,-33.68682216,151.3158186,Unknown,994_247_1956_276391_p_65567
Somersby Mintbush,Plants,Endangered,New South Wales,-33.68682216,151.3158186,Unknown,994_247_1956_276392_p_65567
Somersby Mintbush,Plants,Endangered,New South Wales,-33.68682216,151.3158186,Unknown,994_247_1956_276393_p_65567
Somersby Mintbush,Plants,Endangered,New South Wales,-33.68682216,151.3158186,Unknown,994_247_1956_276394_p_65567
Somersby Mintbush,Plants,Endangered,New South Wales,-33.68682216,151.3158186,Unknown,994_247_1956_276395_p_65567
Somersby Mintbush,Plants,Endangered,New South Wales,-33.68682216,151.3158186,Unknown,994_247_1956_276396_p_65567
Somersby Mintbush,Plants,Endangered,New South Wales,-33.68682216,151.3158186,Unknown,994_247_1956_276397_p_65567
Somersby Mintbush,Plants,Endangered,New South Wales,-33.68682216,151.3158186,Unknown,994_247_1956_276398_p_65567
Somersby Mintbush,Plants,Endangered,New South Wales,-33.68682216,151.3158186,Unknown,994_247_1956_276399_p_65567
Somersby Mintbush,Plants,Endangered,New South Wales,-33.68682216,151.3158186,Unknown,994_247_1956_276400_p_65567
Somersby Mintbush,Plants,Endangered,New South Wales,-33.68682216,151.3158186,Unknown,994_247_1956_276401_p_65567
Somersby Mintbush,Plants,Endangered,New South Wales,-33.68682216,151.3158186,Unknown,994_247_1956_276402_p_65567
Somersby Mintbush,Plants,Endangered,New South Wales,-33.68682216,151.3158186,Unknown,994_247_1956_276403_p_65567
Somersby Mintbush,Plants,Endangered,New South Wales,-33.68682216,151.3158186,Unknown,994_247_1956_276404_p_65567
Somersby Mintbush,Plants,Endangered,New South Wales,-33.68682216,151.3158186,Unknown,994_247_1956_276405_p_65567
Somersby Mintbush,Plants,Endangered,New South Wales,-33.68682216,151.3158186,Unknown,994_247_1956_276406_p_65567
Somersby Mintbush,Plants,Endangered,New South Wales,-33.68682216,151.3158186,Unknown,994_247_1956_276407_p_65567
Somersby Mintbush,Plants,Endangered,New South Wales,-33.68682216,151.3158186,Unknown,994_247_1956_276408_p_65567
Somersby Mintbush,Plants,Endangered,New South Wales,-33.68682216,151.3158186,Unknown,994_247_1956_276409_p_65567
Somersby Mintbush,Plants,Endangered,New South Wales,-33.68682216,151.3158186,Unknown,994_247_1956_276410_p_65567
Somersby Mintbush,Plants,Endangered,New South Wales,-33.68682216,151.3158186,Unknown,994_247_1956_276411_p_65567
Somersby Mintbush,Plants,Endangered,New South Wales,-33.68682216,151.3158186,Unknown,994_247_1956_276412_p_65567
Somersby Mintbush,Plants,Endangered,New South Wales,-33.68682216,151.3158186,Unknown,994_247_1956_276413_p_65567
Somersby Mintbush,Plants,Endangered,New South Wales,-33.68682216,151.3158186,Unknown,994_247_1956_276414_p_65567
Somersby Mintbush,Plants,Endangered,New South Wales,-33.68682216,151.3158186,Unknown,994_247_1956_276415_p_65567
Somersby Mintbush,Plants,Endangered,New South Wales,-33.68682216,151.3158186,Unknown,994_247_1956_276416_p_65567
Somersby Mintbush,Plants,Endangered,New South Wales,-33.68682216,151.3158186,Unknown,994_247_1956_276417_p_65567
Somersby Mintbush,Plants,Endangered,New South Wales,-33.68682216,151.3158186,Unknown,994_247_1956_276418_p_65567
Swamp Mint-bush,Plants,Critically Endangered,New South Wales,-29.24588835,153.2593919,No management,1002_2_2021_269181_p_65607
Swamp Mint-bush,Plants,Critically Endangered,New South Wales,-29.24588835,153.2593919,No management,1002_2_2021_269182_p_65607
Swamp Mint-bush,Plants,Critically Endangered,New South Wales,-29.24588835,153.2593919,No management,1002_2_2021_269183_p_65607
Swamp Mint-bush,Plants,Critically Endangered,New South Wales,-29.24588835,153.2593919,No management,1002_2_2021_269184_p_65607
Swamp Mint-bush,Plants,Critically Endangered,New South Wales,-29.24588835,153.2593919,No management,1002_2_2021_269185_p_65607
Swamp Mint-bush,Plants,Critically Endangered,New South Wales,-29.24588835,153.2593919,No management,1002_2_2021_269186_p_65607
Swamp Mint-bush,Plants,Critically Endangered,New South Wales,-29.24588835,153.2593919,No management,1002_2_2021_269187_p_65607
Sandhill Greenhood Orchid,Plants,Vulnerable,South Australia,-35.77465865,139.2177927,No management,881_2_1317_250551_p_66311
Sandhill Greenhood Orchid,Plants,Vulnerable,South Australia,-33.91392283,137.9381525,No management,1251_348_1670_611813_p_66311
Sandhill Greenhood Orchid,Plants,Vulnerable,South Australia,-33.91392283,137.9381525,No management,1251_348_1670_611814_p_66311
Sandhill Greenhood Orchid,Plants,Vulnerable,South Australia,-33.91392283,137.9381525,No management,1251_348_1670_611819_p_66311
Sandhill Greenhood Orchid,Plants,Vulnerable,South Australia,-33.91392283,137.9381525,No management,1251_348_1670_611820_p_66311
Sandhill Greenhood Orchid,Plants,Vulnerable,South Australia,-33.91392283,137.9381525,No management,1251_348_1670_611821_p_66311
Sandhill Greenhood Orchid,Plants,Vulnerable,South Australia,-33.91392283,137.9381525,No management,1251_348_1670_611822_p_66311
Sandhill Greenhood Orchid,Plants,Vulnerable,South Australia,-33.91392283,137.9381525,No management,1251_348_1670_611823_p_66311
Sandhill Greenhood Orchid,Plants,Vulnerable,South Australia,-33.91392283,137.9381525,No management,1251_348_1670_611824_p_66311
Sandhill Greenhood Orchid,Plants,Vulnerable,South Australia,-33.91392283,137.9381525,No management,1251_348_1670_611825_p_66311
Basalt Greenhood,Plants,Endangered,Victoria,-37.84704817,143.2517563,Unknown,958_2_1897_373687_p_66313
Leafy Greenhood,Plants,Vulnerable,South Australia,-34.88766404,138.7623028,No management,882_2_1320_250553_p_66327
Leafy Greenhood,Plants,Vulnerable,South Australia,-34.88766404,138.7623028,No management,1251_348_1335_612013_p_66327
Leafy Greenhood,Plants,Vulnerable,South Australia,-34.88766404,138.7623028,No management,1251_348_1335_612014_p_66327
Leafy Greenhood,Plants,Vulnerable,South Australia,-34.88766404,138.7623028,No management,1251_348_1335_612015_p_66327
Leafy Greenhood,Plants,Vulnerable,South Australia,-34.88766404,138.7623028,No management,1251_348_1335_612016_p_66327
Leafy Greenhood,Plants,Vulnerable,South Australia,-34.88766404,138.7623028,No management,1251_348_1335_612017_p_66327
Leafy Greenhood,Plants,Vulnerable,South Australia,-34.88766404,138.7623028,No management,1251_348_1335_612019_p_66327
Leafy Greenhood,Plants,Vulnerable,South Australia,-34.88766404,138.7623028,No management,1251_348_1335_612020_p_66327
Leafy Greenhood,Plants,Vulnerable,South Australia,-34.88766404,138.7623028,No management,1251_348_1335_612021_p_66327
Leafy Greenhood,Plants,Vulnerable,South Australia,-34.88766404,138.7623028,No management,1251_348_1335_612035_p_66327
Leafy Greenhood,Plants,Vulnerable,South Australia,-34.88766404,138.7623028,No management,1251_348_1335_612036_p_66327
Leafy Greenhood,Plants,Vulnerable,South Australia,-34.88766404,138.7623028,No management,1251_348_1335_612038_p_66327
Leafy Greenhood,Plants,Vulnerable,South Australia,-34.88766404,138.7623028,No management,1251_348_1335_612039_p_66327
Leafy Greenhood,Plants,Vulnerable,South Australia,-34.88766404,138.7623028,No management,1251_348_1335_612044_p_66327
Leafy Greenhood,Plants,Vulnerable,South Australia,-34.88766404,138.7623028,No management,1251_348_1335_612045_p_66327
Leafy Greenhood,Plants,Vulnerable,South Australia,-34.88766404,138.7623028,No management,1251_348_1335_612046_p_66327
Leafy Greenhood,Plants,Vulnerable,South Australia,-34.88766404,138.7623028,No management,1251_348_1335_612047_p_66327
Leafy Greenhood,Plants,Vulnerable,South Australia,-34.88766404,138.7623028,No management,1251_348_1670_611564_p_66327
Leafy Greenhood,Plants,Vulnerable,South Australia,-34.88766404,138.7623028,No management,1251_348_1670_611993_p_66327
Leafy Greenhood,Plants,Vulnerable,South Australia,-34.88766404,138.7623028,No management,1251_348_1670_611994_p_66327
Leafy Greenhood,Plants,Vulnerable,South Australia,-34.88766404,138.7623028,No management,1251_348_1670_611995_p_66327
Leafy Greenhood,Plants,Vulnerable,South Australia,-34.88766404,138.7623028,No management,1251_348_1670_611996_p_66327
Leafy Greenhood,Plants,Vulnerable,South Australia,-34.88766404,138.7623028,No management,1251_348_1670_611997_p_66327
Leafy Greenhood,Plants,Vulnerable,South Australia,-34.88766404,138.7623028,No management,1251_348_1670_611998_p_66327
Leafy Greenhood,Plants,Vulnerable,South Australia,-34.88766404,138.7623028,No management,1251_348_1670_611999_p_66327
Leafy Greenhood,Plants,Vulnerable,South Australia,-34.88766404,138.7623028,No management,1251_348_1670_612002_p_66327
Leafy Greenhood,Plants,Vulnerable,South Australia,-34.88766404,138.7623028,No management,1251_348_1670_612003_p_66327
Leafy Greenhood,Plants,Vulnerable,South Australia,-34.88766404,138.7623028,No management,1251_348_1670_612004_p_66327
Leafy Greenhood,Plants,Vulnerable,South Australia,-34.88766404,138.7623028,No management,1251_348_1670_612006_p_66327
Leafy Greenhood,Plants,Vulnerable,South Australia,-34.88766404,138.7623028,No management,1251_348_1670_612007_p_66327
Leafy Greenhood,Plants,Vulnerable,South Australia,-34.88766404,138.7623028,No management,1251_348_1670_612008_p_66327
Leafy Greenhood,Plants,Vulnerable,South Australia,-34.88766404,138.7623028,No management,1251_348_1670_612010_p_66327
Leafy Greenhood,Plants,Vulnerable,South Australia,-34.88766404,138.7623028,No management,1251_348_1670_612022_p_66327
Leafy Greenhood,Plants,Vulnerable,South Australia,-34.88766404,138.7623028,No management,1251_348_1670_612023_p_66327
Leafy Greenhood,Plants,Vulnerable,South Australia,-34.88766404,138.7623028,No management,1251_348_1670_612024_p_66327
Leafy Greenhood,Plants,Vulnerable,South Australia,-34.88766404,138.7623028,No management,1251_348_1670_612025_p_66327
Leafy Greenhood,Plants,Vulnerable,South Australia,-34.88766404,138.7623028,No management,1251_348_1670_612026_p_66327
Leafy Greenhood,Plants,Vulnerable,South Australia,-34.88766404,138.7623028,No management,1251_348_1670_612027_p_66327
Leafy Greenhood,Plants,Vulnerable,South Australia,-34.88766404,138.7623028,No management,1251_348_1670_612028_p_66327
Leafy Greenhood,Plants,Vulnerable,South Australia,-34.88766404,138.7623028,No management,1251_348_1670_612029_p_66327
Leafy Greenhood,Plants,Vulnerable,South Australia,-34.88766404,138.7623028,No management,1251_348_1670_612030_p_66327
Leafy Greenhood,Plants,Vulnerable,South Australia,-34.88766404,138.7623028,No management,1251_348_1670_612031_p_66327
Leafy Greenhood,Plants,Vulnerable,South Australia,-34.88766404,138.7623028,No management,1251_348_1670_612032_p_66327
Leafy Greenhood,Plants,Vulnerable,South Australia,-34.88766404,138.7623028,No management,1251_348_1670_612033_p_66327
Leafy Greenhood,Plants,Vulnerable,South Australia,-34.88766404,138.7623028,No management,1251_348_1670_612037_p_66327
Leafy Greenhood,Plants,Vulnerable,South Australia,-34.88766404,138.7623028,No management,1251_348_1670_612041_p_66327
Leafy Greenhood,Plants,Vulnerable,South Australia,-34.88766404,138.7623028,No management,1251_348_1670_612042_p_66327
Leafy Greenhood,Plants,Vulnerable,South Australia,-34.88766404,138.7623028,No management,1251_348_1670_612049_p_66327
Leafy Greenhood,Plants,Vulnerable,South Australia,-34.88766404,138.7623028,No management,1251_348_2199_612005_p_66327
Lowly Greenhood,Plants,Endangered,South Australia,-32.62683095,139.5561686,Unknown,911_201_1491_252265_p_66331
Lowly Greenhood,Plants,Endangered,South Australia,-32.62683095,139.5561686,Unknown,911_201_1491_252269_p_66331
Lowly Greenhood,Plants,Endangered,South Australia,-33.59852723,138.730096,Unknown,911_201_1491_252271_p_66331
Lowly Greenhood,Plants,Endangered,South Australia,-32.62683095,139.5561686,Unknown,911_201_1491_252274_p_66331
Lowly Greenhood,Plants,Endangered,South Australia,-32.62683095,139.5561686,Unknown,911_201_1491_252277_p_66331
Lowly Greenhood,Plants,Endangered,South Australia,-32.62683095,139.5561686,Unknown,911_2_1493_252264_p_66331
Lowly Greenhood,Plants,Endangered,South Australia,-32.62683095,139.5561686,Unknown,911_2_1493_252266_p_66331
Lowly Greenhood,Plants,Endangered,South Australia,-32.62683095,139.5561686,Unknown,911_2_1493_252268_p_66331
Lowly Greenhood,Plants,Endangered,South Australia,-33.59852723,138.730096,Unknown,911_2_1493_252270_p_66331
Lowly Greenhood,Plants,Endangered,South Australia,-32.62683095,139.5561686,Unknown,911_2_1493_252272_p_66331
Lowly Greenhood,Plants,Endangered,South Australia,-32.62683095,139.5561686,Unknown,911_2_1493_252276_p_66331
Lowly Greenhood,Plants,Endangered,South Australia,-32.62683095,139.5561686,Unknown,911_2_1493_252278_p_66331
Lowly Greenhood,Plants,Endangered,South Australia,-32.62683095,139.5561686,Unknown,911_202_1495_252273_p_66331
"Illawarra Greenhood, Rufa Greenhood, Pouched Greenhood",Plants,Endangered,New South Wales,-34.66180604,150.8782982,Unknown,1471_474_2651_952841_p_66338
"Illawarra Greenhood, Rufa Greenhood, Pouched Greenhood",Plants,Endangered,New South Wales,-35.26523623,150.6600222,Unknown,1471_474_2651_952842_p_66338
"Illawarra Greenhood, Rufa Greenhood, Pouched Greenhood",Plants,Endangered,New South Wales,-32.52013869,151.1890475,Unknown,1471_474_2651_952843_p_66338
"Illawarra Greenhood, Rufa Greenhood, Pouched Greenhood",Plants,Endangered,New South Wales,-34.66180604,150.8782982,Unknown,1471_474_2651_952844_p_66338
,Plants,Critically Endangered,New South Wales,-33.14247789,149.9850264,Unknown,899_566_2733_952836_p_67132
"Scrub Turpentine, Brown Malletwood",Plants,Critically Endangered,Queensland,-27.1534329,152.8243086,Unknown,1045_2_398_269752_p_69275
"Scrub Turpentine, Brown Malletwood",Plants,Critically Endangered,Queensland,-27.1534329,152.8243086,Unknown,1045_2_398_269753_p_69275
"Scrub Turpentine, Brown Malletwood",Plants,Critically Endangered,Queensland,-27.1534329,152.8243086,Unknown,1045_2_398_269754_p_69275
"Scrub Turpentine, Brown Malletwood",Plants,Critically Endangered,Queensland,-27.1534329,152.8243086,Unknown,1045_2_398_269755_p_69275
"Scrub Turpentine, Brown Malletwood",Plants,Critically Endangered,Queensland,-27.1534329,152.8243086,Unknown,1045_2_398_269756_p_69275
"Scrub Turpentine, Brown Malletwood",Plants,Critically Endangered,Queensland,-27.1534329,152.8243086,Unknown,1045_2_398_269757_p_69275
"Scrub Turpentine, Brown Malletwood",Plants,Critically Endangered,Queensland,-27.1534329,152.8243086,Unknown,1045_2_398_269758_p_69275
"Scrub Turpentine, Brown Malletwood",Plants,Critically Endangered,Queensland,-27.1534329,152.8243086,Unknown,1045_2_398_269759_p_69275
Button Wrinklewort,Plants,Endangered,Victoria,-37.84704817,143.2517563,Actively managed,1056_2_1345_374001_p_70390
"Stiff Groundsel, Behr's Groundsel",Plants,Endangered,Victoria,-36.31880487,144.9278026,Unknown,958_2_1897_372751_p_72472
"Stiff Groundsel, Behr's Groundsel",Plants,Endangered,Victoria,-35.83762242,144.789927,Unknown,958_2_1897_372941_p_72472
"Stiff Groundsel, Behr's Groundsel",Plants,Endangered,Victoria,-36.31880487,144.9278026,Unknown,958_2_1897_373063_p_72472
"Stiff Groundsel, Behr's Groundsel",Plants,Endangered,Victoria,-36.31880487,144.9278026,Unknown,958_2_1897_373595_p_72472
"Large-fruit Fireweed, Large-fruit Groundsel",Plants,Vulnerable,South Australia,-35.97157537,139.9875087,Actively managed,871_2_1288_250492_p_72607
"Large-fruit Fireweed, Large-fruit Groundsel",Plants,Vulnerable,South Australia,-35.97157537,139.9875087,Actively managed,871_2_1288_250493_p_72607
"Large-fruit Fireweed, Large-fruit Groundsel",Plants,Vulnerable,South Australia,-35.97157537,139.9875087,Actively managed,871_2_1288_250494_p_72607
"Large-fruit Fireweed, Large-fruit Groundsel",Plants,Vulnerable,South Australia,-35.97157537,139.9875087,Actively managed,871_2_1288_250495_p_72607
"Large-fruit Fireweed, Large-fruit Groundsel",Plants,Vulnerable,South Australia,-35.97157537,139.9875087,Actively managed,871_2_1288_250496_p_72607
"Large-fruit Fireweed, Large-fruit Groundsel",Plants,Vulnerable,South Australia,-35.97157537,139.9875087,Actively managed,871_2_1288_250497_p_72607
"Large-fruit Fireweed, Large-fruit Groundsel",Plants,Vulnerable,Victoria,-36.85791566,143.9087018,Unknown,958_2_1897_372920_p_72607
"Large-fruit Fireweed, Large-fruit Groundsel",Plants,Vulnerable,Victoria,-37.84704817,143.2517563,Unknown,958_2_1897_373001_p_72607
"Large-fruit Fireweed, Large-fruit Groundsel",Plants,Vulnerable,Victoria,-37.84704817,143.2517563,Unknown,958_2_1897_373179_p_72607
"Large-fruit Fireweed, Large-fruit Groundsel",Plants,Vulnerable,Victoria,-37.84704817,143.2517563,Unknown,958_2_1897_373679_p_72607
"Large-fruit Fireweed, Large-fruit Groundsel",Plants,Vulnerable,Victoria,-37.84704817,143.2517563,Unknown,958_2_1897_373730_p_72607
"Large-fruit Fireweed, Large-fruit Groundsel",Plants,Vulnerable,Victoria,-37.84704817,143.2517563,Unknown,958_2_1897_373766_p_72607
"Large-fruit Fireweed, Large-fruit Groundsel",Plants,Vulnerable,Victoria,-37.84704817,143.2517563,Unknown,958_2_1897_373772_p_72607
"Large-fruit Fireweed, Large-fruit Groundsel",Plants,Vulnerable,Victoria,-37.84704817,143.2517563,Unknown,958_2_1897_373861_p_72607
"Large-fruit Fireweed, Large-fruit Groundsel",Plants,Vulnerable,Victoria,-37.84704817,143.2517563,Actively managed,1056_2_1345_374002_p_72607
Superb Groundsel,Plants,Vulnerable,South Australia,-32.48331644,138.2653766,Actively managed,872_3_1286_250502_p_72612
Superb Groundsel,Plants,Vulnerable,South Australia,-32.48331644,138.2653766,Actively managed,872_3_1286_250503_p_72612
Superb Groundsel,Plants,Vulnerable,South Australia,-32.48331644,138.2653766,No management,872_3_1286_250504_p_72612
Superb Groundsel,Plants,Vulnerable,South Australia,-32.48331644,138.2653766,Actively managed,872_3_1286_250505_p_72612
Grampians Globe-pea,Plants,Critically Endangered,Victoria,-37.25678172,142.3822528,Actively managed,934_2_1670_255801_p_74788
Grampians Globe-pea,Plants,Critically Endangered,Victoria,-37.25678172,142.3822528,Actively managed,934_2_1670_255802_p_74788
Spiral-fruited Wattle,Plants,Endangered,Western Australia,-29.90694164,115.3829825,Actively managed,900_2_1631_955264_p_749
Spiral-fruited Wattle,Plants,Endangered,Western Australia,-29.90694164,115.3829825,Actively managed,900_2_1631_955265_p_749
Spiral-fruited Wattle,Plants,Endangered,Western Australia,-29.90694164,115.3829825,Actively managed,900_2_1631_955266_p_749
Spiral-fruited Wattle,Plants,Endangered,Western Australia,-29.90694164,115.3829825,No management,900_2_1631_955267_p_749
Forked Spyridium,Plants,Endangered,Victoria,-36.5434572,142.1688746,Unknown,935_2_1670_255792_p_75106
Forked Spyridium,Plants,Endangered,Victoria,-36.5434572,142.1688746,Unknown,935_2_1670_255793_p_75106
Forked Spyridium,Plants,Endangered,Victoria,-35.60727899,141.5734114,Unknown,935_2_1670_255794_p_75106
Forked Spyridium,Plants,Endangered,Victoria,-35.60727899,141.5734114,Unknown,935_2_1670_255795_p_75106
Forked Spyridium,Plants,Endangered,Victoria,-35.60727899,141.5734114,Unknown,935_2_1670_255796_p_75106
"Slender Darling-pea, Slender Swainson, Murray Swainson-pea",Plants,Vulnerable,Victoria,-36.31880487,144.9278026,Unknown,958_2_1897_372700_p_77242
"Slender Darling-pea, Slender Swainson, Murray Swainson-pea",Plants,Vulnerable,Victoria,-36.31880487,144.9278026,Unknown,958_2_1897_372745_p_77242
"Slender Darling-pea, Slender Swainson, Murray Swainson-pea",Plants,Vulnerable,Victoria,-35.83762242,144.789927,Unknown,958_2_1897_372803_p_77242
"Slender Darling-pea, Slender Swainson, Murray Swainson-pea",Plants,Vulnerable,Victoria,-35.18624638,142.3331151,Unknown,958_2_1897_372850_p_77242
"Slender Darling-pea, Slender Swainson, Murray Swainson-pea",Plants,Vulnerable,Victoria,-36.31880487,144.9278026,Unknown,958_2_1897_372873_p_77242
"Slender Darling-pea, Slender Swainson, Murray Swainson-pea",Plants,Vulnerable,Victoria,-36.5434572,142.1688746,Unknown,958_2_1897_373030_p_77242
"Slender Darling-pea, Slender Swainson, Murray Swainson-pea",Plants,Vulnerable,Victoria,-36.31880487,144.9278026,Unknown,958_2_1897_373080_p_77242
"Slender Darling-pea, Slender Swainson, Murray Swainson-pea",Plants,Vulnerable,Victoria,-36.31880487,144.9278026,Unknown,958_2_1897_373234_p_77242
"Slender Darling-pea, Slender Swainson, Murray Swainson-pea",Plants,Vulnerable,Victoria,-36.31880487,144.9278026,Unknown,958_2_1897_373319_p_77242
"Slender Darling-pea, Slender Swainson, Murray Swainson-pea",Plants,Vulnerable,Victoria,-36.5434572,142.1688746,Unknown,958_2_1897_373324_p_77242
"Slender Darling-pea, Slender Swainson, Murray Swainson-pea",Plants,Vulnerable,Victoria,-36.31880487,144.9278026,Unknown,958_2_1897_373470_p_77242
"Slender Darling-pea, Slender Swainson, Murray Swainson-pea",Plants,Vulnerable,Victoria,-35.83762242,144.789927,Unknown,958_2_1897_373479_p_77242
"Slender Darling-pea, Slender Swainson, Murray Swainson-pea",Plants,Vulnerable,Victoria,-36.31880487,144.9278026,Unknown,958_2_1897_373523_p_77242
"Slender Darling-pea, Slender Swainson, Murray Swainson-pea",Plants,Vulnerable,Victoria,-36.31880487,144.9278026,Unknown,958_2_1897_373628_p_77242
"Slender Darling-pea, Slender Swainson, Murray Swainson-pea",Plants,Vulnerable,Victoria,-36.31880487,144.9278026,Unknown,958_2_1897_373835_p_77242
"Red Darling-pea, Red Swainson-pea",Plants,Vulnerable,Victoria,-36.26694844,146.8284097,Unknown,958_2_1897_372736_p_77280
"Red Darling-pea, Red Swainson-pea",Plants,Vulnerable,Victoria,-36.31880487,144.9278026,Unknown,958_2_1897_372746_p_77280
"Red Darling-pea, Red Swainson-pea",Plants,Vulnerable,Victoria,-36.26694844,146.8284097,Unknown,958_2_1897_372906_p_77280
"Red Darling-pea, Red Swainson-pea",Plants,Vulnerable,Victoria,-36.31880487,144.9278026,Unknown,958_2_1897_372944_p_77280
"Red Darling-pea, Red Swainson-pea",Plants,Vulnerable,Victoria,-36.31880487,144.9278026,Unknown,958_2_1897_372968_p_77280
"Red Darling-pea, Red Swainson-pea",Plants,Vulnerable,Victoria,-36.31880487,144.9278026,Unknown,958_2_1897_373054_p_77280
"Red Darling-pea, Red Swainson-pea",Plants,Vulnerable,Victoria,-36.31880487,144.9278026,Unknown,958_2_1897_373076_p_77280
"Red Darling-pea, Red Swainson-pea",Plants,Vulnerable,Victoria,-36.31880487,144.9278026,Unknown,958_2_1897_373082_p_77280
"Red Darling-pea, Red Swainson-pea",Plants,Vulnerable,Victoria,-36.31880487,144.9278026,Unknown,958_2_1897_373140_p_77280
"Red Darling-pea, Red Swainson-pea",Plants,Vulnerable,Victoria,-36.31880487,144.9278026,Unknown,958_2_1897_373175_p_77280
"Red Darling-pea, Red Swainson-pea",Plants,Vulnerable,Victoria,-36.31880487,144.9278026,Unknown,958_2_1897_373215_p_77280
"Red Darling-pea, Red Swainson-pea",Plants,Vulnerable,Victoria,-36.31880487,144.9278026,Unknown,958_2_1897_373225_p_77280
"Red Darling-pea, Red Swainson-pea",Plants,Vulnerable,Victoria,-36.31880487,144.9278026,Unknown,958_2_1897_373232_p_77280
"Red Darling-pea, Red Swainson-pea",Plants,Vulnerable,Victoria,-36.31880487,144.9278026,Unknown,958_2_1897_373233_p_77280
"Red Darling-pea, Red Swainson-pea",Plants,Vulnerable,Victoria,-36.31880487,144.9278026,Unknown,958_2_1897_373396_p_77280
"Red Darling-pea, Red Swainson-pea",Plants,Vulnerable,Victoria,-36.31880487,144.9278026,Unknown,958_2_1897_373445_p_77280
"Red Darling-pea, Red Swainson-pea",Plants,Vulnerable,Victoria,-36.31880487,144.9278026,Unknown,958_2_1897_373484_p_77280
"Red Darling-pea, Red Swainson-pea",Plants,Vulnerable,Victoria,-36.31880487,144.9278026,Unknown,958_2_1897_373515_p_77280
"Red Darling-pea, Red Swainson-pea",Plants,Vulnerable,Victoria,-36.31880487,144.9278026,Unknown,958_2_1897_373521_p_77280
"Red Darling-pea, Red Swainson-pea",Plants,Vulnerable,Victoria,-36.31880487,144.9278026,Unknown,958_2_1897_373524_p_77280
"Red Darling-pea, Red Swainson-pea",Plants,Vulnerable,Victoria,-36.31880487,144.9278026,Unknown,958_2_1897_373528_p_77280
"Red Darling-pea, Red Swainson-pea",Plants,Vulnerable,Victoria,-36.31880487,144.9278026,Unknown,958_2_1897_373539_p_77280
"Red Darling-pea, Red Swainson-pea",Plants,Vulnerable,Victoria,-36.31880487,144.9278026,Unknown,958_2_1897_373653_p_77280
"Red Darling-pea, Red Swainson-pea",Plants,Vulnerable,Victoria,-36.31880487,144.9278026,Unknown,958_2_1897_373737_p_77280
"Red Darling-pea, Red Swainson-pea",Plants,Vulnerable,Victoria,-36.31880487,144.9278026,Unknown,958_2_1897_373764_p_77280
"Red Darling-pea, Red Swainson-pea",Plants,Vulnerable,Victoria,-36.31880487,144.9278026,Unknown,958_2_1897_373765_p_77280
"Red Darling-pea, Red Swainson-pea",Plants,Vulnerable,Victoria,-36.31880487,144.9278026,Unknown,958_2_1897_373767_p_77280
"Small Purple-pea, Mountain Swainson-pea, Small Purple Pea",Plants,Endangered,Australian Capital Territory,-35.43401712,149.060159,Unknown,885_2_1327_269287_p_77289
"Small Purple-pea, Mountain Swainson-pea, Small Purple Pea",Plants,Endangered,Australian Capital Territory,-35.43401712,149.060159,Actively managed,885_2_1327_269288_p_77289
"Small Purple-pea, Mountain Swainson-pea, Small Purple Pea",Plants,Endangered,Australian Capital Territory,-35.43401712,149.060159,Actively managed,885_2_1327_269289_p_77289
Metallic Sun-orchid,Plants,Endangered,South Australia,-35.97157537,139.9875087,Unknown,916_2_1535_369467_p_78808
Metallic Sun-orchid,Plants,Endangered,South Australia,-35.77465865,139.2177927,Unknown,916_2_1535_369468_p_78808
Metallic Sun-orchid,Plants,Endangered,South Australia,-35.97157537,139.9875087,Unknown,916_2_1535_369469_p_78808
Metallic Sun-orchid,Plants,Endangered,South Australia,-35.97157537,139.9875087,Unknown,916_2_1535_369470_p_78808
Metallic Sun-orchid,Plants,Endangered,South Australia,-34.75516376,139.9321759,Unknown,916_2_1535_369471_p_78808
Metallic Sun-orchid,Plants,Endangered,South Australia,-35.97157537,139.9875087,Unknown,916_2_1535_369472_p_78808
Metallic Sun-orchid,Plants,Endangered,South Australia,-35.77465865,139.2177927,Unknown,916_2_1535_369473_p_78808
Metallic Sun-orchid,Plants,Endangered,South Australia,-35.77465865,139.2177927,Unknown,916_2_1535_369474_p_78808
Metallic Sun-orchid,Plants,Endangered,South Australia,-35.77465865,139.2177927,Unknown,916_2_1535_369475_p_78808
Metallic Sun-orchid,Plants,Endangered,South Australia,-35.77465865,139.2177927,Unknown,916_2_1535_369476_p_78808
Metallic Sun-orchid,Plants,Endangered,South Australia,-35.97157537,139.9875087,Unknown,916_2_1535_369477_p_78808
Metallic Sun-orchid,Plants,Endangered,South Australia,-34.75516376,139.9321759,Unknown,916_2_1535_369478_p_78808
Metallic Sun-orchid,Plants,Endangered,South Australia,-35.77465865,139.2177927,Unknown,916_2_1535_369479_p_78808
Metallic Sun-orchid,Plants,Endangered,South Australia,-35.97157537,139.9875087,Unknown,916_2_1535_369480_p_78808
Metallic Sun-orchid,Plants,Endangered,South Australia,-34.75516376,139.9321759,Unknown,916_2_1535_369481_p_78808
Metallic Sun-orchid,Plants,Endangered,South Australia,-35.77465865,139.2177927,Unknown,916_2_1535_369482_p_78808
"Austral Toadflax, Toadflax",Plants,Vulnerable,Victoria,-36.84486422,148.0156427,Unknown,958_2_1897_372703_p_78900
"Austral Toadflax, Toadflax",Plants,Vulnerable,Victoria,-36.84486422,148.0156427,Unknown,958_2_1897_372756_p_78900
"Austral Toadflax, Toadflax",Plants,Vulnerable,Victoria,-37.11906715,148.6075466,Unknown,958_2_1897_372758_p_78900
"Austral Toadflax, Toadflax",Plants,Vulnerable,Victoria,-36.84486422,148.0156427,Unknown,958_2_1897_372780_p_78900
"Austral Toadflax, Toadflax",Plants,Vulnerable,Victoria,-36.84486422,148.0156427,Unknown,958_2_1897_372967_p_78900
"Austral Toadflax, Toadflax",Plants,Vulnerable,Victoria,-37.34715227,148.3701071,Unknown,958_2_1897_373748_p_78900
Hill Thomasia,Plants,Vulnerable,Western Australia,-32.41332852,117.1792762,Unknown,961_3_1852_269075_p_78974
"Little Pine Verticordia, Pine-like Featherflower",Plants,Endangered,Western Australia,-34.23074081,119.1504387,Unknown,900_2_1633_955300_p_82210
Wollemi Pine,Plants,Critically Endangered,New South Wales,-33.16202614,150.3893724,No management,908_2_1498_406839_p_83230
"Swamp Everlasting, Swamp Paper Daisy",Plants,Vulnerable,Victoria,-38.38643205,146.2603928,Unknown,958_2_1897_372693_p_83539
"Swamp Everlasting, Swamp Paper Daisy",Plants,Vulnerable,Victoria,-37.84704817,143.2517563,Unknown,958_2_1897_372961_p_83539
"Swamp Everlasting, Swamp Paper Daisy",Plants,Vulnerable,Victoria,-38.38643205,146.2603928,Unknown,958_2_1897_373446_p_83539
"Swamp Everlasting, Swamp Paper Daisy",Plants,Vulnerable,Victoria,-38.38643205,146.2603928,Unknown,958_2_1897_373588_p_83539
,Plants,Vulnerable,New South Wales,-29.52739459,141.8754965,Actively managed,892_2_1343_257095_p_83638
,Plants,Vulnerable,New South Wales,-29.52739459,141.8754965,Actively managed,892_2_1343_257096_p_83638
,Plants,Vulnerable,New South Wales,-29.52739459,141.8754965,Actively managed,892_2_1343_257097_p_83638
,Plants,Vulnerable,New South Wales,-29.52739459,141.8754965,Actively managed,892_2_1343_257098_p_83638
,Plants,Vulnerable,New South Wales,-29.52739459,141.8754965,Actively managed,892_2_1343_257099_p_83638
,Plants,Vulnerable,New South Wales,-29.52739459,141.8754965,Actively managed,892_2_1343_257100_p_83638
,Plants,Vulnerable,New South Wales,-29.52739459,141.8754965,Actively managed,892_2_1343_257101_p_83638
,Plants,Vulnerable,New South Wales,-29.52739459,141.8754965,Actively managed,892_2_1343_257102_p_83638
,Plants,Vulnerable,New South Wales,-29.52739459,141.8754965,Actively managed,892_2_1343_257103_p_83638
,Plants,Vulnerable,New South Wales,-29.52739459,141.8754965,Actively managed,892_2_1343_257104_p_83638
Araluen Zieria,Plants,Critically Endangered,New South Wales,-36.53324171,149.7389788,Actively managed,903_2_1413_942971_p_83869
Box Range Zieria,Plants,Critically Endangered,New South Wales,-36.53324171,149.7389788,Actively managed,903_2_1414_942970_p_83893
Lemon-scented Zieria,Plants,Vulnerable,Victoria,-36.88372003,146.7575184,Unknown,958_2_1897_372904_p_83900
Lemon-scented Zieria,Plants,Vulnerable,New South Wales,-36.13965496,149.1056612,Unknown,1440_212_2785_955685_p_83900
Lemon-scented Zieria,Plants,Vulnerable,New South Wales,-36.09970812,149.4777846,Unknown,1440_212_2785_955687_p_83900
Shapely Zieria,Plants,Endangered,New South Wales,-36.53324171,149.7389788,No management,903_2_1414_942968_p_83923
Willi Willi Zieria,Plants,Endangered,New South Wales,-31.1082037,152.3703361,No management,1053_299_2056_383658_p_83970
Willi Willi Zieria,Plants,Endangered,New South Wales,-31.1082037,152.3703361,No management,1053_299_2056_383659_p_83970
Willi Willi Zieria,Plants,Endangered,New South Wales,-31.1082037,152.3703361,No management,1053_299_2056_383660_p_83970
Willi Willi Zieria,Plants,Endangered,New South Wales,-31.1082037,152.3703361,No management,1053_299_2056_383661_p_83970
Willi Willi Zieria,Plants,Endangered,New South Wales,-31.1082037,152.3703361,No management,1053_299_2056_383662_p_83970
Willi Willi Zieria,Plants,Endangered,New South Wales,-31.1082037,152.3703361,No management,1053_299_2056_383663_p_83970
Willi Willi Zieria,Plants,Endangered,New South Wales,-31.1082037,152.3703361,No management,1053_299_2056_383664_p_83970
Willi Willi Zieria,Plants,Endangered,New South Wales,-31.1082037,152.3703361,No management,1053_299_2056_383665_p_83970
Granite Zieria,Plants,Endangered,New South Wales,-33.52441155,149.7665915,Actively managed,893_2_1335_955176_p_83988
Granite Zieria,Plants,Endangered,New South Wales,-34.1382346,148.3763939,Actively managed,893_2_1335_955177_p_83988
Granite Zieria,Plants,Endangered,New South Wales,-33.52441155,149.7665915,Actively managed,893_2_1335_955178_p_83988
Granite Zieria,Plants,Endangered,New South Wales,-33.52441155,149.7665915,Actively managed,893_2_1335_955179_p_83988
Granite Zieria,Plants,Endangered,New South Wales,-33.52441155,149.7665915,Actively managed,893_2_1335_955180_p_83988
Granite Zieria,Plants,Endangered,New South Wales,-33.52441155,149.7665915,Actively managed,893_2_1335_955181_p_83988
Granite Zieria,Plants,Endangered,New South Wales,-33.52441155,149.7665915,Actively managed,893_2_1335_955182_p_83988
Granite Zieria,Plants,Endangered,New South Wales,-33.52441155,149.7665915,Actively managed,893_2_1335_955183_p_83988
Granite Zieria,Plants,Endangered,New South Wales,-34.1382346,148.3763939,Actively managed,893_2_1335_955184_p_83988
Granite Zieria,Plants,Endangered,New South Wales,-34.1382346,148.3763939,Actively managed,893_2_1335_955185_p_83988
Granite Zieria,Plants,Endangered,New South Wales,-34.1382346,148.3763939,Actively managed,893_2_1335_955186_p_83988
Thick-leaf Star-hair,Plants,Vulnerable,New South Wales,-34.22470711,151.0051801,Unknown,1025_237_1983_276651_p_8402
Thick-leaf Star-hair,Plants,Vulnerable,New South Wales,-33.68682216,151.3158186,Unknown,1025_237_1983_276652_p_8402
Warty Zieria,Plants,Vulnerable,New South Wales,-35.95503628,150.2451083,Unknown,1046_2_1345_269766_p_84104
Warty Zieria,Plants,Vulnerable,New South Wales,-36.53324171,149.7389788,Unknown,1046_2_2039_269767_p_84104
Warty Zieria,Plants,Vulnerable,New South Wales,-35.95503628,150.2451083,Unknown,1046_2_2040_269768_p_84104
"Pale Yellow Doubletail, Wingham Doubletail",Plants,Critically Endangered,New South Wales,-32.36602361,152.2972976,Unknown,993_237_1358_276343_p_84351
"Pale Yellow Doubletail, Wingham Doubletail",Plants,Critically Endangered,New South Wales,-32.36602361,152.2972976,Unknown,993_237_1358_276344_p_84351
"Pale Yellow Doubletail, Wingham Doubletail",Plants,Critically Endangered,New South Wales,-32.36602361,152.2972976,Unknown,993_237_1358_276345_p_84351
"Pale Yellow Doubletail, Wingham Doubletail",Plants,Critically Endangered,New South Wales,-32.36602361,152.2972976,Unknown,993_237_1358_276346_p_84351
Halbury Rustyhood,Plants,Critically Endangered,New South Wales,-35.26523623,150.6600222,Unknown,897_3_1348_257009_p_84377
Halbury Rustyhood,Plants,Critically Endangered,New South Wales,-34.98189202,150.298742,Unknown,897_3_1348_257010_p_84377
Halbury Rustyhood,Plants,Critically Endangered,New South Wales,-34.98189202,150.298742,Unknown,897_3_1348_257011_p_84377
Halbury Rustyhood,Plants,Critically Endangered,New South Wales,-35.26523623,150.6600222,Unknown,897_3_1348_257012_p_84377
Yornaning Wattle,Plants,Endangered,Western Australia,-32.41332852,117.1792762,Unknown,961_3_1637_269068_p_84390
Yornaning Wattle,Plants,Endangered,Western Australia,-32.41332852,117.1792762,Unknown,961_3_1637_269069_p_84390
,Plants,Endangered,New South Wales,-29.47466597,151.3906724,Actively managed,902_2_2024_445870_p_8442
,Plants,Endangered,New South Wales,-29.154441,151.2005595,Actively managed,902_2_2024_445871_p_8442
,Plants,Endangered,New South Wales,-29.154441,151.2005595,Actively managed,902_2_2024_445872_p_8442
,Plants,Endangered,New South Wales,-29.154441,151.2005595,Actively managed,902_2_2024_445873_p_8442
,Plants,Endangered,New South Wales,-29.47466597,151.3906724,No management,902_2_2438_445874_p_8442
"Yellow Gnat-orchid, Bauer's Midge Orchid, Brittle Midge Orchid",Plants,Endangered,New South Wales,-34.66180604,150.8782982,Unknown,895_3_1348_257004_p_84426
"Yellow Gnat-orchid, Bauer's Midge Orchid, Brittle Midge Orchid",Plants,Endangered,New South Wales,-33.68682216,151.3158186,Unknown,896_2_1345_249998_p_84426
"Yellow Gnat-orchid, Bauer's Midge Orchid, Brittle Midge Orchid",Plants,Endangered,New South Wales,-33.68682216,151.3158186,Unknown,896_2_1345_249999_p_84426
"Yellow Gnat-orchid, Bauer's Midge Orchid, Brittle Midge Orchid",Plants,Endangered,New South Wales,-33.68682216,151.3158186,Unknown,896_2_1345_250000_p_84426
"Yellow Gnat-orchid, Bauer's Midge Orchid, Brittle Midge Orchid",Plants,Endangered,New South Wales,-33.68682216,151.3158186,Unknown,896_2_1345_250001_p_84426
Halbury Greenhood,Plants,Endangered,South Australia,-33.91392283,137.9381525,Unknown,911_3_1489_252281_p_84448
Halbury Greenhood,Plants,Endangered,South Australia,-33.91392283,137.9381525,Unknown,911_201_1491_252280_p_84448
"Pingaring Spider-orchid, Granite Spider-orchid",Plants,Endangered,Western Australia,-33.05792494,119.0261199,No management,1047_2_2042_270117_p_84523
"Pingaring Spider-orchid, Granite Spider-orchid",Plants,Endangered,Western Australia,-33.05792494,119.0261199,No management,1047_2_2042_270118_p_84523
"Pretty Beard Orchid, Pretty Beard-orchid",Plants,Endangered,New South Wales,-34.98189202,150.298742,Unknown,966_2_1882_257211_p_84552
"Pretty Beard Orchid, Pretty Beard-orchid",Plants,Endangered,New South Wales,-35.26523623,150.6600222,Unknown,966_2_1882_257212_p_84552
Curly-bark Wattle,Plants,Vulnerable,New South Wales,-33.64860286,146.385139,Actively managed,889_2_1335_269556_p_850
Curly-bark Wattle,Plants,Vulnerable,New South Wales,-33.64860286,146.385139,Actively managed,889_2_1335_269557_p_850
Curly-bark Wattle,Plants,Vulnerable,New South Wales,-33.64860286,146.385139,No management,889_2_1335_269558_p_850
Curly-bark Wattle,Plants,Vulnerable,New South Wales,-33.64860286,146.385139,No management,889_2_1335_269559_p_850
a shrub,Plants,Endangered,New South Wales,-33.16202614,150.3893724,Unknown,995_250_1960_257144_p_9469
,Plants,Critically Endangered,New South Wales,-28.41963259,153.6112396,Actively managed,1279_202_2239_448309_p_9726
Southern Shepherd's Purse,Plants,Endangered,Victoria,-36.85791566,143.9087018,Unknown,958_2_1897_372707_p_9749
Southern Shepherd's Purse,Plants,Endangered,Victoria,-36.85791566,143.9087018,Unknown,958_2_1897_372735_p_9749
Southern Shepherd's Purse,Plants,Endangered,Victoria,-36.85791566,143.9087018,Unknown,958_2_1897_372855_p_9749
Southern Shepherd's Purse,Plants,Endangered,Victoria,-36.85791566,143.9087018,Unknown,958_2_1897_372863_p_9749
Southern Shepherd's Purse,Plants,Endangered,Victoria,-36.85791566,143.9087018,Unknown,958_2_1897_372864_p_9749
Southern Shepherd's Purse,Plants,Endangered,Victoria,-36.85791566,143.9087018,Unknown,958_2_1897_373070_p_9749
Southern Shepherd's Purse,Plants,Endangered,Victoria,-36.85791566,143.9087018,Unknown,958_2_1897_373200_p_9749
Southern Shepherd's Purse,Plants,Endangered,Victoria,-36.85791566,143.9087018,Unknown,958_2_1897_373243_p_9749
Southern Shepherd's Purse,Plants,Endangered,Victoria,-36.85791566,143.9087018,Unknown,958_2_1897_373275_p_9749
Southern Shepherd's Purse,Plants,Endangered,Victoria,-36.85791566,143.9087018,Unknown,958_2_1897_373342_p_9749
Southern Shepherd's Purse,Plants,Endangered,Victoria,-36.85791566,143.9087018,Unknown,958_2_1897_373510_p_9749
Cactus Dryandra,Plants,Critically Endangered,Western Australia,-34.23074081,119.1504387,Actively managed,900_2_1635_955272_p_9806
Cactus Dryandra,Plants,Critically Endangered,Western Australia,-34.23074081,119.1504387,Actively managed,900_2_1637_955271_p_9806
"Brown's Banksia, Feather-leaved Banksia",Plants,Critically Endangered,Western Australia,-34.15050767,116.6498318,Actively managed,900_2_1633_955273_p_9844
"Brown's Banksia, Feather-leaved Banksia",Plants,Critically Endangered,Western Australia,-34.23074081,119.1504387,Actively managed,900_2_1637_955274_p_9844
